#define lcd_thermometer_size        838
#define lcd_thermometer_small_size  246
#define lcd_humidity_size           476
#define lcd_humidity_small_size     176
#define lcd_schedule_size           4638
#define lcd_hbspo2_size             2822
#define lcd_weather_size            5928
#define lcd_settings_size           5758
#define lcd_game_size               1840
#define lcd_microsd_size            1968
#define lcd_01d_size                1268
#define lcd_01n_size                3042
#define lcd_02d_size                716
#define lcd_02n_size                1308
#define lcd_03dn_size               1320
#define lcd_04dn_size               914
#define lcd_09dn_size               1278
#define lcd_10d_size                2234
#define lcd_10n_size                1762
#define lcd_11dn_size               1160
#define lcd_wind_size               118
#define lcd_50d_size                1624
#define Font_Morgan_32x72_size      6840
#define Font_Morgan_16x36_size      3384
#define Font_11x18_size             1728
#define lcd_yenbai_size             2182
#define lcd_quangngai_size          2042
#define lcd_khanhhoa_size           3404
#define lcd_nghean_size             2368
#define lcd_longan_size             1800
#define lcd_hue_size                2060
#define lcd_hcmc_size               1786
#define lcd_hanoi_size              2264
#define lcd_haiphong_size           2906
#define lcd_camau_size              2916
#define lcd_dalat_size              2040
#define lcd_hagiang_size            2556
#define lcd_01d_small_size          982
#define lcd_01n_small_size          1474
#define lcd_02d_small_size          1004
#define lcd_02n_small_size          1000
#define lcd_03dn_small_size         380
#define lcd_04dn_small_size         968
#define lcd_09dn_small_size         966
#define lcd_10d_small_size          1842
#define lcd_10n_small_size          1160
#define lcd_11dn_small_size         1562
#define lcd_50dn_small_size         802

static const uint16_t Font11x18 [Font_11x18_size] = {
0x0000, 0x0000, 0x0000, 0x0000, 0x0000, 0x0000, 0x0000, 0x0000, 0x0000, 0x0000, 0x0000, 0x0000, 0x0000, 0x0000, 0x0000, 0x0000, 0x0000, 0x0000,   // sp
0x0000, 0x0C00, 0x0C00, 0x0C00, 0x0C00, 0x0C00, 0x0C00, 0x0C00, 0x0C00, 0x0C00, 0x0C00, 0x0C00, 0x0000, 0x0C00, 0x0C00, 0x0000, 0x0000, 0x0000,   // !
0x0000, 0x1B00, 0x1B00, 0x1B00, 0x1B00, 0x1B00, 0x0000, 0x0000, 0x0000, 0x0000, 0x0000, 0x0000, 0x0000, 0x0000, 0x0000, 0x0000, 0x0000, 0x0000,   // "
0x0000, 0x1980, 0x1980, 0x1980, 0x1980, 0x7FC0, 0x7FC0, 0x1980, 0x3300, 0x7FC0, 0x7FC0, 0x3300, 0x3300, 0x3300, 0x3300, 0x0000, 0x0000, 0x0000,   // #
0x0000, 0x1E00, 0x3F00, 0x7580, 0x6580, 0x7400, 0x3C00, 0x1E00, 0x0700, 0x0580, 0x6580, 0x6580, 0x7580, 0x3F00, 0x1E00, 0x0400, 0x0400, 0x0000,   // $
0x0000, 0x7000, 0xD800, 0xD840, 0xD8C0, 0xD980, 0x7300, 0x0600, 0x0C00, 0x1B80, 0x36C0, 0x66C0, 0x46C0, 0x06C0, 0x0380, 0x0000, 0x0000, 0x0000,   // %
0x0000, 0x1E00, 0x3F00, 0x3300, 0x3300, 0x3300, 0x1E00, 0x0C00, 0x3CC0, 0x66C0, 0x6380, 0x6180, 0x6380, 0x3EC0, 0x1C80, 0x0000, 0x0000, 0x0000,   // &
0x0000, 0x0C00, 0x0C00, 0x0C00, 0x0C00, 0x0C00, 0x0000, 0x0000, 0x0000, 0x0000, 0x0000, 0x0000, 0x0000, 0x0000, 0x0000, 0x0000, 0x0000, 0x0000,   // '
0x0080, 0x0100, 0x0300, 0x0600, 0x0600, 0x0400, 0x0C00, 0x0C00, 0x0C00, 0x0C00, 0x0C00, 0x0C00, 0x0400, 0x0600, 0x0600, 0x0300, 0x0100, 0x0080,   // (
0x2000, 0x1000, 0x1800, 0x0C00, 0x0C00, 0x0400, 0x0600, 0x0600, 0x0600, 0x0600, 0x0600, 0x0600, 0x0400, 0x0C00, 0x0C00, 0x1800, 0x1000, 0x2000,   // )
0x0000, 0x0C00, 0x2D00, 0x3F00, 0x1E00, 0x3300, 0x0000, 0x0000, 0x0000, 0x0000, 0x0000, 0x0000, 0x0000, 0x0000, 0x0000, 0x0000, 0x0000, 0x0000,   // *
0x0000, 0x0000, 0x0000, 0x0C00, 0x0C00, 0x0C00, 0x0C00, 0xFFC0, 0xFFC0, 0x0C00, 0x0C00, 0x0C00, 0x0C00, 0x0000, 0x0000, 0x0000, 0x0000, 0x0000,   // +
0x0000, 0x0000, 0x0000, 0x0000, 0x0000, 0x0000, 0x0000, 0x0000, 0x0000, 0x0000, 0x0000, 0x0000, 0x0000, 0x0C00, 0x0C00, 0x0400, 0x0400, 0x0800,   // ,
0x0000, 0x0000, 0x0000, 0x0000, 0x0000, 0x0000, 0x0000, 0x0000, 0x0000, 0x1E00, 0x1E00, 0x0000, 0x0000, 0x0000, 0x0000, 0x0000, 0x0000, 0x0000,   // -
0x0000, 0x0000, 0x0000, 0x0000, 0x0000, 0x0000, 0x0000, 0x0000, 0x0000, 0x0000, 0x0000, 0x0000, 0x0000, 0x0C00, 0x0C00, 0x0000, 0x0000, 0x0000,   // .
0x0000, 0x0300, 0x0300, 0x0300, 0x0600, 0x0600, 0x0600, 0x0600, 0x0C00, 0x0C00, 0x0C00, 0x0C00, 0x1800, 0x1800, 0x1800, 0x0000, 0x0000, 0x0000,   // /
0x0000, 0x1E00, 0x3F00, 0x3300, 0x6180, 0x6180, 0x6180, 0x6180, 0x6180, 0x6180, 0x6180, 0x6180, 0x3300, 0x3F00, 0x1E00, 0x0000, 0x0000, 0x0000,   // 0
0x0000, 0x0600, 0x0E00, 0x1E00, 0x3600, 0x2600, 0x0600, 0x0600, 0x0600, 0x0600, 0x0600, 0x0600, 0x0600, 0x0600, 0x0600, 0x0000, 0x0000, 0x0000,   // 1
0x0000, 0x1E00, 0x3F00, 0x7380, 0x6180, 0x6180, 0x0180, 0x0300, 0x0600, 0x0C00, 0x1800, 0x3000, 0x6000, 0x7F80, 0x7F80, 0x0000, 0x0000, 0x0000,   // 2
0x0000, 0x1C00, 0x3E00, 0x6300, 0x6300, 0x0300, 0x0E00, 0x0E00, 0x0300, 0x0180, 0x0180, 0x6180, 0x7380, 0x3F00, 0x1E00, 0x0000, 0x0000, 0x0000,   // 3
0x0000, 0x0600, 0x0E00, 0x0E00, 0x1E00, 0x1E00, 0x1600, 0x3600, 0x3600, 0x6600, 0x7F80, 0x7F80, 0x0600, 0x0600, 0x0600, 0x0000, 0x0000, 0x0000,   // 4
0x0000, 0x7F00, 0x7F00, 0x6000, 0x6000, 0x6000, 0x6E00, 0x7F00, 0x6380, 0x0180, 0x0180, 0x6180, 0x7380, 0x3F00, 0x1E00, 0x0000, 0x0000, 0x0000,   // 5
0x0000, 0x1E00, 0x3F00, 0x3380, 0x6180, 0x6000, 0x6E00, 0x7F00, 0x7380, 0x6180, 0x6180, 0x6180, 0x3380, 0x3F00, 0x1E00, 0x0000, 0x0000, 0x0000,   // 6
0x0000, 0x7F80, 0x7F80, 0x0180, 0x0300, 0x0300, 0x0600, 0x0600, 0x0C00, 0x0C00, 0x0C00, 0x0800, 0x1800, 0x1800, 0x1800, 0x0000, 0x0000, 0x0000,   // 7
0x0000, 0x1E00, 0x3F00, 0x6380, 0x6180, 0x6180, 0x2100, 0x1E00, 0x3F00, 0x6180, 0x6180, 0x6180, 0x6180, 0x3F00, 0x1E00, 0x0000, 0x0000, 0x0000,   // 8
0x0000, 0x1E00, 0x3F00, 0x7300, 0x6180, 0x6180, 0x6180, 0x7380, 0x3F80, 0x1D80, 0x0180, 0x6180, 0x7300, 0x3F00, 0x1E00, 0x0000, 0x0000, 0x0000,   // 9
0x0000, 0x0000, 0x0000, 0x0000, 0x0000, 0x0C00, 0x0C00, 0x0000, 0x0000, 0x0000, 0x0000, 0x0000, 0x0000, 0x0C00, 0x0C00, 0x0000, 0x0000, 0x0000,   // :
0x0000, 0x0000, 0x0000, 0x0000, 0x0000, 0x0000, 0x0C00, 0x0C00, 0x0000, 0x0000, 0x0000, 0x0000, 0x0000, 0x0C00, 0x0C00, 0x0400, 0x0400, 0x0800,   // ;
0x0000, 0x0000, 0x0000, 0x0000, 0x0080, 0x0380, 0x0E00, 0x3800, 0x6000, 0x3800, 0x0E00, 0x0380, 0x0080, 0x0000, 0x0000, 0x0000, 0x0000, 0x0000,   // <
0x0000, 0x0000, 0x0000, 0x0000, 0x0000, 0x7F80, 0x7F80, 0x0000, 0x0000, 0x7F80, 0x7F80, 0x0000, 0x0000, 0x0000, 0x0000, 0x0000, 0x0000, 0x0000,   // =
0x0000, 0x0000, 0x0000, 0x0000, 0x4000, 0x7000, 0x1C00, 0x0700, 0x0180, 0x0700, 0x1C00, 0x7000, 0x4000, 0x0000, 0x0000, 0x0000, 0x0000, 0x0000,   // >
0x0000, 0x1F00, 0x3F80, 0x71C0, 0x60C0, 0x00C0, 0x01C0, 0x0380, 0x0700, 0x0E00, 0x0C00, 0x0C00, 0x0000, 0x0C00, 0x0C00, 0x0000, 0x0000, 0x0000,   // ?
0x0000, 0x1E00, 0x3F00, 0x3180, 0x7180, 0x6380, 0x6F80, 0x6D80, 0x6D80, 0x6F80, 0x6780, 0x6000, 0x3200, 0x3E00, 0x1C00, 0x0000, 0x0000, 0x0000,   // @
0x0000, 0x0E00, 0x0E00, 0x1B00, 0x1B00, 0x1B00, 0x1B00, 0x3180, 0x3180, 0x3F80, 0x3F80, 0x3180, 0x60C0, 0x60C0, 0x60C0, 0x0000, 0x0000, 0x0000,   // A
0x0000, 0x7C00, 0x7E00, 0x6300, 0x6300, 0x6300, 0x6300, 0x7E00, 0x7E00, 0x6300, 0x6180, 0x6180, 0x6380, 0x7F00, 0x7E00, 0x0000, 0x0000, 0x0000,   // B
0x0000, 0x1E00, 0x3F00, 0x3180, 0x6180, 0x6000, 0x6000, 0x6000, 0x6000, 0x6000, 0x6000, 0x6180, 0x3180, 0x3F00, 0x1E00, 0x0000, 0x0000, 0x0000,   // C
0x0000, 0x7C00, 0x7F00, 0x6300, 0x6380, 0x6180, 0x6180, 0x6180, 0x6180, 0x6180, 0x6180, 0x6300, 0x6300, 0x7E00, 0x7C00, 0x0000, 0x0000, 0x0000,   // D
0x0000, 0x7F80, 0x7F80, 0x6000, 0x6000, 0x6000, 0x6000, 0x7F00, 0x7F00, 0x6000, 0x6000, 0x6000, 0x6000, 0x7F80, 0x7F80, 0x0000, 0x0000, 0x0000,   // E
0x0000, 0x7F80, 0x7F80, 0x6000, 0x6000, 0x6000, 0x6000, 0x7F00, 0x7F00, 0x6000, 0x6000, 0x6000, 0x6000, 0x6000, 0x6000, 0x0000, 0x0000, 0x0000,   // F
0x0000, 0x1E00, 0x3F00, 0x3180, 0x6180, 0x6000, 0x6000, 0x6000, 0x6380, 0x6380, 0x6180, 0x6180, 0x3180, 0x3F80, 0x1E00, 0x0000, 0x0000, 0x0000,   // G
0x0000, 0x6180, 0x6180, 0x6180, 0x6180, 0x6180, 0x6180, 0x7F80, 0x7F80, 0x6180, 0x6180, 0x6180, 0x6180, 0x6180, 0x6180, 0x0000, 0x0000, 0x0000,   // H
0x0000, 0x3F00, 0x3F00, 0x0C00, 0x0C00, 0x0C00, 0x0C00, 0x0C00, 0x0C00, 0x0C00, 0x0C00, 0x0C00, 0x0C00, 0x3F00, 0x3F00, 0x0000, 0x0000, 0x0000,   // I
0x0000, 0x0180, 0x0180, 0x0180, 0x0180, 0x0180, 0x0180, 0x0180, 0x0180, 0x0180, 0x6180, 0x6180, 0x7380, 0x3F00, 0x1E00, 0x0000, 0x0000, 0x0000,   // J
0x0000, 0x60C0, 0x6180, 0x6300, 0x6600, 0x6600, 0x6C00, 0x7800, 0x7C00, 0x6600, 0x6600, 0x6300, 0x6180, 0x6180, 0x60C0, 0x0000, 0x0000, 0x0000,   // K
0x0000, 0x6000, 0x6000, 0x6000, 0x6000, 0x6000, 0x6000, 0x6000, 0x6000, 0x6000, 0x6000, 0x6000, 0x6000, 0x7F80, 0x7F80, 0x0000, 0x0000, 0x0000,   // L
0x0000, 0x71C0, 0x71C0, 0x7BC0, 0x7AC0, 0x6AC0, 0x6AC0, 0x6EC0, 0x64C0, 0x60C0, 0x60C0, 0x60C0, 0x60C0, 0x60C0, 0x60C0, 0x0000, 0x0000, 0x0000,   // M
0x0000, 0x7180, 0x7180, 0x7980, 0x7980, 0x7980, 0x6D80, 0x6D80, 0x6D80, 0x6580, 0x6780, 0x6780, 0x6780, 0x6380, 0x6380, 0x0000, 0x0000, 0x0000,   // N
0x0000, 0x1E00, 0x3F00, 0x3300, 0x6180, 0x6180, 0x6180, 0x6180, 0x6180, 0x6180, 0x6180, 0x6180, 0x3300, 0x3F00, 0x1E00, 0x0000, 0x0000, 0x0000,   // O
0x0000, 0x7E00, 0x7F00, 0x6380, 0x6180, 0x6180, 0x6180, 0x6380, 0x7F00, 0x7E00, 0x6000, 0x6000, 0x6000, 0x6000, 0x6000, 0x0000, 0x0000, 0x0000,   // P
0x0000, 0x1E00, 0x3F00, 0x3300, 0x6180, 0x6180, 0x6180, 0x6180, 0x6180, 0x6180, 0x6580, 0x6780, 0x3300, 0x3F80, 0x1E40, 0x0000, 0x0000, 0x0000,   // Q
0x0000, 0x7E00, 0x7F00, 0x6380, 0x6180, 0x6180, 0x6380, 0x7F00, 0x7E00, 0x6600, 0x6300, 0x6300, 0x6180, 0x6180, 0x60C0, 0x0000, 0x0000, 0x0000,   // R
0x0000, 0x0E00, 0x1F00, 0x3180, 0x3180, 0x3000, 0x3800, 0x1E00, 0x0700, 0x0380, 0x6180, 0x6180, 0x3180, 0x3F00, 0x1E00, 0x0000, 0x0000, 0x0000,   // S
0x0000, 0xFFC0, 0xFFC0, 0x0C00, 0x0C00, 0x0C00, 0x0C00, 0x0C00, 0x0C00, 0x0C00, 0x0C00, 0x0C00, 0x0C00, 0x0C00, 0x0C00, 0x0000, 0x0000, 0x0000,   // T
0x0000, 0x6180, 0x6180, 0x6180, 0x6180, 0x6180, 0x6180, 0x6180, 0x6180, 0x6180, 0x6180, 0x6180, 0x7380, 0x3F00, 0x1E00, 0x0000, 0x0000, 0x0000,   // U
0x0000, 0x60C0, 0x60C0, 0x60C0, 0x3180, 0x3180, 0x3180, 0x1B00, 0x1B00, 0x1B00, 0x1B00, 0x0E00, 0x0E00, 0x0E00, 0x0400, 0x0000, 0x0000, 0x0000,   // V
0x0000, 0xC0C0, 0xC0C0, 0xC0C0, 0xC0C0, 0xC0C0, 0xCCC0, 0x4C80, 0x4C80, 0x5E80, 0x5280, 0x5280, 0x7380, 0x6180, 0x6180, 0x0000, 0x0000, 0x0000,   // W
0x0000, 0xC0C0, 0x6080, 0x6180, 0x3300, 0x3B00, 0x1E00, 0x0C00, 0x0C00, 0x1E00, 0x1F00, 0x3B00, 0x7180, 0x6180, 0xC0C0, 0x0000, 0x0000, 0x0000,   // X
0x0000, 0xC0C0, 0x6180, 0x6180, 0x3300, 0x3300, 0x1E00, 0x1E00, 0x0C00, 0x0C00, 0x0C00, 0x0C00, 0x0C00, 0x0C00, 0x0C00, 0x0000, 0x0000, 0x0000,   // Y
0x0000, 0x3F80, 0x3F80, 0x0180, 0x0300, 0x0300, 0x0600, 0x0C00, 0x0C00, 0x1800, 0x1800, 0x3000, 0x6000, 0x7F80, 0x7F80, 0x0000, 0x0000, 0x0000,   // Z
0x0F00, 0x0F00, 0x0C00, 0x0C00, 0x0C00, 0x0C00, 0x0C00, 0x0C00, 0x0C00, 0x0C00, 0x0C00, 0x0C00, 0x0C00, 0x0C00, 0x0C00, 0x0C00, 0x0F00, 0x0F00,   // [
0x0000, 0x1800, 0x1800, 0x1800, 0x0C00, 0x0C00, 0x0C00, 0x0C00, 0x0600, 0x0600, 0x0600, 0x0600, 0x0300, 0x0300, 0x0300, 0x0000, 0x0000, 0x0000,   /* \ */
0x1E00, 0x1E00, 0x0600, 0x0600, 0x0600, 0x0600, 0x0600, 0x0600, 0x0600, 0x0600, 0x0600, 0x0600, 0x0600, 0x0600, 0x0600, 0x0600, 0x1E00, 0x1E00,   // ]
0x0000, 0x0C00, 0x0C00, 0x1E00, 0x1200, 0x3300, 0x3300, 0x6180, 0x6180, 0x0000, 0x0000, 0x0000, 0x0000, 0x0000, 0x0000, 0x0000, 0x0000, 0x0000,   // ^
0x0000, 0x0000, 0x0000, 0x0000, 0x0000, 0x0000, 0x0000, 0x0000, 0x0000, 0x0000, 0x0000, 0x0000, 0x0000, 0x0000, 0x0000, 0x0000, 0xFFE0, 0x0000,   // _
0x0000, 0x3800, 0x1800, 0x0C00, 0x0000, 0x0000, 0x0000, 0x0000, 0x0000, 0x0000, 0x0000, 0x0000, 0x0000, 0x0000, 0x0000, 0x0000, 0x0000, 0x0000,   // `
0x0000, 0x0000, 0x0000, 0x0000, 0x0000, 0x1F00, 0x3F80, 0x6180, 0x0180, 0x1F80, 0x3F80, 0x6180, 0x6380, 0x7F80, 0x38C0, 0x0000, 0x0000, 0x0000,   // a
0x0000, 0x6000, 0x6000, 0x6000, 0x6000, 0x6E00, 0x7F00, 0x7380, 0x6180, 0x6180, 0x6180, 0x6180, 0x7380, 0x7F00, 0x6E00, 0x0000, 0x0000, 0x0000,   // b
0x0000, 0x0000, 0x0000, 0x0000, 0x0000, 0x1E00, 0x3F00, 0x7380, 0x6180, 0x6000, 0x6000, 0x6180, 0x7380, 0x3F00, 0x1E00, 0x0000, 0x0000, 0x0000,   // c
0x0000, 0x0180, 0x0180, 0x0180, 0x0180, 0x1D80, 0x3F80, 0x7380, 0x6180, 0x6180, 0x6180, 0x6180, 0x7380, 0x3F80, 0x1D80, 0x0000, 0x0000, 0x0000,   // d
0x0000, 0x0000, 0x0000, 0x0000, 0x0000, 0x1E00, 0x3F00, 0x7300, 0x6180, 0x7F80, 0x7F80, 0x6000, 0x7180, 0x3F00, 0x1E00, 0x0000, 0x0000, 0x0000,   // e
0x0000, 0x07C0, 0x0FC0, 0x0C00, 0x0C00, 0x7F80, 0x7F80, 0x0C00, 0x0C00, 0x0C00, 0x0C00, 0x0C00, 0x0C00, 0x0C00, 0x0C00, 0x0000, 0x0000, 0x0000,   // f
0x0000, 0x0000, 0x0000, 0x0000, 0x1D80, 0x3F80, 0x7380, 0x6180, 0x6180, 0x6180, 0x6180, 0x7380, 0x3F80, 0x1D80, 0x0180, 0x6380, 0x7F00, 0x3E00,   // g
0x0000, 0x6000, 0x6000, 0x6000, 0x6000, 0x6F00, 0x7F80, 0x7180, 0x6180, 0x6180, 0x6180, 0x6180, 0x6180, 0x6180, 0x6180, 0x0000, 0x0000, 0x0000,   // h
0x0000, 0x0600, 0x0600, 0x0000, 0x0000, 0x3E00, 0x3E00, 0x0600, 0x0600, 0x0600, 0x0600, 0x0600, 0x0600, 0x0600, 0x0600, 0x0000, 0x0000, 0x0000,   // i
0x0600, 0x0600, 0x0000, 0x0000, 0x3E00, 0x3E00, 0x0600, 0x0600, 0x0600, 0x0600, 0x0600, 0x0600, 0x0600, 0x0600, 0x0600, 0x4600, 0x7E00, 0x3C00,   // j
0x0000, 0x6000, 0x6000, 0x6000, 0x6000, 0x6180, 0x6300, 0x6600, 0x6C00, 0x7C00, 0x7600, 0x6300, 0x6300, 0x6180, 0x60C0, 0x0000, 0x0000, 0x0000,   // k
0x0000, 0x3E00, 0x3E00, 0x0600, 0x0600, 0x0600, 0x0600, 0x0600, 0x0600, 0x0600, 0x0600, 0x0600, 0x0600, 0x0600, 0x0600, 0x0000, 0x0000, 0x0000,   // l
0x0000, 0x0000, 0x0000, 0x0000, 0x0000, 0xDD80, 0xFFC0, 0xCEC0, 0xCCC0, 0xCCC0, 0xCCC0, 0xCCC0, 0xCCC0, 0xCCC0, 0xCCC0, 0x0000, 0x0000, 0x0000,   // m
0x0000, 0x0000, 0x0000, 0x0000, 0x0000, 0x6F00, 0x7F80, 0x7180, 0x6180, 0x6180, 0x6180, 0x6180, 0x6180, 0x6180, 0x6180, 0x0000, 0x0000, 0x0000,   // n
0x0000, 0x0000, 0x0000, 0x0000, 0x0000, 0x1E00, 0x3F00, 0x7380, 0x6180, 0x6180, 0x6180, 0x6180, 0x7380, 0x3F00, 0x1E00, 0x0000, 0x0000, 0x0000,   // o
0x0000, 0x0000, 0x0000, 0x0000, 0x6E00, 0x7F00, 0x7380, 0x6180, 0x6180, 0x6180, 0x6180, 0x7380, 0x7F00, 0x6E00, 0x6000, 0x6000, 0x6000, 0x6000,   // p
0x0000, 0x0000, 0x0000, 0x0000, 0x1D80, 0x3F80, 0x7380, 0x6180, 0x6180, 0x6180, 0x6180, 0x7380, 0x3F80, 0x1D80, 0x0180, 0x0180, 0x0180, 0x0180,   // q
0x0000, 0x0000, 0x0000, 0x0000, 0x0000, 0x6700, 0x3F80, 0x3900, 0x3000, 0x3000, 0x3000, 0x3000, 0x3000, 0x3000, 0x3000, 0x0000, 0x0000, 0x0000,   // r
0x0000, 0x0000, 0x0000, 0x0000, 0x0000, 0x1E00, 0x3F80, 0x6180, 0x6000, 0x7F00, 0x3F80, 0x0180, 0x6180, 0x7F00, 0x1E00, 0x0000, 0x0000, 0x0000,   // s
0x0000, 0x0000, 0x0800, 0x1800, 0x1800, 0x7F00, 0x7F00, 0x1800, 0x1800, 0x1800, 0x1800, 0x1800, 0x1800, 0x1F80, 0x0F80, 0x0000, 0x0000, 0x0000,   // t
0x0000, 0x0000, 0x0000, 0x0000, 0x0000, 0x6180, 0x6180, 0x6180, 0x6180, 0x6180, 0x6180, 0x6180, 0x6380, 0x7F80, 0x3D80, 0x0000, 0x0000, 0x0000,   // u
0x0000, 0x0000, 0x0000, 0x0000, 0x0000, 0x60C0, 0x3180, 0x3180, 0x3180, 0x1B00, 0x1B00, 0x1B00, 0x0E00, 0x0E00, 0x0600, 0x0000, 0x0000, 0x0000,   // v
0x0000, 0x0000, 0x0000, 0x0000, 0x0000, 0xDD80, 0xDD80, 0xDD80, 0x5500, 0x5500, 0x5500, 0x7700, 0x7700, 0x2200, 0x2200, 0x0000, 0x0000, 0x0000,   // w
0x0000, 0x0000, 0x0000, 0x0000, 0x0000, 0x6180, 0x3300, 0x3300, 0x1E00, 0x0C00, 0x0C00, 0x1E00, 0x3300, 0x3300, 0x6180, 0x0000, 0x0000, 0x0000,   // x
0x0000, 0x0000, 0x0000, 0x0000, 0x6180, 0x6180, 0x3180, 0x3300, 0x3300, 0x1B00, 0x1B00, 0x1B00, 0x0E00, 0x0E00, 0x0E00, 0x1C00, 0x7C00, 0x7000,   // y
0x0000, 0x0000, 0x0000, 0x0000, 0x0000, 0x7FC0, 0x7FC0, 0x0180, 0x0300, 0x0600, 0x0C00, 0x1800, 0x3000, 0x7FC0, 0x7FC0, 0x0000, 0x0000, 0x0000,   // z
0x0380, 0x0780, 0x0600, 0x0600, 0x0600, 0x0600, 0x0600, 0x0E00, 0x1C00, 0x1C00, 0x0E00, 0x0600, 0x0600, 0x0600, 0x0600, 0x0600, 0x0780, 0x0380,   // {
0x0600, 0x0600, 0x0600, 0x0600, 0x0600, 0x0600, 0x0600, 0x0600, 0x0600, 0x0600, 0x0600, 0x0600, 0x0600, 0x0600, 0x0600, 0x0600, 0x0600, 0x0600,   // |
0x3800, 0x3C00, 0x0C00, 0x0C00, 0x0C00, 0x0C00, 0x0C00, 0x0E00, 0x0700, 0x0700, 0x0E00, 0x0C00, 0x0C00, 0x0C00, 0x0C00, 0x0C00, 0x3C00, 0x3800,   // }
0x0000, 0x0000, 0x0000, 0x0000, 0x0000, 0x0000, 0x0000, 0x3880, 0x7F80, 0x4700, 0x0000, 0x0000, 0x0000, 0x0000, 0x0000, 0x0000, 0x0000, 0x0000,   // ~
0x0000, 0x7000, 0xD800, 0xD800, 0xD800, 0xD800, 0x7000, 0x0000, 0x0000, 0x0000, 0x0000, 0x0000, 0x0000, 0x0000, 0x0000, 0x0000, 0x0000, 0x0000,   // °
};

static const uint16_t lcd_50dn_small[802] = { 
0x0000, 0XDC, 0xfda7, 0X2, 0xfda8, 0X6, 0x0000, 0X36, 0xfda9, 0X1, 0xfda8, 0X1, 0xfda7, 0X1, 0xfda8, 0X8, 0xfd4a, 0X1, 0x0000, 0X33, 0xfda9, 0X1, 0xfda8, 0XB, 0xfda7, 0X1, 0xfd4a, 0X1, 0x0000, 0X32, 0xfda8, 0XE, 0x0000, 0X31, 0xfda7, 0X2, 0xfda8, 0XD, 0xfdc8, 0X1, 0x0000, 0X30, 0xfda7, 0X1, 0xfda8, 0XB, 0xf62e, 0X1, 0xef3a, 0X1, 0xef5d, 0XD, 0xef5c, 0X1, 
0x0000, 0X1A, 0xef5c, 0X1, 0xef5d, 0XB, 0xef3a, 0X1, 0xf62e, 0X1, 0xfda8, 0X8, 0xef3a, 0X1, 0xef5d, 0XF, 0x0000, 0X1A, 0xef5d, 0XD, 0xef3a, 0X1, 0xfda8, 0X8, 0xef3a, 0X1, 0xef5d, 0XF, 0x0000, 0X1A, 0xef5d, 0XD, 0xef3a, 0X1, 0xfda8, 0X8, 0xf62e, 0X1, 0xef3a, 0X1, 0xef5d, 0XE, 0x0000, 0X1A, 0xef5c, 0X1, 0xef5d, 0XB, 0xef3a, 0X1, 0xf62e, 0X1, 0xfda8, 0X4, 
0xf62e, 0X1, 0xef3a, 0X1, 0xef5d, 0XA, 0xef5c, 0X1, 0x0000, 0X2B, 0xfda8, 0X8, 0xef3a, 0X1, 0xef5d, 0XC, 0x0000, 0X2B, 0xfda8, 0X8, 0xef3a, 0X1, 0xef5d, 0XC, 0x0000, 0X2C, 0xfda8, 0X7, 0xf62e, 0X1, 0xef3a, 0X1, 0xef5d, 0XB, 0x0000, 0X2C, 0xfd4a, 0X1, 0xfda8, 0XC, 0xfe66, 0X1, 0x0000, 0X33, 0xfd4a, 0X1, 0xfda8, 0X9, 0xfda7, 0X1, 0xfe66, 0X1, 0x0000, 0X36, 0xfdc8, 0X1, 0xfda8, 0X5, 0xfda7, 0X1, 0xfda8, 0X1, 0x0000, 0XE, 0xef5c, 0X1, 0xef5d, 0X8, 0xef5c, 0X1, 0x0000, 0X12, 0x0486, 0X1, 0x04a6, 0X1, 0x0000, 0X22, 0xef5d, 0XA, 0x0000, 
0X12, 0x04a6, 0X2, 0x0000, 0X22, 0xef5d, 0XA, 0x0000, 0X12, 0x04a6, 0X2, 0x0000, 0X1F, 0xef5c, 0X1, 0xef5d, 0XC, 0x0000, 0X11, 0x04a6, 0X3, 0x04c6, 0X1, 0x0000, 0X1E, 0xef5d, 0XA, 0x0000, 0X14, 0x04a6, 0X4, 0x0000, 0X1E, 0xef5d, 0XA, 0x0000, 0X14, 0x04a6, 0X4, 0x0000, 0X12, 0x04e8, 0X1, 0x04a6, 0X6, 0x0484, 0X1, 0x0000, 0X4, 0xef5c, 0X1, 0xef5d, 0X9, 0x0000, 0X13, 0x0484, 0X1, 0x04a6, 0X4, 0x04e8, 0X1, 0x0000, 0X10, 0x04a6, 0X9, 0x0485, 0X1, 0x0000, 0X1C, 0xe73c, 0X1, 0xef5d, 0X11, 0xef7c, 0X1, 0x0000, 0X6, 0x04e8, 0X1, 
0x04a6, 0XA, 0x0484, 0X1, 0x0000, 0X1B, 0xef5d, 0X13, 0x0000, 0X6, 0x04a6, 0XC, 0x0000, 0X1B, 0xef5d, 0X13, 0x0000, 0X6, 0x04a6, 0XC, 0x0000, 0X1B, 0xef5d, 0X13, 0x0000, 0X6, 0x04a6, 0XC, 0x0000, 0X17, 0xef5c, 0X1, 0xef5d, 0X15, 0xef7c, 0X1, 0x0000, 0X6, 0x04a6, 0XC, 0x0000, 0X6, 0x0404, 0X1, 0x03e5, 0X6, 0x0364, 0X1, 0x0000, 0X9, 0xef5d, 0XE, 0xd71a, 0X1, 0x0000, 0XE, 0x04a6, 0XC, 0x0000, 0X5, 0x03c5, 0X1, 0x03e5, 0X8, 0x0405, 0X1, 0x0000, 0X8, 0xef5d, 0XE, 0xcf1a, 0X1, 0x04a6, 0X1, 0x0000, 0XD, 0x04a6, 0XC, 0x0000, 0X4, 
0x0404, 0X1, 0x03e5, 0XA, 0x0364, 0X1, 0x0000, 0X7, 0xef5c, 0X1, 0xef5d, 0XC, 0xcf1a, 0X1, 0x456c, 0X1, 0x04a6, 0X1, 0x0000, 0XD, 0x04a6, 0XC, 0x0000, 0X4, 0x03e5, 0XC, 0x0000, 0XD, 0x04a6, 0XA, 0x0000, 0X7, 0xef5c, 0X1, 0xef5d, 0X17, 0xd6fa, 0X1, 0x44ec, 0X1, 0x03e5, 0X8, 0x0000, 0XC, 0x04a5, 0X1, 0x04a6, 0XA, 0x04e7, 0X1, 0x0000, 0X6, 0xef5d, 0X19, 0xcefa, 0X1, 0x03e5, 0X8, 0x0000, 0XC, 0x04a6, 0XB, 0x0486, 0X1, 0x0000, 0X6, 0xef5d, 0X19, 0xcefa, 0X1, 0x03e5, 0X8, 0x0000, 0XC, 0x04a6, 0XC, 0x0000, 0X6, 0xef5c, 0X1, 0xef5d, 
0X17, 0xcefa, 0X1, 0x44ec, 0X1, 0x03e5, 0X8, 0x0000, 0XB, 0x054a, 0X1, 0x04a6, 0X9, 0x456c, 0X1, 0xd71a, 0X1, 0xef5d, 0X16, 0xd71a, 0X1, 0x456c, 0X1, 0x04a6, 0X1, 0x0000, 0X4, 0x03e5, 0XC, 0x0000, 0XB, 0x04a6, 0XA, 0xd71a, 0X1, 0xef5d, 0X18, 0xcf1a, 0X1, 0x04a6, 0X1, 0x0000, 0X4, 0x03e5, 0XC, 0x0000, 0XB, 0x04a6, 0XA, 0xd71a, 0X1, 0xef5d, 0X18, 0xcf1a, 0X1, 0x04a6, 0X1, 0x0000, 0X4, 0x03e5, 0XC, 0x0000, 0XB, 0x04a6, 0XA, 0x456c, 0X1, 0xd71a, 0X1, 0xef5d, 0X16, 0xcf1a, 0X1, 0x456c, 0X1, 0x04a6, 0X1, 0x0000, 0X4, 0x03e5, 0XC, 
0x0000, 0XD, 0x1ce8, 0X1, 0x7e12, 0X1, 0xd71a, 0X1, 0xef5d, 0X16, 0xd71a, 0X1, 0x7e12, 0X1, 0x0ca6, 0X1, 0x04a6, 0X7, 0x0000, 0X4, 0x03e5, 0XC, 0x0000, 0XD, 0x9654, 0X1, 0xef5d, 0X1A, 0x7e12, 0X1, 0x04a6, 0X7, 0x0000, 0X4, 0x03e5, 0XC, 0x0000, 0XC, 0x04a6, 0X1, 0xd71a, 0X1, 0xef5d, 0X1A, 0xd71a, 0X1, 0x04a6, 0X7, 0x0000, 0X4, 0x03e5, 0XC, 0x0000, 0XC, 0x04a6, 0X1, 0xd71b, 0X1, 0xef5d, 0X1A, 0xd71b, 0X1, 0x04a6, 0X7, 0x0000, 0X4, 0x03e5, 0XC, 0x0000, 0X6, 0xe73c, 0X1, 0xef5d, 0X32, 0xd6fa, 0X1, 0x44ec, 0X1, 0x03e5, 0X5, 0x0000, 
0X6, 0xef5d, 0X34, 0xcefa, 0X1, 0x03e5, 0X5, 0x0000, 0X6, 0xef5d, 0X16, 0x0000, 0X7, 0xef5d, 0X17, 0xcefa, 0X1, 0x03e5, 0X5, 0x0000, 0X6, 0xef5d, 0X16, 0x0000, 0X7, 0xef5c, 0X1, 0xd71a, 0X1, 0xef5d, 0X14, 0xcefa, 0X1, 0x44ec, 0X1, 0x03e5, 0X5, 0x0000, 0X6, 0xe73c, 0X1, 0xef5d, 0X12, 0xe75c, 0X1, 0xef5c, 0X1, 0xef7c, 0X1, 0x0000, 0X8, 0x04a6, 0XC, 0x0000, 0X4, 0x03e5, 0XC, 0x0000, 0X9, 0x04a6, 0X12, 0x0000, 0X9, 0x04a6, 0XC, 0x0000, 0X4, 0x03e5, 0XC, 0x0000, 0X8, 0x07e0, 0X1, 0x04a6, 0X12, 0x0400, 0X1, 0x0000, 0X8, 0x0484, 0X1, 
0x04a6, 0XA, 0x0545, 0X1, 0x0000, 0X4, 0x0364, 0X1, 0x03e5, 0XA, 0x0405, 0X1, 0x0000, 0X8, 0x04a6, 0X14, 0x0000, 0X9, 0x0485, 0X1, 0x04a6, 0X8, 0x04a5, 0X1, 0x0000, 0X6, 0x0405, 0X1, 0x03e5, 0X8, 0x03c4, 0X1, 0x0000, 0X9, 0x04a6, 0X14, 0x0000, 0XA, 0x0484, 0X1, 0x04a6, 0X2, 0x0486, 0X2, 0x04a6, 0X2, 0x0545, 0X1, 0x0000, 0X8, 0x0364, 0X1, 0x03e5, 0X2, 0x03c5, 0X2, 0x03e5, 0X2, 0x0405, 0X1, 0x0000, 0X14, 0x5a24, 0X2, 0x0000, 0X15, 0x5a24, 0X2, 0x0000, 0XE, 0x5a24, 0X2, 0x0000, 0X17, 0x5a24, 0X2, 0x0000, 0X15, 0x5a24, 0X2, 0x0000, 0XE, 0x5a24, 0X2, 0x0000, 0X17, 0x5a24, 0X2, 0x0000, 0X15, 0x5a24, 0X2, 0x0000, 0XE, 0x5a24, 0X2, 0x0000, 0X17, 0x5a24, 0X2, 0x0000, 0X15, 0x5a24, 0X2, 0x0000, 0XE, 0x5a24, 0X2, 0x0000, 0X17, 0x5a24, 0X2, 0x0000, 0X15, 0x5a24, 0X2, 0x0000, 0XE, 0x5a24, 0X2, 0x0000, 0XA, 0x03e5, 0X3C, 0x0000, 0X4, 0x03e5, 0X3C, 0x0000, 0X82
};

static const uint16_t lcd_11dn_small[1562] = { 
0x0000, 0X29, 0xa4d3, 0X1, 0x9cf3, 0X3, 0x9492, 0X1, 0x8410, 0X2, 0x8430, 0X1, 0x8410, 0X2, 0x0000, 0X34, 0xa4d3, 0X1, 0x9cf3, 0X7, 0x8c71, 0X1, 0x840f, 0X2, 0x8410, 0X2, 0x0000, 0X32, 0xa4f3, 0X1, 0x9cf3, 0X9, 0x94b2, 0X1, 0x8410, 0X1, 0x840f, 0X2, 0x8410, 0X1, 0x948d, 0X1, 0x0000, 0X2F, 
0x9cf3, 0XC, 0x9cb2, 0X1, 0x8410, 0X1, 0x840f, 0X2, 0x8410, 0X1, 0xad4a, 0X1, 0x0000, 0X2D, 0x9cf3, 0XE, 0x9cb2, 0X1, 0x8410, 0X1, 0x840f, 0X2, 0x8410, 0X1, 0x0000, 0X26, 0x9cd3, 0X1, 0xa4f3, 0X1, 0x9cf3, 0X14, 0x9492, 0X1, 0x840f, 0X2, 0x8410, 0X2, 0x0000, 0X23, 0xad55, 0X1, 0x9cf3, 0X18, 0x8c51, 0X1, 0x840f, 0X2, 0x8410, 0X1, 0x0000, 0X1A, 0x842f, 0X1, 0x840f, 0X1, 0x8410, 0X1, 0x840f, 0X1, 0x8410, 0X1, 0x840f, 0X1, 0x8410, 0X2, 
0x8430, 0X1, 0x9cf3, 0X19, 0x9cd3, 0X1, 0x8410, 0X1, 0x840f, 0X1, 0x7bef, 0X1, 0x738e, 0X1, 0x73ae, 0X1, 0x840f, 0X1, 0xad4a, 0X1, 0x0000, 0X14, 0x8c4e, 0X1, 0x840f, 0XA, 0x8430, 0X1, 0x9cb2, 0X1, 0x9cf3, 0X18, 0x8c71, 0X1, 0x840f, 0X1, 0x7bef, 0X1, 0x6b6d, 0X1, 0x738e, 0X1, 0x840f, 0X1, 0x8410, 0X2, 0x0000, 0X12, 0x8410, 0X1, 0x840f, 0XD, 0x9471, 0X1, 0x9cf3, 0X17, 0x9cb2, 0X1, 0x840f, 0X1, 0x7bef, 0X1, 0x6b6d, 0X1, 0x738e, 0X1, 
0x840f, 0X2, 0x8410, 0X2, 0x0000, 0X10, 0x840f, 0X10, 0x8c71, 0X1, 0x9cf3, 0X17, 0x8430, 0X1, 0x7bcf, 0X1, 0x6b6d, 0X1, 0x73ae, 0X1, 0x840f, 0X3, 0x83ef, 0X1, 0x8410, 0X1, 0x0000, 0XE, 0x8410, 0X2, 0x840f, 0X10, 0x9492, 0X1, 0x9cf3, 0X16, 0x8c51, 0X1, 0x7bce, 0X1, 0x6b6d, 0X1, 0x7bcf, 0X1, 0x840f, 0X4, 0x8410, 0X2, 0x0000, 0XD, 0x8410, 0X1, 0x840f, 0X11, 0x8410, 0X1, 0x9cd3, 0X1, 0x9cf3, 0X15, 0x9491, 0X1, 0x840f, 0X1, 0x7bef, 0X1, 
0x840f, 0X6, 0x8410, 0X1, 0x0000, 0XC, 0x842f, 0X1, 0x8410, 0X1, 0x840f, 0X12, 0x9471, 0X1, 0x9cb2, 0X1, 0x9491, 0X1, 0x8c71, 0X1, 0x9492, 0X1, 0x9cf3, 0X11, 0x9492, 0X1, 0x840f, 0X8, 0x8410, 0X1, 0x0000, 0XC, 0x8410, 0X1, 0x840f, 0X13, 0x83ef, 0X1, 0x738e, 0X1, 0x6b6d, 0X3, 0x738e, 0X1, 0x8430, 0X1, 0x9cf3, 0XF, 0x94b2, 0X1, 0x840f, 0X9, 0x0000, 0XC, 0x738e, 0X2, 0x73ae, 0X1, 0x7bcf, 0X1, 0x83ef, 0X1, 0x840f, 0X10, 0x7bcf, 0X1, 
0x6b6d, 0X5, 0x7bae, 0X1, 0x9cd3, 0X1, 0x9cf3, 0XD, 0x9492, 0X1, 0x840f, 0X8, 0x8410, 0X1, 0x0000, 0XC, 0x738e, 0X1, 0x6b6d, 0X3, 0x738d, 0X1, 0x83ef, 0X1, 0x840f, 0X10, 0x738e, 0X1, 0x6b6d, 0X5, 0x7bcf, 0X1, 0x9cf3, 0XD, 0x9471, 0X1, 0x840f, 0X9, 0x0000, 0X6, 0x8410, 0X1, 0x840f, 0X1, 0x8410, 0X2, 0x840f, 0X2, 0x83ef, 0X1, 0x7bef, 0X1, 0x7bae, 0X1, 0x738e, 0X2, 0x83ef, 0X1, 0x840f, 0X10, 0x7bcf, 0X1, 0x6b6d, 0X6, 0x8c51, 0X1, 
0x9cf3, 0XC, 0x8c51, 0X1, 0x840f, 0X2, 0x7bef, 0X2, 0x840f, 0X4, 0x8410, 0X1, 0x0000, 0X4, 0x842f, 0X1, 0x840f, 0X1, 0x8410, 0X1, 0x840f, 0X1B, 0x83ef, 0X1, 0x6b6d, 0X1, 0x6b4d, 0X1, 0x630c, 0X1, 0x5acb, 0X1, 0x52aa, 0X2, 0x630c, 0X1, 0x9cf3, 0XC, 0x8410, 0X1, 0x840f, 0X1, 0x83ef, 0X1, 0x6b6d, 0X1, 0x738e, 0X1, 0x840f, 0X4, 0x8410, 0X1, 0x0000, 0X3, 0x840f, 0X20, 0x6b6d, 0X1, 0x52aa, 0X5, 0x5acb, 0X1, 0x9cd3, 0X1, 0x9cf3, 0XA, 
0x94b2, 0X1, 0x840f, 0X2, 0x7bef, 0X1, 0x6b6d, 0X1, 0x738e, 0X1, 0x840f, 0X3, 0x8410, 0X1, 0x0000, 0X3, 0x8410, 0X2, 0x840f, 0X1F, 0x73ae, 0X1, 0x5aeb, 0X1, 0x630c, 0X1, 0x6b4d, 0X1, 0x6b6d, 0X3, 0x738e, 0X1, 0x8410, 0X1, 0x94b2, 0X1, 0x9cf3, 0X8, 0x8c51, 0X1, 0x840f, 0X2, 0x7bcf, 0X1, 0x6b6d, 0X1, 0x73ae, 0X1, 0x840f, 0X2, 0x8410, 0X2, 0x0000, 0X2, 0x8410, 0X1, 0x840f, 0X21, 0x7bcf, 0X1, 0x6b6d, 0X9, 0x8410, 0X1, 0x9cd3, 0X1, 
0x9cf3, 0X5, 0x9cb2, 0X1, 0x840f, 0X3, 0x738e, 0X1, 0x6b6d, 0X1, 0x7bcf, 0X1, 0x8410, 0X2, 0xf800, 0X1, 0x0000, 0X2, 0x8410, 0X1, 0x840f, 0X22, 0x7bef, 0X1, 0x6b6d, 0XA, 0x7bcf, 0X1, 0x9cd3, 0X1, 0x9cf3, 0X4, 0x8430, 0X1, 0x840f, 0X2, 0x7bcf, 0X1, 0x6b6d, 0X1, 0x738e, 0X1, 0x83ef, 0X1, 0x842f, 0X1, 0x0000, 0X4, 0x840f, 0X23, 0x7bef, 0X1, 0x6b6d, 0XB, 0x840f, 0X1, 0x9cf3, 0X3, 0x8c71, 0X1, 0x840f, 0X2, 0x8410, 0X1, 0x7bce, 0X1, 
0x630c, 0X1, 0x0000, 0X7, 0x840f, 0X23, 0x7bef, 0X1, 0x6b6d, 0XC, 0x9492, 0X1, 0x9cf3, 0X1, 0x9491, 0X1, 0x840f, 0X2, 0x8410, 0X1, 0x840f, 0X1, 0x0000, 0X9, 0x8410, 0X1, 0x840f, 0X22, 0x7bef, 0X1, 0x6b6d, 0XC, 0x83ef, 0X1, 0x9491, 0X1, 0x840f, 0X2, 0x8410, 0X2, 0x0000, 0XA, 0x840f, 0X16, 0x83ef, 0X1, 0x840f, 0XC, 0x7bcf, 0X1, 0x6b6d, 0XC, 0x738e, 0X1, 0x8410, 0X2, 0x840f, 0X1, 0x0000, 0XC, 0x8410, 0X1, 0x840f, 0XC, 0x83ef, 0X1, 
0x840f, 0X15, 0x73ae, 0X1, 0x6b6d, 0XD, 0x52aa, 0X1, 0x0000, 0X7, 0xfe6b, 0X2, 0xfe09, 0X1, 0xfde9, 0X1, 0xfe2a, 0X1, 0x0000, 0X2, 0x840f, 0XC, 0x83ef, 0X1, 0x840f, 0X16, 0x738e, 0X1, 0x6b6d, 0XD, 0x0000, 0X7, 0xfe8a, 0X1, 0xfe6a, 0X2, 0xfdc9, 0X2, 0xfde9, 0X1, 0x0000, 0X2, 0x840f, 0XC, 0x6b6d, 0X1, 0x738e, 0X1, 0x7bef, 0X1, 0x840f, 0X13, 0x7bef, 0X1, 0x6b6d, 0X3, 0x6b4d, 0X2, 0x6b6d, 0X9, 0x0000, 0X7, 0xfe6a, 0X2, 0xfe4a, 0X1, 
0xfdc9, 0X1, 0xfde9, 0X1, 0x0000, 0X3, 0x840f, 0XB, 0x83ef, 0X1, 0x738e, 0X1, 0x6b6d, 0X2, 0x73ae, 0X1, 0x7bef, 0X1, 0x840f, 0X7, 0x7bef, 0X1, 0x73ae, 0X1, 0x7bcf, 0X1, 0x840f, 0X7, 0x7bae, 0X1, 0x6b6d, 0X3, 0x52aa, 0X1, 0x5acb, 0X1, 0x6b6d, 0X9, 0x0000, 0X6, 0xfff0, 0X1, 0xfe6a, 0X2, 0xfe09, 0X1, 0xfdc9, 0X1, 0xfde9, 0X1, 0x0000, 0X4, 0x8410, 0X1, 0x840f, 0XA, 0x83ef, 0X1, 0x73ae, 0X1, 0x6b6d, 0X3, 0x738e, 0X1, 0x73ae, 0X1, 
0x7bce, 0X1, 0x7bcf, 0X1, 0x7bae, 0X1, 0x73ae, 0X1, 0x738d, 0X1, 0x6b6d, 0X2, 0x738e, 0X1, 0x840f, 0X6, 0x83ef, 0X1, 0x6b6d, 0X3, 0x632c, 0X1, 0x52aa, 0X1, 0x5aeb, 0X1, 0x6b6d, 0X8, 0x738e, 0X1, 0x0000, 0X6, 0xfe6a, 0X3, 0xfdc9, 0X2, 0xfde8, 0X1, 0x0000, 0X4, 0x8410, 0X2, 0x840f, 0XB, 0x7bef, 0X1, 0x944d, 0X1, 0x738d, 0X1, 0x6b6d, 0X7, 0x738d, 0X1, 0x7bce, 0X1, 0x83ef, 0X1, 0x840f, 0X6, 0x7bae, 0X1, 0x6b6d, 0X3, 0x5acb, 0X1, 
0x52aa, 0X1, 0x632c, 0X1, 0x6b6d, 0X8, 0x0000, 0X7, 0xfe6a, 0X2, 0xfe2a, 0X1, 0xfdc9, 0X1, 0xfde9, 0X1, 0x0000, 0X6, 0x8410, 0X1, 0x840f, 0XB, 0x8c2f, 0X1, 0xfe6b, 0X2, 0xddcb, 0X1, 0xc52b, 0X1, 0xb48b, 0X2, 0xb4ab, 0X1, 0xac6c, 0X1, 0x7bef, 0X1, 0x840f, 0X8, 0x7bef, 0X1, 0x6b6d, 0X3, 0x630c, 0X1, 0x52aa, 0X1, 0x5acb, 0X1, 0x6b6d, 0X8, 0x0000, 0X7, 0xfde8, 0X1, 0xfe6a, 0X2, 0xfe09, 0X1, 0xfde9, 0X1, 0xfe09, 0X1, 0xfe6b, 0X1, 
0xfe09, 0X1, 0xfda9, 0X1, 0x0000, 0X4, 0x8410, 0X2, 0x840f, 0X9, 0xb4ee, 0X1, 0xfe6a, 0X3, 0xfe29, 0X1, 0xfdc9, 0X3, 0x944f, 0X1, 0x840f, 0X9, 0x738e, 0X1, 0x6b6d, 0X3, 0x5acb, 0X1, 0x52aa, 0X1, 0x6b4d, 0X1, 0x6b6d, 0X7, 0x0000, 0X8, 0xfe8a, 0X1, 0xfe6a, 0X6, 0xfe09, 0X1, 0xfdc9, 0X2, 0x0000, 0X4, 0xf800, 0X1, 0x8410, 0X1, 0x840f, 0X8, 0xddcc, 0X1, 0xfe6a, 0X3, 0xfde9, 0X1, 0xfdc9, 0X2, 0xf5aa, 0X1, 0x840f, 0X9, 0x73ae, 0X1, 
0x6b6d, 0X3, 0x0000, 0X2, 0x632c, 0X1, 0x6b6d, 0X6, 0x8410, 0X1, 0x0000, 0X9, 0xfe6a, 0X7, 0xfe09, 0X1, 0xfdc9, 0X1, 0xfde9, 0X1, 0x0000, 0X7, 0x8410, 0X1, 0x840f, 0X2, 0x8410, 0X3, 0x946e, 0X1, 0xfe6a, 0X3, 0xfe4a, 0X1, 0xfdc9, 0X3, 0xc50c, 0X1, 0x840f, 0X8, 0x73ae, 0X1, 0x6b6d, 0X2, 0x6b4d, 0X1, 0x0000, 0X14, 0xfe6a, 0X6, 0xfe4a, 0X1, 0xfdc9, 0X1, 0xfde9, 0X1, 0xfda9, 0X1, 0x0000, 0XD, 0xfe6b, 0X1, 0xfe6a, 0X3, 0xfe09, 0X1, 
0xfdc9, 0X3, 0xfdc8, 0X1, 0x8410, 0X1, 0x840f, 0X2, 0x8410, 0X1, 0x840f, 0X1, 0x8410, 0X1, 0x840f, 0X1, 0x7bcf, 0X1, 0x6b6d, 0X1, 0x738e, 0X1, 0x0000, 0X16, 0xfe6a, 0X3, 0xfe8a, 0X1, 0xfe6a, 0X2, 0xfdc9, 0X2, 0xfde9, 0X1, 0x0000, 0XE, 0xfe6b, 0X1, 0xfe6a, 0X3, 0xfde9, 0X1, 0xfdc9, 0X2, 0xfde9, 0X1, 0x0000, 0X24, 0xfe6a, 0X2, 0xfde9, 0X1, 0xfdc9, 0X1, 0xfde9, 0X1, 0x0000, 0XE, 0xfe8b, 0X1, 0xfe6a, 0X3, 0xfe4a, 0X1, 0xfdc9, 0X3, 
0xfde9, 0X1, 0x0000, 0X24, 0xfe6a, 0X1, 0xfe29, 0X1, 0xfdc9, 0X1, 0xfde9, 0X1, 0x0000, 0XF, 0xfe6b, 0X1, 0xfe6a, 0X3, 0xfe09, 0X1, 0xfdc9, 0X3, 0xfdc8, 0X1, 0x0000, 0X24, 0xfe4a, 0X1, 0xfdc9, 0X1, 0xfde9, 0X1, 0xfe66, 0X1, 0x0000, 0XF, 0xfe6a, 0X4, 0xfe2a, 0X1, 0xfe09, 0X3, 0xfe8a, 0X1, 0xfe8b, 0X1, 0xfe4a, 0X1, 0xfde9, 0X2, 0xfdc8, 0X1, 0xfde9, 0X1, 0x0000, 0X1D, 0xfe4a, 0X1, 0xfdc9, 0X2, 0xfdc8, 0X1, 0x0000, 0XF, 0xfe6a, 0XC, 
0xfe09, 0X1, 0xfdc9, 0X3, 0xfdc8, 0X1, 0x0000, 0XC, 0xfe6a, 0X2, 0xfe4a, 0X1, 0xfde9, 0X2, 0xfdc8, 0X1, 0x0000, 0XA, 0xfde9, 0X1, 0xfdc9, 0X1, 0xfde9, 0X1, 0x0000, 0X10, 0xfe6a, 0XC, 0xfe4a, 0X1, 0xfdc9, 0X4, 0x0000, 0XB, 0xfe6c, 0X1, 0xfe6a, 0X3, 0xfdc9, 0X3, 0x0000, 0XA, 0xfdc9, 0X1, 0xfde9, 0X1, 0x0000, 0X11, 0xfe6a, 0XC, 0xfe2a, 0X1, 0xfdc9, 0X3, 0xfda9, 0X1, 0x0000, 0XB, 0xfe6b, 0X1, 0xfe6a, 0X2, 0xfe2a, 0X1, 0xfdc9, 0X3, 
0x0000, 0X1C, 0xfe8a, 0X1, 0xfe6a, 0XB, 0xfe4a, 0X1, 0xfdc9, 0X4, 0x0000, 0XC, 0xfe8a, 0X1, 0xfe6a, 0X2, 0xfde9, 0X1, 0xfdc9, 0X2, 0xfe2a, 0X1, 0x0000, 0X1C, 0xfe6a, 0XC, 0xfde9, 0X1, 0xfdc9, 0X3, 0x0000, 0XC, 0xfdec, 0X1, 0xfe6a, 0X3, 0xfdc9, 0X2, 0xfde9, 0X1, 0x0000, 0X1D, 0xfe2a, 0X1, 0xfe6a, 0XA, 0xfe09, 0X1, 0xfdc9, 0X3, 0xfda9, 0X1, 0x0000, 0XC, 0xfe6b, 0X1, 0xfe6a, 0X2, 0xfe2a, 0X1, 0xfdc9, 0X2, 0xfdc8, 0X1, 0x0000, 0X24, 
0xfe6a, 0X3, 0xfe2a, 0X1, 0xfdc9, 0X4, 0x0000, 0XD, 0xfe6a, 0X3, 0xfde9, 0X1, 0xfdc9, 0X2, 0xfd4a, 0X1, 0x0000, 0X23, 0xfeaa, 0X1, 0xfe6a, 0X2, 0xfe4a, 0X1, 0xfdc9, 0X4, 0x0000, 0XD, 0xfec9, 0X1, 0xfe6a, 0X3, 0xfdc9, 0X2, 0xfde9, 0X1, 0x0000, 0X24, 0xfe8a, 0X1, 0xfe6a, 0X2, 0xfdc9, 0X3, 0xfde9, 0X1, 0x0000, 0XE, 0xfe6a, 0X3, 0xfe4a, 0X1, 0xfde9, 0X2, 0xfe29, 0X1, 0xfe6a, 0X1, 0xfe2a, 0X1, 0xfde9, 0X1, 0xfdc8, 0X1, 0xfc10, 0X1, 
0x0000, 0X1F, 0xfe6a, 0X2, 0xfde9, 0X1, 0xfdc9, 0X3, 0xfd89, 0X1, 0x0000, 0XE, 0xfe6a, 0X9, 0xfdc9, 0X3, 0x0000, 0X1F, 0xfe6a, 0X1, 0xfe29, 0X1, 0xfdc9, 0X4, 0x0000, 0XE, 0xfeaa, 0X1, 0xfe6a, 0X9, 0xfde9, 0X1, 0xfdc9, 0X2, 0x0000, 0X1E, 0xfdec, 0X1, 0xfe4a, 0X1, 0xfdc9, 0X3, 0xfde9, 0X1, 0x0000, 0XF, 0xfe6a, 0X9, 0xfe2a, 0X1, 0xfdc9, 0X2, 0xfdc8, 0X1, 0x0000, 0X1E, 0xfe4a, 0X1, 0xfdc9, 0X3, 0xfde9, 0X1, 0x0000, 0X10, 0xfe8a, 0X1, 
0xfe6a, 0X8, 0xfdc9, 0X3, 0x0000, 0X1F, 0xfde9, 0X1, 0xfdc9, 0X3, 0xfe2a, 0X1, 0x0000, 0X10, 0xfe69, 0X1, 0xfe8a, 0X1, 0xfe6a, 0X3, 0xfe6b, 0X1, 0xfe6a, 0X2, 0xfde9, 0X1, 0xfdc9, 0X1, 0xfde9, 0X1, 0xfda9, 0X1, 0x0000, 0X1F, 0xfde9, 0X1, 0xfdc9, 0X2, 0xfde9, 0X1, 0x0000, 0X16, 0xfe6a, 0X2, 0xfe09, 0X1, 0xfdc9, 0X2, 0xfdc8, 0X1, 0x0000, 0X1F, 0xfe66, 0X1, 0xfdc9, 0X2, 0xfde9, 0X1, 0x0000, 0X16, 0xfe6b, 0X1, 0xfe6a, 0X1, 0xfe2a, 0X1, 
0xfdc9, 0X3, 0x0000, 0X20, 0xfda9, 0X1, 0xfdc9, 0X2, 0x0000, 0X17, 0xfe8a, 0X1, 0xfe4a, 0X1, 0xfdc9, 0X3, 0x0000, 0X22, 0xfdc8, 0X1, 0xfc10, 0X1, 0x0000, 0X17, 0xfe6a, 0X1, 0xfde9, 0X1, 0xfdc9, 0X2, 0xfe66, 0X1, 0x0000, 0X3B, 0xfe09, 0X1, 0xfdc9, 0X2, 0xfde9, 0X1, 0x0000, 0X3B, 0xfdc8, 0X1, 0xfdc9, 0X2, 0xfde9, 0X1, 0x0000, 0X3C, 0xfdc8, 0X1, 0xfdc9, 0X1, 0xfde9, 0X1, 0x0000, 0X3D, 0xfdc8, 0X1, 0xfdc9, 0X1, 0xfc10, 0X1, 0x0000, 0X16
};

static const uint16_t lcd_10n_small[1160] = { 
0x0000, 0X6A, 0xfe2a, 0X1, 0xfe2b, 0X1, 0xf62c, 0X1, 0xfe2c, 0X1, 0x0000, 0X3A, 0xfeaa, 0X1, 0xfe0b, 0X1, 0xfe2c, 0X3, 0xf60b, 0X1, 0x0000, 0X39, 0xfe2b, 0X1, 0xfe2c, 0X5, 0xfdec, 0X1, 0x0000, 0X38, 0xfe0b, 0X1, 0xfe2c, 0X5, 0xfe0c, 0X1, 0x0000, 0X38, 0xf60c, 0X1, 0xfe2c, 0X7, 0x0000, 0X37, 0xfe2c, 0X9, 0x0000, 0X36, 0xf62c, 0X1, 0xfe2c, 0X8, 0xfe0b, 0X1, 
0x0000, 0X35, 0xffe0, 0X1, 0xfe0c, 0X1, 0xfe2c, 0X8, 0xfe0c, 0X1, 0x0000, 0X35, 0xfe2b, 0X1, 0xfe2c, 0XA, 0x0000, 0X35, 0xfe2b, 0X1, 0xfe2c, 0XA, 0xf5ec, 0X1, 0x0000, 0X25, 0x8410, 0X1, 0x7c11, 0XA, 0x8410, 0X1, 0x0000, 0X2, 0xfdca, 0X1, 0xfe0b, 0X1, 0xfe2c, 0XB, 0x0000, 0X23, 0x8410, 0X1, 0x7c31, 0X1, 0x7c11, 0XD, 0x8410, 0X1, 0xfdc9, 0X1, 0xfd88, 0X1, 0xfdeb, 0X1, 0xfe2c, 0X9, 0xf62c, 0X1, 0x0000, 0X22, 0x7411, 0X1, 0x7c11, 0X10, 0xe56a, 0X1, 0xfd68, 0X1, 0xfd88, 0X1, 0xfdeb, 0X1, 0xfe2c, 0X9, 0xf62b, 0X1, 0x0000, 0X20, 
0x7c11, 0X12, 0x8430, 0X1, 0xdd0a, 0X1, 0xfd68, 0X1, 0xfd88, 0X1, 0xfe0b, 0X1, 0xfe2c, 0X9, 0x0000, 0X1F, 0x7c11, 0X14, 0x7c31, 0X1, 0xdd2a, 0X1, 0xfd68, 0X1, 0xfda9, 0X1, 0xfe2c, 0X8, 0xfe2b, 0X1, 0xfe2c, 0X1, 0x0000, 0X1D, 0x7c11, 0X16, 0x8430, 0X1, 0xed49, 0X1, 0xfd68, 0X1, 0xfdea, 0X1, 0xfe2c, 0X9, 0xfe6c, 0X1, 0x0000, 0X1B, 0x8410, 0X1, 0x7c11, 0X17, 0x9c6f, 0X1, 0xfd68, 0X1, 0xfd88, 0X1, 0xfe0b, 0X1, 0xfe2c, 0X8, 0xf62c, 0X1, 0x0000, 0X1B, 0x7c31, 0X1, 0x7c11, 0X18, 0xcd0b, 0X1, 0xfd68, 0X1, 0xfd89, 0X1, 0xfe0b, 0X1, 0xfe2c, 
0X8, 0xfe0c, 0X1, 0xfff0, 0X1, 0x0000, 0X19, 0x7c11, 0X19, 0x944f, 0X1, 0xfd68, 0X3, 0xfd88, 0X1, 0xfd89, 0X1, 0xfd88, 0X4, 0xfda9, 0X1, 0xfdea, 0X1, 0xfe0b, 0X1, 0xfe2c, 0X1, 0xfe6c, 0X1, 0x0000, 0X17, 0x7c31, 0X1, 0x7c11, 0X1A, 0xd50a, 0X1, 0xfd68, 0XA, 0xfd88, 0X1, 0xfdca, 0X1, 0xfe0c, 0X1, 0xfe2b, 0X1, 0x0000, 0X16, 0x7c31, 0X1, 0x7c11, 0X18, 0x6baf, 0X1, 0x5b4e, 0X1, 0x8c0d, 0X1, 0xf568, 0X1, 0xc4eb, 0X1, 0xa48e, 0X1, 0x8c50, 0X1, 0x8431, 0X2, 0x8c50, 0X1, 0xa48e, 0X1, 0xcceb, 0X1, 0xf568, 0X1, 0xfd68, 0X2, 0xfd89, 
0X1, 0xfe0b, 0X1, 0xfe2c, 0X1, 0xf62c, 0X1, 0x0000, 0X14, 0x7c11, 0X17, 0x7411, 0X1, 0x636e, 0X1, 0x5b4e, 0X2, 0x73ef, 0X1, 0x8430, 0X1, 0x7c11, 0X8, 0x8430, 0X1, 0xbccc, 0X1, 0xf568, 0X1, 0xfd68, 0X1, 0xfd88, 0X1, 0xfe0b, 0X1, 0xfe2c, 0X4, 0xfe0c, 0X2, 0xf62c, 0X2, 0xfe2b, 0X1, 0x0000, 0X8, 0x8412, 0X1, 0x7c11, 0X19, 0x7411, 0X1, 0x636e, 0X1, 0x5b4e, 0X1, 0x636e, 0X1, 0x73f0, 0X1, 0x7c11, 0XC, 0x946f, 0X1, 0xed49, 0X1, 0xfd68, 0X1, 0xfd89, 0X1, 0xfe0b, 0X1, 0xfe2c, 0X8, 0x0000, 0X6, 0x5410, 0X1, 0x7c31, 0X1, 0x7c11, 0X1A, 
0x636e, 0X1, 0x5b4e, 0X1, 0x636e, 0X1, 0x7411, 0X1, 0x7c11, 0XE, 0x8c50, 0X1, 0xed49, 0X1, 0xfd68, 0X1, 0xfdca, 0X1, 0xfe2c, 0X7, 0xfe2b, 0X1, 0x0000, 0X5, 0x6bb0, 0X1, 0x73d0, 0X1, 0x7c11, 0X1A, 0x6baf, 0X1, 0x5b4e, 0X2, 0x73f0, 0X1, 0x7c11, 0X10, 0x944f, 0X1, 0xf568, 0X1, 0xfd88, 0X1, 0xfe0b, 0X1, 0xfe2c, 0X5, 0xfe2b, 0X1, 0x0000, 0X5, 0x6bb0, 0X1, 0x636e, 0X1, 0x7c11, 0X1B, 0x5b4e, 0X2, 0x6baf, 0X1, 0x7c11, 0X12, 0xbccc, 0X1, 0xfd68, 0X1, 0xfdca, 0X1, 0xfe2c, 0X5, 0xfe4b, 0X1, 0x0000, 0X4, 0x5bb1, 0X1, 0x636e, 0X1, 0x6baf, 
0X1, 0x7c11, 0X1A, 0x6bd0, 0X1, 0x5b4e, 0X2, 0x7c11, 0X13, 0x8430, 0X1, 0xf568, 0X1, 0xfd88, 0X1, 0xfe0b, 0X1, 0xfe2c, 0X3, 0xfe2b, 0X1, 0x0000, 0X5, 0x638f, 0X1, 0x5b4e, 0X1, 0x73d0, 0X1, 0x7c11, 0X1A, 0x638f, 0X1, 0x5b4e, 0X1, 0x6b8f, 0X1, 0x7c11, 0X14, 0xcceb, 0X1, 0xfd68, 0X1, 0xfda9, 0X1, 0xfe0b, 0X1, 0xfe2c, 0X2, 0x0000, 0X5, 0x73d0, 0X1, 0x5b4e, 0X2, 0x7411, 0X1, 0x7c11, 0X1A, 0x636e, 0X1, 0x5b4e, 0X1, 0x73d0, 0X1, 0x7c11, 0X14, 0xa48e, 0X1, 0xfd68, 0X2, 0xfd88, 0X1, 0xfdeb, 0X1, 0x0000, 0X6, 0x6b8f, 0X1, 0x5b4e, 0X2, 
0x7c11, 0X17, 0x73f0, 0X1, 0x6baf, 0X1, 0x636e, 0X1, 0x5b4e, 0X3, 0x73f1, 0X1, 0x7c11, 0X14, 0x8c50, 0X1, 0xfd68, 0X1, 0xfda9, 0X1, 0xfdc9, 0X1, 0x0000, 0X7, 0x636f, 0X1, 0x5b4e, 0X2, 0x7c11, 0X16, 0x6baf, 0X1, 0x5b4e, 0X2, 0x636e, 0X1, 0x6bb0, 0X1, 0x73f0, 0X1, 0x7c11, 0X17, 0x7c31, 0X1, 0x7c11, 0X2, 0x7c31, 0X1, 0x0000, 0X6, 0x636e, 0X1, 0x5b4e, 0X2, 0x7411, 0X1, 0x7c11, 0X14, 0x638f, 0X1, 0x5b4e, 0X2, 0x638f, 0X1, 0x7c11, 0X1F, 0x8410, 0X1, 0x0000, 0X4, 0x5b4e, 0X3, 0x73d0, 0X1, 0x7c11, 0X13, 0x6b8f, 0X1, 0x5b4e, 0X2, 0x636e, 
0X1, 0x6bb0, 0X1, 0x7c11, 0X20, 0x8410, 0X1, 0x0000, 0X3, 0x5b4e, 0X3, 0x6b8f, 0X1, 0x7c11, 0X12, 0x73f0, 0X1, 0x5b4e, 0X2, 0x636f, 0X1, 0x5b4e, 0X1, 0x73f0, 0X1, 0x7c11, 0X20, 0x7c31, 0X1, 0x0000, 0X3, 0x636e, 0X1, 0x5b4e, 0X3, 0x7c11, 0X12, 0x6baf, 0X1, 0x5b4e, 0X1, 0x636e, 0X1, 0x5b4e, 0X2, 0x7c11, 0X23, 0x0000, 0X2, 0x636f, 0X1, 0x5b4e, 0X3, 0x6baf, 0X1, 0x7c11, 0X11, 0x636e, 0X1, 0x5b4e, 0X1, 0x636f, 0X1, 0x5b4e, 0X2, 0x7c11, 0X23, 0x0000, 0X2, 0x6b8f, 0X1, 0x5b4e, 0X4, 0x73f0, 0X1, 0x7c11, 0X10, 0x5b4e, 0X2, 0x636e, 0X1, 
0x5b4e, 0X2, 0x73f0, 0X1, 0x7c11, 0X22, 0x0000, 0X2, 0x6c10, 0X1, 0x5b4e, 0X4, 0x636e, 0X1, 0x7411, 0X1, 0x7c11, 0XF, 0x5b4e, 0X5, 0x6bd0, 0X1, 0x7c11, 0X22, 0x0000, 0X3, 0x638f, 0X1, 0x5b4e, 0X4, 0x636e, 0X1, 0x73f0, 0X1, 0x7c11, 0XE, 0x636e, 0X1, 0x5b4e, 0X4, 0x636e, 0X1, 0x7c11, 0X22, 0x0000, 0X3, 0x63b1, 0X1, 0x636e, 0X1, 0x5b4e, 0X5, 0x6baf, 0X1, 0x7c11, 0XD, 0x6baf, 0X1, 0x5b4e, 0X1, 0x636e, 0X1, 0x5b4e, 0X3, 0x6baf, 0X1, 0x7c11, 0X21, 0x0000, 0X4, 0x6b8f, 0X1, 0x634e, 0X1, 0x5b4e, 0X6, 0x6baf, 0X1, 0x73d0, 0X1, 0x7411, 
0X1, 0x7c11, 0X9, 0x73f0, 0X1, 0x5b4e, 0X1, 0x636f, 0X1, 0x5b4e, 0X4, 0x73f0, 0X1, 0x7c11, 0X20, 0x0000, 0X5, 0x6b8f, 0X1, 0x636e, 0X1, 0x5b4e, 0X13, 0x636e, 0X1, 0x5b4e, 0X5, 0x6baf, 0X1, 0x7c11, 0X1E, 0x7c31, 0X1, 0x0000, 0X6, 0x73ae, 0X1, 0x638f, 0X1, 0x5b4e, 0X13, 0x638f, 0X1, 0x5b4e, 0X5, 0x636e, 0X1, 0x6baf, 0X1, 0x73f0, 0X1, 0x7c11, 0X18, 0x73f0, 0X1, 0x6baf, 0X2, 0x0000, 0X9, 0x73d0, 0X1, 0x638f, 0X1, 0x636e, 0X1, 0x634e, 0X1, 0x5b4e, 0X10, 0x636e, 0X1, 0x5b4e, 0X20, 0x636f, 0X1, 0x5471, 0X1, 0x0000, 0XD, 0x659d, 0X1, 
0x65bd, 0X3, 0x0000, 0XC, 0x73ae, 0X1, 0x638f, 0X1, 0x5b4e, 0X2, 0x5bb0, 0X1, 0x653a, 0X1, 0x657b, 0X1, 0x5c33, 0X1, 0x5b4e, 0X10, 0x5bb0, 0X1, 0x653a, 0X1, 0x657b, 0X1, 0x5c33, 0X1, 0x5b4e, 0X4, 0x638f, 0X1, 0x5471, 0X1, 0x0000, 0XE, 0x65bd, 0X4, 0x0000, 0XE, 0x6baf, 0X1, 0x638f, 0X1, 0x6539, 0X1, 0x65bd, 0X2, 0x657b, 0X1, 0x5b4e, 0X10, 0x6539, 0X1, 0x65bd, 0X2, 0x657b, 0X1, 0x5b4e, 0X1, 0x636e, 0X1, 0x638f, 0X1, 0x6bb0, 0X1, 0x0000, 0XF, 0x65bc, 0X1, 0x65bd, 0X4, 0x0000, 0XF, 0x65bc, 0X1, 0x65bd, 0X4, 0x0000, 0XF, 0x65bc, 
0X1, 0x65bd, 0X4, 0x0000, 0X12, 0x07ff, 0X1, 0x65bc, 0X1, 0x65bd, 0X3, 0x65bc, 0X1, 0x0000, 0XE, 0x07ff, 0X1, 0x65bc, 0X1, 0x65bd, 0X3, 0x65bc, 0X1, 0x0000, 0XE, 0x07ff, 0X1, 0x65bc, 0X1, 0x65bd, 0X3, 0x65bc, 0X1, 0x0000, 0X12, 0x65bc, 0X1, 0x65bd, 0X4, 0x841f, 0X1, 0x0000, 0XE, 0x65bc, 0X1, 0x65bd, 0X4, 0x841f, 0X1, 0x0000, 0XE, 0x65bc, 0X1, 0x65bd, 0X4, 0x841f, 0X1, 0x0000, 0X12, 0x65bd, 0X4, 0x65bc, 0X1, 0x0000, 0XF, 0x65bd, 0X4, 0x65bc, 0X1, 0x0000, 0XF, 0x65bd, 0X4, 0x65bc, 0X1, 0x0000, 0X13, 0x65bd, 0X4, 0x0000, 0X10, 
0x65bd, 0X4, 0x0000, 0X10, 0x65bd, 0X4, 0x0000, 0X14, 0x65bd, 0X2, 0x65bc, 0X1, 0x65dd, 0X1, 0x0000, 0X10, 0x65bd, 0X2, 0x65bc, 0X1, 0x65dd, 0X1, 0x0000, 0X10, 0x65bd, 0X2, 0x65bc, 0X1, 0x65dd, 0X1, 0x0000, 0XA0, 0x659d, 0X1, 0x65bd, 0X3, 0x0000, 0X10, 0x659d, 0X1, 0x65bd, 0X3, 0x0000, 0X28, 0x65bd, 0X4, 0x0000, 0X10, 0x65bd, 0X4, 0x0000, 0X27, 0x65bc, 0X1, 0x65bd, 0X4, 0x0000, 0XF, 0x65bc, 0X1, 0x65bd, 0X4, 0x0000, 0X26, 0x07ff, 0X1, 0x65bc, 0X1, 0x65bd, 0X3, 0x65bc, 0X1, 0x0000, 0XE, 0x07ff, 0X1, 0x65bc, 0X1, 0x65bd, 
0X3, 0x65bc, 0X1, 0x0000, 0X26, 0x65bc, 0X1, 0x65bd, 0X4, 0x841f, 0X1, 0x0000, 0XE, 0x65bc, 0X1, 0x65bd, 0X4, 0x841f, 0X1, 0x0000, 0X26, 0x65bd, 0X4, 0x65bc, 0X1, 0x0000, 0XF, 0x65bd, 0X4, 0x65bc, 0X1, 0x0000, 0X27, 0x65bd, 0X4, 0x0000, 0X10, 0x65bd, 0X4, 0x0000, 0X28, 0x65bd, 0X2, 0x65bc, 0X1, 0x65dd, 0X1, 0x0000, 0X10, 0x65bd, 0X2, 0x65bc, 0X1, 0x65dd, 0X1, 0x0000, 0X55
};

static const uint16_t lcd_10d_small[1842] = { 
0x0000, 0X28, 0x2108, 0X1, 0x1906, 0X2, 0x0000, 0X3D, 0x1926, 0X1, 0x1906, 0X2, 0x0000, 0X3D, 0x1926, 0X1, 0x1906, 0X2, 0x0000, 0X3D, 0x1926, 0X1, 0x1906, 0X2, 0x0000, 0X3D, 0x1165, 0X1, 0x1926, 0X1, 0x1906, 0X1, 0x0000, 0X3E, 0x1126, 0X1, 0x2124, 0X1, 0x0000, 0X4C, 0x1107, 0X1, 0x1906, 0X1, 0x1926, 0X1, 0x0000, 0X16, 0x0186, 0X1, 0x1926, 0X1, 0x1906, 0X9, 0x0000, 0X1B, 0x1107, 0X1, 0x1906, 0X3, 0x0000, 0X14, 0x0208, 0X1, 0x1906, 0X6, 
0x2167, 0X1, 0x1906, 0X6, 0x1926, 0X1, 0x0000, 0X8, 0x1106, 0X1, 0x1906, 0X3, 0x1926, 0X1, 0x1906, 0X4, 0x18c6, 0X1, 0x0000, 0X6, 0x2106, 0X1, 0x1906, 0X3, 0x1107, 0X1, 0x0000, 0X13, 0x1126, 0X1, 0x1906, 0X3, 0x3a2a, 0X1, 0x8452, 0X1, 0xc659, 0X1, 0xf7be, 0X1, 0xffff, 0X2, 0xe71c, 0X1, 0xb5d8, 0X1, 0x7bf1, 0X1, 0x2167, 0X1, 0x1906, 0X3, 0x18e7, 0X1, 0x0000, 0X4, 0x1906, 0XD, 0x1126, 0X1, 0x0000, 0X4, 0x1926, 0X1, 0x1906, 0X2, 
0x1107, 0X1, 0x0000, 0X13, 0x1926, 0X1, 0x1906, 0X2, 0x31c9, 0X1, 0xad76, 0X1, 0xffff, 0X9, 0xf79e, 0X1, 0x94b3, 0X1, 0x1947, 0X1, 0x1906, 0X1, 0x1926, 0X1, 0x1107, 0X1, 0x0000, 0X1, 0x1926, 0X1, 0x1906, 0X3, 0x1926, 0X1, 0x52a8, 0X1, 0x944a, 0X1, 0xb52b, 0X1, 0xcd8b, 0X1, 0xcd89, 0X1, 0xb4e8, 0X1, 0x8be7, 0X1, 0x5267, 0X1, 0x1926, 0X1, 0x1906, 0X3, 0x0208, 0X1, 0x0000, 0X2, 0x0208, 0X1, 0x1926, 0X1, 0x18e7, 0X1, 0x0000, 0X13, 
0x1906, 0X3, 0x5aed, 0X1, 0xf7be, 0X1, 0xffff, 0XC, 0xd6bb, 0X1, 0x3a2a, 0X1, 0x1906, 0X5, 0x2147, 0X1, 0x83ca, 0X1, 0xee8d, 0X1, 0xfeed, 0X5, 0xfecc, 0X1, 0xfea9, 0X2, 0xdde8, 0X1, 0x7347, 0X1, 0x1926, 0X1, 0x1906, 0X2, 0x1106, 0X1, 0x0000, 0X16, 0x2106, 0X1, 0x1906, 0X2, 0x6b8f, 0X1, 0xffdf, 0X1, 0xffff, 0XE, 0xef7e, 0X1, 0x424b, 0X1, 0x1906, 0X3, 0x4a48, 0X1, 0xe64c, 0X1, 0xfeed, 0X9, 0xfea9, 0X3, 0xcd68, 0X1, 0x31c7, 0X1, 
0x1906, 0X2, 0x1926, 0X1, 0x0000, 0X15, 0x1926, 0X1, 0x1906, 0X1, 0x424b, 0X1, 0xffdf, 0X1, 0xffff, 0X10, 0xe73c, 0X1, 0x2988, 0X1, 0x1906, 0X1, 0x52a8, 0X1, 0xf6ad, 0X1, 0xfeed, 0XB, 0xfea9, 0X3, 0xe628, 0X1, 0x4227, 0X1, 0x1906, 0X2, 0x0186, 0X1, 0x0000, 0X13, 0x1906, 0X2, 0x1947, 0X1, 0xd6db, 0X1, 0xffff, 0X12, 0x9d15, 0X1, 0x1906, 0X1, 0x31c7, 0X1, 0xf6cd, 0X1, 0xfeed, 0XB, 0xfeec, 0X1, 0xfea9, 0X3, 0xe628, 0X1, 0x31c7, 0X1, 
0x1906, 0X2, 0x0000, 0X13, 0x1906, 0X2, 0x6bb0, 0X1, 0xffff, 0X13, 0xffdf, 0X1, 0x3a0a, 0X1, 0x1906, 0X1, 0xb50b, 0X1, 0xfeed, 0XC, 0xfecb, 0X1, 0xfea9, 0X3, 0xc568, 0X1, 0x1926, 0X1, 0x1906, 0X1, 0x1126, 0X1, 0x0000, 0X11, 0x000a, 0X1, 0x1906, 0X2, 0xce9a, 0X1, 0xffff, 0X14, 0x94d4, 0X1, 0x1906, 0X1, 0x5288, 0X1, 0xcdcc, 0X1, 0xfecd, 0X1, 0xfeed, 0XB, 0xfea9, 0X4, 0x7347, 0X1, 0x1906, 0X2, 0x0000, 0X11, 0x1926, 0X1, 0x1906, 0X1, 
0x31e9, 0X1, 0xffff, 0X15, 0xd6bb, 0X1, 0x1906, 0X3, 0x29a7, 0X1, 0x7ba9, 0X1, 0xde2c, 0X1, 0xfeed, 0X9, 0xfecb, 0X1, 0xfea9, 0X3, 0xdde8, 0X1, 0x1926, 0X1, 0x1906, 0X1, 0x18c6, 0X1, 0x0000, 0X10, 0x1906, 0X2, 0x5b2e, 0X1, 0xffff, 0X16, 0x2988, 0X1, 0x1906, 0X1, 0x29a8, 0X1, 0x1906, 0X2, 0x1927, 0X1, 0x7b89, 0X1, 0xee8d, 0X1, 0xfeed, 0X7, 0xfeec, 0X1, 0xfea9, 0X4, 0x4a67, 0X1, 0x1906, 0X1, 0x1926, 0X1, 0x0000, 0X10, 0x1906, 0X2, 
0x8432, 0X1, 0xffff, 0X16, 0x3a2a, 0X1, 0x1906, 0X1, 0xd6db, 0X1, 0xce9a, 0X1, 0x6b8f, 0X1, 0x1927, 0X1, 0x1906, 0X1, 0x31c7, 0X1, 0xcdac, 0X1, 0xfeed, 0X7, 0xfea9, 0X4, 0x8be7, 0X1, 0x1906, 0X2, 0x0000, 0X10, 0x1926, 0X1, 0x1906, 0X1, 0x8432, 0X1, 0xffff, 0X16, 0x426b, 0X1, 0x1906, 0X1, 0xd6bb, 0X1, 0xffff, 0X2, 0xd6db, 0X1, 0x4a8c, 0X1, 0x1906, 0X1, 0x2147, 0X1, 0xb50b, 0X1, 0xfeed, 0X6, 0xfeaa, 0X1, 0xfea9, 0X3, 0xb4e8, 0X1, 
0x1906, 0X2, 0x0000, 0XF, 0x1126, 0X1, 0x1906, 0X2, 0x73d0, 0X1, 0xffff, 0X16, 0x5b2e, 0X1, 0x1927, 0X1, 0xdf1c, 0X1, 0xffff, 0X3, 0xffdf, 0X1, 0x7c11, 0X1, 0x1906, 0X1, 0x1926, 0X1, 0xb52b, 0X1, 0xfeed, 0X5, 0xfeaa, 0X1, 0xfea9, 0X3, 0xc568, 0X1, 0x1906, 0X2, 0x0000, 0X2, 0x0208, 0X1, 0x1906, 0X5, 0x0000, 0X5, 0x1106, 0X1, 0x1906, 0X4, 0x5b0d, 0X1, 0xffff, 0X16, 0xffdf, 0X1, 0xe73c, 0X1, 0xffff, 0X6, 0x8452, 0X1, 0x1906, 0X1, 
0x2167, 0X1, 0xde0c, 0X1, 0xfeed, 0X4, 0xfeca, 0X1, 0xfea9, 0X3, 0xcd88, 0X1, 0x1906, 0X2, 0x0000, 0X2, 0x18c6, 0X1, 0x1906, 0X5, 0x0000, 0X4, 0x1107, 0X1, 0x1906, 0X2, 0x1926, 0X1, 0x634e, 0X1, 0x1906, 0X1, 0x2147, 0X1, 0xf7be, 0X1, 0xffff, 0X1E, 0x6b6f, 0X1, 0x1906, 0X1, 0x4a48, 0X1, 0xfecd, 0X1, 0xfeed, 0X3, 0xfeaa, 0X1, 0xfea9, 0X3, 0xbd28, 0X1, 0x1906, 0X2, 0x0000, 0X3, 0x1148, 0X1, 0x1126, 0X3, 0x2124, 0X1, 0x0000, 0X3, 
0x1906, 0X3, 0x426b, 0X1, 0xce9a, 0X1, 0xffff, 0X1, 0x426b, 0X1, 0x1906, 0X1, 0xbdf8, 0X1, 0xffff, 0X1E, 0xf79e, 0X1, 0x31e9, 0X1, 0x1906, 0X1, 0x944a, 0X1, 0xb50b, 0X1, 0x7ba9, 0X1, 0x6309, 0X1, 0x5aa7, 0X1, 0x6b27, 0X1, 0x8be7, 0X1, 0xc548, 0X1, 0x9408, 0X1, 0x1906, 0X2, 0x0000, 0XA, 0x1907, 0X1, 0x1906, 0X2, 0x5aed, 0X1, 0xf7be, 0X1, 0xffff, 0X2, 0x9d15, 0X1, 0x1906, 0X1, 0xb5b7, 0X1, 0xffff, 0X1F, 0xad97, 0X1, 0x1906, 0XC, 
0x0000, 0XA, 0x1906, 0X2, 0x52ed, 0X1, 0xffdf, 0X1, 0xffff, 0X4, 0xe73d, 0X1, 0xffff, 0X21, 0x426b, 0X1, 0x1927, 0X1, 0x4aac, 0X1, 0x94b3, 0X1, 0xa576, 0X1, 0xadb8, 0X1, 0x8cf5, 0X1, 0x7412, 0X1, 0x320a, 0X1, 0x1906, 0X3, 0x1926, 0X1, 0x0000, 0X8, 0x1926, 0X1, 0x1906, 0X1, 0x2988, 0X1, 0xe75d, 0X1, 0xffff, 0X27, 0xf7be, 0X1, 0xef7d, 0X1, 0xffff, 0X4, 0xf7df, 0X1, 0xdf9f, 0X1, 0xdf7f, 0X1, 0xadd9, 0X1, 0x3a2b, 0X1, 0x1906, 0X1, 
0x1926, 0X1, 0x1906, 0X1, 0x0000, 0X7, 0x1906, 0X2, 0xad56, 0X1, 0xffff, 0X30, 0xdf9f, 0X2, 0xd75f, 0X1, 0x6bf1, 0X1, 0x1906, 0X1, 0x1926, 0X2, 0x0000, 0X5, 0x1926, 0X1, 0x1906, 0X1, 0x29a8, 0X1, 0xffdf, 0X1, 0xffff, 0X30, 0xf7df, 0X1, 0xdf9f, 0X3, 0x6bf1, 0X1, 0x1906, 0X2, 0x1127, 0X1, 0x0000, 0X4, 0x1906, 0X2, 0x8432, 0X1, 0xffff, 0X32, 0xefbf, 0X1, 0xdf9f, 0X2, 0xdf7f, 0X1, 0x426c, 0X1, 0x1906, 0X2, 0x0000, 0X4, 0x1906, 0X2, 
0xb5d8, 0X1, 0xffff, 0X33, 0xdf9f, 0X3, 0xb63a, 0X1, 0x1926, 0X1, 0x1906, 0X1, 0x1148, 0X1, 0x0000, 0X3, 0x1906, 0X2, 0xdf1c, 0X1, 0xffff, 0X33, 0xe7bf, 0X1, 0xdf9f, 0X3, 0x428c, 0X1, 0x1906, 0X2, 0x0000, 0X3, 0x1906, 0X2, 0xf7bf, 0X1, 0xffff, 0X33, 0xefdf, 0X1, 0xdf9f, 0X3, 0x84b4, 0X1, 0x1906, 0X2, 0x0000, 0X3, 0x1906, 0X2, 0xef7d, 0X1, 0xffff, 0X33, 0xf7df, 0X1, 0xdf9f, 0X3, 0xa5b8, 0X1, 0x1906, 0X1, 0x1926, 0X1, 0x0000, 0X3, 
0x1906, 0X2, 0xdefc, 0X1, 0xffff, 0X34, 0xdf9f, 0X3, 0xbe5b, 0X1, 0x1906, 0X2, 0x0000, 0X3, 0x1926, 0X1, 0x1906, 0X1, 0xad76, 0X1, 0xffff, 0X33, 0xf7df, 0X1, 0xdf9f, 0X3, 0xb61a, 0X1, 0x1906, 0X2, 0x0000, 0X3, 0x1906, 0X2, 0x6b8f, 0X1, 0xffff, 0X33, 0xf7df, 0X1, 0xdf9f, 0X3, 0x9d57, 0X1, 0x1906, 0X2, 0x0000, 0X3, 0x1926, 0X1, 0x1906, 0X1, 0x2168, 0X1, 0xef7d, 0X1, 0xffff, 0X32, 0xefbf, 0X1, 0xdf9f, 0X3, 0x6bb1, 0X1, 0x1906, 0X2, 
0x0000, 0X4, 0x1906, 0X2, 0x7c31, 0X1, 0xffff, 0X32, 0xdf9f, 0X3, 0xd75f, 0X1, 0x2188, 0X1, 0x1906, 0X1, 0x1926, 0X1, 0x0000, 0X4, 0x1906, 0X2, 0x2147, 0X1, 0xd69a, 0X1, 0xffff, 0X30, 0xf7df, 0X1, 0xdf9f, 0X3, 0x8494, 0X1, 0x1906, 0X2, 0x0000, 0X6, 0x1906, 0X2, 0x31c9, 0X1, 0xe73d, 0X1, 0xffff, 0XF, 0xe73c, 0X1, 0xc659, 0X1, 0xffff, 0X11, 0xef7d, 0X1, 0xad97, 0X1, 0xffdf, 0X1, 0xffff, 0XA, 0xdf9f, 0X3, 0xbe9c, 0X1, 0x2147, 0X1, 
0x1906, 0X1, 0x1106, 0X1, 0x0000, 0X6, 0x18c6, 0X1, 0x1906, 0X2, 0x3a2a, 0X1, 0xd6db, 0X1, 0xffff, 0XD, 0xb5b7, 0X1, 0x2167, 0X1, 0x1906, 0X1, 0x6b8f, 0X1, 0xf7be, 0X1, 0xffff, 0XE, 0xc639, 0X1, 0x31c9, 0X1, 0x1906, 0X1, 0x5b0e, 0X1, 0xf7bf, 0X1, 0xffff, 0X8, 0xe7bf, 0X1, 0xdf9f, 0X2, 0xc69c, 0X1, 0x29c9, 0X1, 0x1906, 0X2, 0x0000, 0X8, 0x1107, 0X1, 0x1906, 0X2, 0x2147, 0X1, 0xa535, 0X1, 0xffdf, 0X1, 0xffff, 0X9, 0xef7d, 0X1, 
0x7c11, 0X1, 0x1926, 0X1, 0x1906, 0X3, 0x3a0a, 0X1, 0xb5b7, 0X1, 0xffff, 0XB, 0xe73d, 0X1, 0x7bf1, 0X1, 0x1927, 0X1, 0x1906, 0X3, 0x4aac, 0X1, 0xdedb, 0X1, 0xffff, 0X6, 0xefbf, 0X1, 0xdf9f, 0X2, 0x9d77, 0X1, 0x29a9, 0X1, 0x1906, 0X2, 0x18e7, 0X1, 0x0000, 0X9, 0x1126, 0X1, 0x1906, 0X3, 0x31c9, 0X1, 0x94d4, 0X1, 0xdedb, 0X1, 0xffff, 0X4, 0xffdf, 0X1, 0xce5a, 0X1, 0x8432, 0X1, 0x2167, 0X1, 0x1906, 0X3, 0x1107, 0X1, 0x1926, 0X1, 
0x1906, 0X2, 0x3a2a, 0X1, 0x94d4, 0X1, 0xd6bb, 0X1, 0xffff, 0X5, 0xf79e, 0X1, 0xb5b7, 0X1, 0x73b0, 0X1, 0x1947, 0X1, 0x1906, 0X3, 0x1926, 0X1, 0x1906, 0X2, 0x1927, 0X1, 0x73f1, 0X1, 0xce59, 0X1, 0xffff, 0X3, 0xe79f, 0X1, 0xd75e, 0X1, 0x9d77, 0X1, 0x4acd, 0X1, 0x1906, 0X3, 0x1148, 0X1, 0x0000, 0XC, 0x1926, 0X1, 0x1906, 0X4, 0x2168, 0X1, 0x426b, 0X2, 0x424b, 0X1, 0x2147, 0X1, 0x1906, 0X4, 0x1926, 0X1, 0x0000, 0X2, 0x000a, 0X1, 
0x1926, 0X1, 0x1906, 0X4, 0x2167, 0X1, 0x3a2a, 0X1, 0x4aac, 0X1, 0x426b, 0X1, 0x31c9, 0X1, 0x1927, 0X1, 0x1906, 0X4, 0x1106, 0X1, 0x0000, 0X2, 0x1106, 0X1, 0x1906, 0X4, 0x2168, 0X1, 0x3a2a, 0X1, 0x428c, 0X1, 0x31ea, 0X1, 0x1947, 0X1, 0x1906, 0X3, 0x1926, 0X1, 0x0000, 0XF, 0x000a, 0X1, 0x1906, 0X9, 0x1926, 0X1, 0x1126, 0X1, 0x0000, 0X7, 0x1927, 0X1, 0x1906, 0XA, 0x1907, 0X1, 0x0000, 0X6, 0x1126, 0X1, 0x1906, 0X9, 0x1106, 0X1, 
0x0000, 0X14, 0x1906, 0X1, 0x1926, 0X1, 0x1927, 0X1, 0x1906, 0X1, 0x18e7, 0X1, 0x0000, 0XD, 0x18e7, 0X1, 0x1906, 0X4, 0x2945, 0X1, 0x0000, 0XC, 0x1926, 0X1, 0x1107, 0X1, 0x1906, 0X1, 0x1107, 0X1, 0x0186, 0X1, 0x0000, 0XDA, 0x1106, 0X1, 0x1906, 0X2, 0x0000, 0XD, 0x2108, 0X1, 0x1906, 0X1, 0x1926, 0X1, 0x2124, 0X1, 0x0000, 0XD, 0x1906, 0X3, 0x0000, 0X1B, 0x1906, 0X4, 0x0208, 0X1, 0x0000, 0XB, 0x1946, 0X1, 0x1906, 0X3, 0x1926, 0X1, 
0x0000, 0XC, 0x1926, 0X1, 0x1906, 0X4, 0x0000, 0X18, 0x0208, 0X1, 0x1906, 0X2, 0x1927, 0X1, 0x2188, 0X1, 0x1906, 0X2, 0x0000, 0XA, 0x1126, 0X1, 0x1906, 0X2, 0x2188, 0X1, 0x1906, 0X2, 0x0000, 0XB, 0x1926, 0X1, 0x1906, 0X2, 0x2188, 0X1, 0x1906, 0X1, 0x1926, 0X1, 0x0000, 0X17, 0x1165, 0X1, 0x1926, 0X1, 0x1906, 0X1, 0x1947, 0X1, 0x9d57, 0X1, 0x7c53, 0X1, 0x1906, 0X1, 0x1926, 0X1, 0x0000, 0X9, 0x1127, 0X1, 0x1906, 0X2, 0x3a4b, 0X1, 
0xc6dc, 0X1, 0x31e9, 0X1, 0x1906, 0X2, 0x0000, 0X9, 0x1926, 0X1, 0x1906, 0X2, 0x6bf1, 0X1, 0xa5d9, 0X1, 0x1906, 0X2, 0x0000, 0X16, 0x18e7, 0X1, 0x1906, 0X2, 0x2988, 0X1, 0xb61a, 0X1, 0xdf9f, 0X1, 0xbe7b, 0X1, 0x1906, 0X2, 0x2945, 0X1, 0x0000, 0X7, 0x1906, 0X3, 0x52ee, 0X1, 0xd73e, 0X1, 0xdf9f, 0X1, 0x7412, 0X1, 0x1906, 0X2, 0x0000, 0X8, 0x1906, 0X2, 0x1927, 0X1, 0x8d15, 0X1, 0xdf9f, 0X1, 0xdf7f, 0X1, 0x29a9, 0X1, 0x1906, 0X1, 
0x1927, 0X1, 0x0000, 0X15, 0x1906, 0X2, 0x31ea, 0X1, 0xc6bc, 0X1, 0xdf9f, 0X3, 0x3a4b, 0X1, 0x1906, 0X1, 0x1926, 0X1, 0x0000, 0X6, 0x18c6, 0X1, 0x1906, 0X2, 0x6390, 0X1, 0xdf7f, 0X1, 0xdf9f, 0X2, 0xb65a, 0X1, 0x1906, 0X2, 0x000a, 0X1, 0x0000, 0X6, 0x1926, 0X1, 0x1906, 0X1, 0x1947, 0X1, 0xa5b8, 0X1, 0xdf9f, 0X3, 0x6bd1, 0X1, 0x1906, 0X2, 0x0000, 0X14, 0x18c6, 0X1, 0x1906, 0X1, 0x1927, 0X1, 0xbe5b, 0X1, 0xdf9f, 0X4, 0x8494, 0X1, 
0x1906, 0X2, 0x0000, 0X6, 0x1906, 0X2, 0x428c, 0X1, 0xdf7f, 0X1, 0xdf9f, 0X4, 0x320a, 0X1, 0x1906, 0X2, 0x0000, 0X6, 0x1906, 0X2, 0x8cf5, 0X1, 0xdf9f, 0X4, 0xae1a, 0X1, 0x1906, 0X2, 0x0000, 0X14, 0x1926, 0X1, 0x1906, 0X1, 0x3a4b, 0X1, 0xdf9f, 0X5, 0xae1a, 0X1, 0x1906, 0X2, 0x0000, 0X6, 0x1906, 0X2, 0x8cd5, 0X1, 0xdf9f, 0X5, 0x63b0, 0X1, 0x1906, 0X2, 0x0000, 0X6, 0x1906, 0X1, 0x1926, 0X1, 0xd73e, 0X1, 0xdf9f, 0X4, 0xdf7f, 0X1, 
0x1947, 0X1, 0x1906, 0X1, 0x1165, 0X1, 0x0000, 0X13, 0x1926, 0X1, 0x1906, 0X1, 0x3a2a, 0X1, 0xdf9f, 0X5, 0xadf9, 0X1, 0x1906, 0X2, 0x0000, 0X6, 0x1906, 0X2, 0x84b4, 0X1, 0xdf9f, 0X5, 0x6390, 0X1, 0x1906, 0X2, 0x0000, 0X6, 0x1906, 0X2, 0xcf1e, 0X1, 0xdf9f, 0X4, 0xd75f, 0X1, 0x1927, 0X1, 0x1906, 0X1, 0x2124, 0X1, 0x0000, 0X13, 0x2124, 0X1, 0x1926, 0X1, 0x1906, 0X1, 0xadf9, 0X1, 0xdf9f, 0X4, 0x6370, 0X1, 0x1906, 0X2, 0x0000, 0X6, 
0x1926, 0X1, 0x1906, 0X1, 0x3a2b, 0X1, 0xd75f, 0X1, 0xdf9f, 0X3, 0xcf1d, 0X1, 0x2188, 0X1, 0x1906, 0X1, 0x1927, 0X1, 0x0000, 0X6, 0x1906, 0X2, 0x7c73, 0X1, 0xdf9f, 0X4, 0x9516, 0X1, 0x1906, 0X2, 0x0000, 0X15, 0x1906, 0X2, 0x2988, 0X1, 0x9d77, 0X1, 0xd75e, 0X1, 0xc6bc, 0X1, 0x6bd1, 0X1, 0x1906, 0X3, 0x0000, 0X6, 0x2108, 0X1, 0x1906, 0X2, 0x4aed, 0X1, 0xbe7b, 0X1, 0xd77f, 0X1, 0xadf9, 0X1, 0x3a2b, 0X1, 0x1906, 0X2, 0x0000, 0X7, 
0x1926, 0X1, 0x1906, 0X1, 0x1927, 0X1, 0x8494, 0X1, 0xcf1e, 0X2, 0x8cb4, 0X1, 0x1947, 0X1, 0x1906, 0X2, 0x0000, 0X15, 0x2945, 0X1, 0x1906, 0X8, 0x0000, 0X8, 0x1927, 0X1, 0x1906, 0X6, 0x1926, 0X1, 0x1927, 0X1, 0x0000, 0X8, 0x1906, 0X8, 0x0000, 0X18, 0x1906, 0X1, 0x1926, 0X1, 0x1906, 0X3, 0x1927, 0X1, 0x0000, 0XA, 0x1927, 0X1, 0x1906, 0X5, 0x1106, 0X1, 0x0000, 0XA, 0x1906, 0X6, 0x0000, 0XE
};

static const uint16_t lcd_09dn_small[966] = { 
0x0000, 0X53, 0x8410, 0X1, 0x7c11, 0XA, 0x8410, 0X1, 0x0000, 0X32, 0x8410, 0X1, 0x7c31, 0X1, 0x7c11, 0XD, 0x8410, 0X1, 0x0000, 0X2F, 0x7411, 0X1, 0x7c11, 0X11, 0x0000, 0X2D, 0x7c11, 0X14, 0x0000, 0X2B, 0x7c11, 0X16, 0x0000, 0X29, 0x7c11, 0X18, 0x0000, 0X27, 0x8410, 0X1, 0x7c11, 0X18, 0x8410, 0X1, 0x0000, 0X26, 0x7c31, 0X1, 0x7c11, 0X18, 0x7c31, 0X1, 0x0000, 0X26, 0x7c11, 0X1A, 0x0000, 0X25, 0x7c31, 0X1, 0x7c11, 0X1A, 0x6bd0, 0X1, 0x0000, 0X24, 0x7c31, 0X1, 0x7c11, 0X18, 0x6baf, 0X1, 0x5b4e, 0X1, 0x638f, 0X1, 0x7c30, 0X1, 
0x7c11, 0X8, 0x7c30, 0X1, 0x0000, 0X1A, 0x7c11, 0X17, 0x7411, 0X1, 0x636e, 0X1, 0x5b4e, 0X2, 0x6bd0, 0X1, 0x7c11, 0XA, 0x7c31, 0X1, 0x6c92, 0X1, 0x0000, 0X14, 0x8412, 0X1, 0x7c11, 0X19, 0x7411, 0X1, 0x636e, 0X1, 0x5b4e, 0X1, 0x636e, 0X1, 0x73f0, 0X1, 0x7c11, 0XD, 0x7c10, 0X1, 0x0000, 0X11, 0x5410, 0X1, 0x7c31, 0X1, 0x7c11, 0X1A, 0x636e, 0X1, 0x5b4e, 0X1, 0x636e, 0X1, 0x7411, 0X1, 0x7c11, 0XF, 0x7411, 0X1, 0x0000, 0XF, 0x6bb0, 0X1, 0x73d0, 0X1, 0x7c11, 0X1A, 0x6baf, 0X1, 0x5b4e, 0X2, 0x73f0, 0X1, 0x7c11, 0X11, 0x64d3, 0X1, 0x0000, 
0XD, 0x6bb0, 0X1, 0x636e, 0X1, 0x7c11, 0X1B, 0x5b4e, 0X2, 0x6baf, 0X1, 0x7c11, 0X13, 0x0000, 0XC, 0x5bb1, 0X1, 0x636e, 0X1, 0x6baf, 0X1, 0x7c11, 0X1A, 0x6bd0, 0X1, 0x5b4e, 0X2, 0x7c11, 0X14, 0x8412, 0X1, 0x0000, 0XB, 0x638f, 0X1, 0x5b4e, 0X1, 0x73d0, 0X1, 0x7c11, 0X1A, 0x638f, 0X1, 0x5b4e, 0X1, 0x6b8f, 0X1, 0x7c11, 0X15, 0x0000, 0XA, 0x73d0, 0X1, 0x5b4e, 0X2, 0x7411, 0X1, 0x7c11, 0X1A, 0x636e, 0X1, 0x5b4e, 0X1, 0x73d0, 0X1, 0x7c11, 0X15, 0x0000, 0XA, 0x6b8f, 0X1, 0x5b4e, 0X2, 0x7c11, 0X17, 0x73f0, 0X1, 0x6baf, 0X1, 0x636e, 0X1, 
0x5b4e, 0X3, 0x73f1, 0X1, 0x7c11, 0X15, 0x0000, 0XA, 0x636f, 0X1, 0x5b4e, 0X2, 0x7c11, 0X16, 0x6baf, 0X1, 0x5b4e, 0X2, 0x636e, 0X1, 0x6bb0, 0X1, 0x73f0, 0X1, 0x7c11, 0X1A, 0x7c31, 0X1, 0x0000, 0X6, 0x636e, 0X1, 0x5b4e, 0X2, 0x7411, 0X1, 0x7c11, 0X14, 0x638f, 0X1, 0x5b4e, 0X2, 0x638f, 0X1, 0x7c11, 0X1F, 0x8410, 0X1, 0x0000, 0X4, 0x5b4e, 0X3, 0x73d0, 0X1, 0x7c11, 0X13, 0x6b8f, 0X1, 0x5b4e, 0X2, 0x636e, 0X1, 0x6bb0, 0X1, 0x7c11, 0X20, 0x8410, 0X1, 0x0000, 0X3, 0x5b4e, 0X3, 0x6b8f, 0X1, 0x7c11, 0X12, 0x73f0, 0X1, 0x5b4e, 0X2, 0x636f, 
0X1, 0x5b4e, 0X1, 0x73f0, 0X1, 0x7c11, 0X20, 0x7c31, 0X1, 0x0000, 0X3, 0x636e, 0X1, 0x5b4e, 0X3, 0x7c11, 0X12, 0x6baf, 0X1, 0x5b4e, 0X1, 0x636e, 0X1, 0x5b4e, 0X2, 0x7c11, 0X23, 0x0000, 0X2, 0x636f, 0X1, 0x5b4e, 0X3, 0x6baf, 0X1, 0x7c11, 0X11, 0x636e, 0X1, 0x5b4e, 0X1, 0x636f, 0X1, 0x5b4e, 0X2, 0x7c11, 0X23, 0x0000, 0X2, 0x6b8f, 0X1, 0x5b4e, 0X4, 0x73f0, 0X1, 0x7c11, 0X10, 0x5b4e, 0X2, 0x636e, 0X1, 0x5b4e, 0X2, 0x73f0, 0X1, 0x7c11, 0X22, 0x0000, 0X2, 0x6c10, 0X1, 0x5b4e, 0X4, 0x636e, 0X1, 0x7411, 0X1, 0x7c11, 0XF, 0x5b4e, 0X5, 
0x6bd0, 0X1, 0x7c11, 0X22, 0x0000, 0X3, 0x638f, 0X1, 0x5b4e, 0X4, 0x636e, 0X1, 0x73f0, 0X1, 0x7c11, 0XE, 0x636e, 0X1, 0x5b4e, 0X4, 0x636e, 0X1, 0x7c11, 0X22, 0x0000, 0X3, 0x63b1, 0X1, 0x636e, 0X1, 0x5b4e, 0X5, 0x6baf, 0X1, 0x7c11, 0XD, 0x6baf, 0X1, 0x5b4e, 0X1, 0x636e, 0X1, 0x5b4e, 0X3, 0x6baf, 0X1, 0x7c11, 0X21, 0x0000, 0X4, 0x6b8f, 0X1, 0x634e, 0X1, 0x5b4e, 0X6, 0x6baf, 0X1, 0x73d0, 0X1, 0x7411, 0X1, 0x7c11, 0X9, 0x73f0, 0X1, 0x5b4e, 0X1, 0x636f, 0X1, 0x5b4e, 0X4, 0x73f0, 0X1, 0x7c11, 0X20, 0x0000, 0X5, 0x6b8f, 0X1, 0x636e, 
0X1, 0x5b4e, 0X13, 0x636e, 0X1, 0x5b4e, 0X5, 0x6baf, 0X1, 0x7c11, 0X1E, 0x7c31, 0X1, 0x0000, 0X6, 0x73ae, 0X1, 0x638f, 0X1, 0x5b4e, 0X13, 0x638f, 0X1, 0x5b4e, 0X5, 0x636e, 0X1, 0x6baf, 0X1, 0x73f0, 0X1, 0x7c11, 0X18, 0x73f0, 0X1, 0x6baf, 0X2, 0x0000, 0X9, 0x73d0, 0X1, 0x638f, 0X1, 0x636e, 0X1, 0x634e, 0X1, 0x5b4e, 0X10, 0x636e, 0X1, 0x5b4e, 0X20, 0x636f, 0X1, 0x5471, 0X1, 0x0000, 0XD, 0x659d, 0X1, 0x65bd, 0X3, 0x0000, 0XC, 0x73ae, 0X1, 0x638f, 0X1, 0x5b4e, 0X1E, 0x638f, 0X1, 0x5471, 0X1, 0x0000, 0XE, 0x65bd, 0X4, 0x0000, 0XE, 
0x6baf, 0X1, 0x638f, 0X1, 0x636f, 0X1, 0x5b4e, 0X18, 0x636e, 0X1, 0x638f, 0X1, 0x6bb0, 0X1, 0x0000, 0XF, 0x65bc, 0X1, 0x65bd, 0X4, 0x0000, 0XF, 0x65bc, 0X1, 0x65bd, 0X4, 0x0000, 0XF, 0x65bc, 0X1, 0x65bd, 0X4, 0x0000, 0X12, 0x07ff, 0X1, 0x65bc, 0X1, 0x65bd, 0X3, 0x65bc, 0X1, 0x0000, 0XE, 0x07ff, 0X1, 0x65bc, 0X1, 0x65bd, 0X3, 0x65bc, 0X1, 0x0000, 0XE, 0x07ff, 0X1, 0x65bc, 0X1, 0x65bd, 0X3, 0x65bc, 0X1, 0x0000, 0X12, 0x65bc, 0X1, 0x65bd, 0X4, 0x841f, 0X1, 0x0000, 0XE, 0x65bc, 0X1, 0x65bd, 0X4, 0x841f, 0X1, 0x0000, 0XE, 0x65bc, 
0X1, 0x65bd, 0X4, 0x841f, 0X1, 0x0000, 0X12, 0x65bd, 0X4, 0x65bc, 0X1, 0x0000, 0XF, 0x65bd, 0X4, 0x65bc, 0X1, 0x0000, 0XF, 0x65bd, 0X4, 0x65bc, 0X1, 0x0000, 0X13, 0x65bd, 0X4, 0x0000, 0X10, 0x65bd, 0X4, 0x0000, 0X10, 0x65bd, 0X4, 0x0000, 0X14, 0x65bd, 0X2, 0x65bc, 0X1, 0x65dd, 0X1, 0x0000, 0X10, 0x65bd, 0X2, 0x65bc, 0X1, 0x65dd, 0X1, 0x0000, 0X10, 0x65bd, 0X2, 0x65bc, 0X1, 0x65dd, 0X1, 0x0000, 0XA0, 0x659d, 0X1, 0x65bd, 0X3, 0x0000, 0X10, 0x659d, 0X1, 0x65bd, 0X3, 0x0000, 0X28, 0x65bd, 0X4, 0x0000, 0X10, 0x65bd, 0X4, 
0x0000, 0X27, 0x65bc, 0X1, 0x65bd, 0X4, 0x0000, 0XF, 0x65bc, 0X1, 0x65bd, 0X4, 0x0000, 0X26, 0x07ff, 0X1, 0x65bc, 0X1, 0x65bd, 0X3, 0x65bc, 0X1, 0x0000, 0XE, 0x07ff, 0X1, 0x65bc, 0X1, 0x65bd, 0X3, 0x65bc, 0X1, 0x0000, 0X26, 0x65bc, 0X1, 0x65bd, 0X4, 0x841f, 0X1, 0x0000, 0XE, 0x65bc, 0X1, 0x65bd, 0X4, 0x841f, 0X1, 0x0000, 0X26, 0x65bd, 0X4, 0x65bc, 0X1, 0x0000, 0XF, 0x65bd, 0X4, 0x65bc, 0X1, 0x0000, 0X27, 0x65bd, 0X4, 0x0000, 0X10, 0x65bd, 0X4, 0x0000, 0X28, 0x65bd, 0X2, 0x65bc, 0X1, 0x65dd, 0X1, 0x0000, 0X10, 0x65bd, 0X2, 
0x65bc, 0X1, 0x65dd, 0X1, 0x0000, 0XA0, 0x659d, 0X1, 0x65bd, 0X3, 0x0000, 0X10, 0x659d, 0X1, 0x65bd, 0X3, 0x0000, 0X10, 0x659d, 0X1, 0x65bd, 0X3, 0x0000, 0X14, 0x65bd, 0X4, 0x0000, 0X10, 0x65bd, 0X4, 0x0000, 0X10, 0x65bd, 0X4, 0x0000, 0X13, 0x65bc, 0X1, 0x65bd, 0X4, 0x0000, 0XF, 0x65bc, 0X1, 0x65bd, 0X4, 0x0000, 0XF, 0x65bc, 0X1, 0x65bd, 0X4, 0x0000, 0X12, 0x07ff, 0X1, 0x65bc, 0X1, 0x65bd, 0X3, 0x65bc, 0X1, 0x0000, 0XE, 0x07ff, 0X1, 0x65bc, 0X1, 0x65bd, 0X3, 0x65bc, 0X1, 0x0000, 0XE, 0x07ff, 0X1, 0x65bc, 0X1, 0x65bd, 0X3, 
0x65bc, 0X1, 0x0000, 0X12, 0x65bc, 0X1, 0x65bd, 0X4, 0x841f, 0X1, 0x0000, 0XE, 0x65bc, 0X1, 0x65bd, 0X4, 0x841f, 0X1, 0x0000, 0XE, 0x65bc, 0X1, 0x65bd, 0X4, 0x841f, 0X1, 0x0000, 0X12, 0x65bd, 0X4, 0x65bc, 0X1, 0x0000, 0XF, 0x65bd, 0X4, 0x65bc, 0X1, 0x0000, 0XF, 0x65bd, 0X4, 0x65bc, 0X1, 0x0000, 0X13, 0x65bd, 0X4, 0x0000, 0X10, 0x65bd, 0X4, 0x0000, 0X10, 0x65bd, 0X4, 0x0000, 0X14, 0x65bd, 0X2, 0x65bc, 0X1, 0x65dd, 0X1, 0x0000, 0X10, 0x65bd, 0X2, 0x65bc, 0X1, 0x65dd, 0X1, 0x0000, 0X10, 0x65bd, 0X2, 0x65bc, 0X1, 0x65dd, 0X1, 0x0000, 0X4B
};

static const uint16_t lcd_04dn_small[968] = { 
0x0000, 0X1A2, 0x83d0, 0X1, 0x83b0, 0X2, 0x7b8f, 0X2, 0x838f, 0X1, 0x8390, 0X1, 0x83b0, 0X2, 0x8410, 0X1, 0x0000, 0X33, 0x8c51, 0X1, 0x9412, 0X2, 0x8c11, 0X1, 0x83d0, 0X1, 0x7b8f, 0X1, 0x7b6f, 0X7, 0x83b0, 0X2, 0x0000, 0X30, 0x9412, 0X7, 0x8bd1, 0X1, 0x7b6f, 0X8, 0x83b0, 0X1, 0x8410, 0X1, 0x0000, 0X2C, 0x9412, 0XA, 0x8c11, 0X1, 0x7b8f, 0X1, 0x7b6f, 0X8, 0x83b0, 0X1, 0x0000, 0X2A, 0x9412, 0XD, 0x83b0, 0X1, 0x7b6f, 0X8, 0x83b0, 0X1, 0x0000, 0X28, 0x9c13, 0X1, 0x9412, 0XE, 0x838f, 0X1, 0x7b6f, 0X8, 0x83b0, 0X1, 0x0000, 0X21, 0x8c11, 
0X1, 0x8410, 0X1, 0x0000, 0X4, 0x83b0, 0X1, 0x8bf1, 0X1, 0x9412, 0XD, 0x8c11, 0X1, 0x7b6f, 0X9, 0x83b0, 0X1, 0x0000, 0X1C, 0x9412, 0X9, 0x83b0, 0X1, 0x7b6f, 0X2, 0x83b0, 0X1, 0x9412, 0XD, 0x8bd1, 0X1, 0x7b6f, 0X8, 0x838f, 0X1, 0x0000, 0X1A, 0x8c11, 0X1, 0x9412, 0XB, 0x8bd0, 0X1, 0x7b6f, 0X2, 0x83b0, 0X1, 0x9412, 0XD, 0x838f, 0X1, 0x7b6f, 0X8, 0x83b0, 0X1, 0x0000, 0X18, 0x9412, 0XE, 0x8bf1, 0X1, 0x7b6f, 0X2, 0x83b0, 0X1, 0x9412, 0XC, 0x8bf1, 0X1, 0x7b6f, 0X8, 0x838f, 0X1, 0x0000, 0X17, 0x8c11, 0X1, 0x9412, 0XF, 0x8bf1, 0X1, 0x7b6f, 0X2, 0x8bf1, 0X1, 0x9412, 0XC, 0x7b6f, 0X9, 0x83d0, 0X1, 0x0000, 0X15, 0x9412, 0X12, 0x8bf1, 0X1, 0x83b0, 0X1, 0x8c11, 0X1, 0x9412, 0XC, 0x83b0, 0X1, 0x7b6f, 0X8, 0x83b0, 
0X1, 0x0000, 0X15, 0x9412, 0X21, 0x8bf1, 0X1, 0x7b8f, 0X1, 0x838f, 0X2, 0x7b6f, 0X5, 0x7b8f, 0X1, 0x83b0, 0X3, 0x83d0, 0X1, 0x0000, 0X10, 0x9412, 0X27, 0x8bf1, 0X1, 0x83b0, 0X1, 0x7b6f, 0X7, 0x7b8f, 0X1, 0x83b0, 0X1, 0x8410, 0X1, 0x0000, 0XD, 0x9412, 0X29, 0x8bf1, 0X1, 0x7b6f, 0X8, 0x7b8f, 0X1, 0x8bf0, 0X1, 0x0000, 0XC, 0x9412, 0X5, 0x9432, 0X1, 0x9c73, 0X1, 0xa494, 0X1, 0xa4b4, 0X2, 0x9c93, 0X1, 0x9c73, 0X1, 0x9432, 0X1, 0x9412, 0X1D, 0x8bf1, 0X1, 0x7b6f, 0X8, 0x7b8f, 0X1, 0x83d0, 0X1, 0x0000, 0XA, 0x8410, 0X1, 0x9412, 0X3, 0xa4b4, 0X1, 0xad36, 0X1, 0xad35, 0X1, 0xacd5, 0X1, 0xa4d4, 0X6, 0xa4b4, 0X1, 0x9452, 0X1, 0x9412, 0X1C, 0x8bf1, 0X1, 0x7b6f, 0X8, 0x838f, 0X1, 0x0000, 0XA, 0x9412, 0X2, 0x9452, 
0X1, 0xad35, 0X1, 0xb576, 0X3, 0xb556, 0X1, 0xacf5, 0X1, 0xa4d4, 0X7, 0xa494, 0X1, 0x9412, 0X1C, 0x838f, 0X1, 0x7b6f, 0X8, 0x83b0, 0X1, 0x0000, 0X9, 0x9432, 0X1, 0x9c53, 0X1, 0xb556, 0X1, 0xb576, 0X6, 0xad15, 0X1, 0xa4d4, 0X7, 0xa4b4, 0X1, 0x9432, 0X1, 0x9412, 0X1A, 0x8bd1, 0X1, 0x7b6f, 0X8, 0x83b0, 0X1, 0x0000, 0X9, 0xad55, 0X1, 0xb556, 0X1, 0xb576, 0X8, 0xacf5, 0X1, 0xa4d4, 0X7, 0x8c11, 0X1, 0x9412, 0X1A, 0x8c11, 0X1, 0x7b6f, 0X8, 0x7b8f, 0X1, 0x0000, 0X9, 0xb576, 0XA, 0xb556, 0X1, 0xad15, 0X1, 0xad35, 0X1, 0xb556, 0X3, 0xad15, 0X1, 0x8bf1, 0X1, 0x7b6f, 0X1, 0x83d0, 0X1, 0x9c53, 0X1, 0x9c93, 0X1, 0xa4b4, 0X2, 0xa494, 0X1, 0x9c73, 0X1, 0x9432, 0X1, 0x9412, 0X13, 0x7b6f, 0X9, 0x0000, 0X8, 0xb576, 
0X11, 0x9c53, 0X1, 0x9412, 0X1, 0x9432, 0X1, 0xa4b4, 0X1, 0xa4d4, 0X7, 0x9c93, 0X1, 0x9412, 0X12, 0x7b6f, 0X9, 0x0000, 0X8, 0xb576, 0X10, 0xa4b4, 0X1, 0x9412, 0X1, 0x9c73, 0X1, 0xb556, 0X1, 0xb576, 0X1, 0xad15, 0X1, 0xa4d4, 0X7, 0xa4b4, 0X1, 0x9432, 0X1, 0x9412, 0XF, 0x8bf1, 0X1, 0x7b6f, 0X9, 0x0000, 0X7, 0xb536, 0X1, 0xb576, 0X10, 0xad15, 0X1, 0x9c93, 0X1, 0xb556, 0X1, 0xb576, 0X3, 0xacf5, 0X1, 0xa4d4, 0X7, 0xa4b4, 0X1, 0x9412, 0XF, 0x83d0, 0X1, 0x7b6f, 0X8, 0x8390, 0X1, 0x0000, 0X3, 0x8410, 0X1, 0xb557, 0X1, 0xb576, 0X19, 0xb556, 0X1, 0xa4d4, 0X8, 0x9c73, 0X1, 0x9412, 0XE, 0x7b8f, 0X1, 0x7b6f, 0X8, 0x83d0, 0X1, 0x0000, 0X2, 0xb577, 0X1, 0xb576, 0X1C, 0xacf5, 0X1, 0xa4d4, 0X8, 0x9412, 0XD, 0x8bd0, 
0X1, 0x7b6f, 0X8, 0x8390, 0X1, 0x0000, 0X2, 0xb576, 0X1E, 0xad35, 0X1, 0xa4d4, 0X8, 0x9432, 0X1, 0x9412, 0XB, 0x8bf1, 0X1, 0x7b6f, 0X8, 0x7b8f, 0X1, 0x73ae, 0X1, 0x0000, 0X1, 0xb557, 0X1, 0xb576, 0X1E, 0xb556, 0X1, 0xa4d4, 0X8, 0x9c73, 0X1, 0x9412, 0X7, 0x8c11, 0X1, 0x0000, 0X1, 0x9412, 0X1, 0x8bd1, 0X1, 0x7b6f, 0X8, 0x8390, 0X1, 0x83d0, 0X1, 0x0000, 0X2, 0xb576, 0X1F, 0xb556, 0X1, 0xa4d4, 0X8, 0x9c73, 0X1, 0x9412, 0X6, 0x8c11, 0X1, 0x0000, 0X3, 0x8c11, 0X1, 0x83b0, 0X1, 0x7b8f, 0X1, 0x7b6f, 0X4, 0x8390, 0X1, 0x83b0, 0X1, 0x0000, 0X4, 0xb576, 0X1F, 0xb556, 0X1, 0xa4d4, 0X8, 0x9c73, 0X1, 0x9412, 0X4, 0x8c11, 0X1, 0x0000, 0X8, 0x83d0, 0X1, 0x8390, 0X1, 0x83b0, 0X1, 0x9cd3, 0X1, 0x0000, 0X6, 0xb576, 
0X1F, 0xad35, 0X1, 0xa4d4, 0X8, 0x9452, 0X1, 0x9412, 0X2, 0x8410, 0X1, 0x0000, 0X14, 0xb576, 0X1F, 0xacf5, 0X1, 0xa4d4, 0X7, 0xa4f4, 0X1, 0xffff, 0X1, 0x0000, 0X17, 0xb576, 0X1E, 0xb556, 0X1, 0xa4d4, 0X9, 0x0000, 0X18, 0xb576, 0X1D, 0xb556, 0X1, 0xacf5, 0X1, 0xa4d4, 0X8, 0xad55, 0X1, 0x0000, 0X19, 0xb576, 0X1C, 0xacf5, 0X1, 0xa4d4, 0X8, 0xa514, 0X1, 0x0000, 0X1A, 0xccd9, 0X1, 0xb576, 0X8, 0xb556, 0X1, 0xb576, 0XF, 0xb556, 0X2, 0xacf5, 0X1, 0xa4d4, 0X8, 0xac75, 0X1, 0x0000, 0X1D, 0xb576, 0X6, 0xad55, 0X1, 0x0000, 0X2, 0xb597, 0X1, 0xb576, 0XC, 0xb596, 0X1, 0x0000, 0X2, 0xa534, 0X1, 0xa4d4, 0X3, 0xacd5, 0X1, 0xa4f4, 0X1, 0xacd5, 0X2, 0x0000, 0X2A, 0xb576, 0X9, 0xbd77, 0X1, 0x0000, 0X3A, 0xad55, 0X1, 
0xffff, 0X1, 0x0000, 0X17, 0xd69a, 0X1, 0xd67a, 0X1, 0xd65a, 0X2, 0xd67a, 0X2, 0x0000, 0X38, 0xe71c, 0X1, 0xdedb, 0X1, 0xce39, 0X6, 0xd65a, 0X1, 0xde7b, 0X1, 0x0000, 0X35, 0xe71c, 0X1, 0xe6fc, 0X2, 0xdedb, 0X1, 0xce39, 0X6, 0xce59, 0X1, 0xde7b, 0X1, 0x0000, 0X34, 0xe6fc, 0X4, 0xdebb, 0X1, 0xce39, 0X6, 0xd65a, 0X1, 0x0000, 0X2E, 0xe73c, 0X1, 0xe6fc, 0XA, 0xce5a, 0X1, 0xce39, 0X6, 0xd69a, 0X1, 0x0000, 0X2C, 0xe73c, 0X1, 0xe6fc, 0XB, 0xd69a, 0X1, 0xce39, 0X6, 0xd67a, 0X1, 0x0000, 0X6, 0xd67a, 0X3, 0xd69a, 0X1, 0x0000, 0X22, 0xe6fc, 0XC, 0xdebb, 0X1, 0xce39, 0X6, 0xd67a, 0X1, 0x0000, 0X5, 0xe6fc, 0X1, 0xdedb, 0X1, 0xce39, 0X3, 0xde9b, 0X1, 0x0000, 0X20, 0xd6ba, 0X1, 0xe6fc, 0XC, 0xdebb, 0X1, 0xce39, 0X6, 
0xd65a, 0X1, 0x0000, 0X4, 0xe6fc, 0X3, 0xd69a, 0X1, 0xce39, 0X2, 0xd65a, 0X1, 0x0000, 0X20, 0xe6dc, 0X1, 0xe6fc, 0XC, 0xd69b, 0X1, 0xce39, 0X6, 0xd67a, 0X1, 0x0000, 0X4, 0xe6fc, 0X3, 0xdebb, 0X1, 0xce39, 0X3, 0x0000, 0X20, 0xe73c, 0X1, 0xe6fc, 0XC, 0xce5a, 0X1, 0xce39, 0X6, 0xd69a, 0X1, 0x0000, 0X4, 0xe6fc, 0X3, 0xdebb, 0X1, 0xce39, 0X3, 0x0000, 0X21, 0xe6fc, 0XB, 0xdebb, 0X1, 0xce39, 0X6, 0xd65a, 0X1, 0x0000, 0X5, 0xe73c, 0X1, 0xe6fc, 0X2, 0xce5a, 0X1, 0xce39, 0X2, 0xd67a, 0X1, 0x0000, 0X21, 0xdefb, 0X1, 0xe6fc, 0X9, 0xdedb, 0X1, 0xce39, 0X7, 0xd6ba, 0X1, 0x0000, 0X6, 0xe6fc, 0X1, 0xd67a, 0X1, 0xce39, 0X1, 0xce59, 0X1, 0xd67a, 0X1, 0x0000, 0X23, 0xce79, 0X1, 0xe6fc, 0X4, 0xdefb, 0X1, 0x0000, 0X1, 0xe71c, 0X1, 0xdedb, 0X1, 0xce39, 0X6, 0xce5a, 0X1, 0xde9b, 0X1, 0x0000, 0X37, 0xffff, 0X1, 0xd69a, 0X1, 0xd67a, 0X1, 0xd65a, 0X2, 0xd67a, 0X2, 0x0000, 0X18F
};

static const uint16_t lcd_03dn_small[380] = { 
0x0000, 0X3A8, 0xb61a, 0X2, 0xb5fa, 0X1, 0xb61a, 0X5, 0xb5fa, 0X1, 0xb61a, 0X1, 0x0000, 0X34, 0xb61a, 0X1, 0xb5fa, 0X1, 0xb61a, 0XB, 0x0000, 0X32, 0xb5fa, 0X2, 0xb61a, 0XC, 0xb5fa, 0X2, 0x0000, 0X2F, 0xb5fa, 0X1, 0xb61a, 0X10, 0xb5fa, 0X1, 0x0000, 0X2D, 0xb5fa, 0X2, 0xb61a, 0X12, 0x0000, 0X2C, 0xb5fa, 0X1, 0xb61a, 0X13, 0xbddb, 0X1, 0x0000, 0X16, 
0xdf7d, 0X1, 0xdf3e, 0X8, 0xffff, 0X1, 0x0000, 0XA, 0xb5fa, 0X1, 0xb61a, 0X14, 0xb5fa, 0X1, 0x0000, 0X14, 0xffff, 0X1, 0xdf3e, 0XC, 0xffff, 0X1, 0x0000, 0X3, 0xb5fa, 0X1, 0xb61a, 0X2, 0xb5fa, 0X1, 0xb61a, 0X1, 0xb5fa, 0X1, 0xb61a, 0X14, 0xb5fa, 0X1, 0x0000, 0X13, 0xdf1e, 0X1, 0xdf3e, 0XF, 0xb5fa, 0X1, 0xb61a, 0X1D, 0x0000, 0X11, 0xdf3e, 0X11, 0xbe1b, 0X1, 0xb61a, 0X1D, 0x0000, 0X10, 0xdf5e, 0X1, 0xdf3e, 0X11, 0xdf1e, 0X1, 0xbe1b, 0X1, 0xb61a, 0X1B, 0xb5fa, 0X1, 0x0000, 0X10, 0xdf3e, 0X13, 0xcebc, 0X1, 0xb61a, 0X1C, 0x0000, 0XF, 
0xdf3e, 0X15, 0xbe3b, 0X1, 0xb61a, 0X1A, 0xb5fa, 0X1, 0xb61a, 0X1, 0xae3c, 0X1, 0x0000, 0XD, 0xdf3e, 0X15, 0xd6dd, 0X1, 0xc67c, 0X1, 0xcebc, 0X2, 0xc67c, 0X1, 0xbe3b, 0X1, 0xb61a, 0X18, 0xb5fa, 0X1, 0xbdfb, 0X1, 0x0000, 0XA, 0xd75d, 0X1, 0xdf3e, 0X1B, 0xcebc, 0X1, 0xbe1b, 0X1, 0xb61a, 0X18, 0xb5fa, 0X1, 0x0000, 0X9, 0xdf3e, 0X1D, 0xd6fd, 0X1, 0xb61a, 0X19, 0xbddb, 0X1, 0x0000, 0X8, 0xdf3e, 0X1E, 0xd6dd, 0X1, 0xb61a, 0X18, 0xb5fa, 0X1, 0x0000, 0X8, 0xdf3e, 0X1F, 0xbe3b, 0X1, 0xb61a, 0X18, 0xb5fa, 0X1, 0x0000, 0X6, 0xd6bf, 0X1, 
0xdf3e, 0X1F, 0xd6dd, 0X1, 0xc67c, 0X1, 0xbe3b, 0X1, 0xb61a, 0X16, 0xb5fa, 0X1, 0x0000, 0X4, 0xe73e, 0X1, 0xdf3e, 0X25, 0xd6fd, 0X1, 0xc65b, 0X1, 0xb61a, 0X14, 0x0000, 0X3, 0xdf3e, 0X29, 0xcebd, 0X1, 0xb61a, 0X12, 0xb5fa, 0X1, 0x0000, 0X2, 0xdf3e, 0X2B, 0xdefd, 0X1, 0xb61a, 0X12, 0x0000, 0X1, 0xdf3e, 0X2D, 0xcebc, 0X1, 0xb61a, 0X11, 0xe73f, 0X1, 0xdf3e, 0X2E, 0xbe5b, 0X1, 0xb61a, 0XF, 0xb5fa, 0X1, 0xdf3e, 0X2F, 0xd6dd, 0X1, 0xb61a, 0X10, 0xdf3e, 0X2F, 0xdf1e, 0X1, 0xb61a, 0XE, 0xb5fa, 0X1, 0x0000, 0X1, 0xdf3e, 0X30, 
0xb61b, 0X1, 0xb61a, 0XC, 0xb5fa, 0X1, 0xb65b, 0X1, 0x0000, 0X1, 0xdf3e, 0X30, 0xbe5b, 0X1, 0xb61a, 0XC, 0xb5fa, 0X1, 0x0000, 0X2, 0xdf3e, 0X30, 0xb61b, 0X1, 0xb61a, 0XA, 0xb5fa, 0X1, 0xb63a, 0X1, 0x0000, 0X3, 0xdf3e, 0X2F, 0xdf1d, 0X1, 0xb61a, 0X7, 0xb5fa, 0X3, 0xb61a, 0X1, 0x0000, 0X5, 0xdf3e, 0X30, 0x0000, 0X10, 0xdeff, 0X1, 0xdf3e, 0X2E, 0xdf1e, 0X1, 0x0000, 0X11, 0xdf3e, 0X2E, 0x0000, 0X13, 0xdf3e, 0X2C, 0xffff, 0X1, 0x0000, 0X14, 0xdf3e, 0X2A, 0xbfff, 0X1, 0x0000, 0X16, 0xe71e, 0X1, 0xdf3e, 0X26, 0xdf1e, 0X1, 0x0000, 0X1B, 0xdf7d, 0X1, 0xe73e, 0X1, 0xdf3e, 0X1F, 0xe71e, 0X1, 0x0000, 0X357
};

static const uint16_t lcd_02n_small[1000] = { 
0x0000, 0X26A, 0xfe2a, 0X1, 0xfe0b, 0X1, 0xf60c, 0X1, 0xfe0b, 0X1, 0x0000, 0X3A, 0xfeaa, 0X1, 0xf60b, 0X1, 0xfe0b, 0X1, 0xfe2c, 0X2, 0xf60b, 0X1, 0x0000, 0X39, 0xfe2b, 0X1, 0xf62b, 0X1, 0xfe2c, 0X3, 0xf60c, 0X1, 0xfdeb, 0X1, 0x0000, 0X38, 0xf60b, 0X1, 0xf62c, 0X1, 0xfe2c, 0X4, 0xf60c, 0X1, 0x0000, 0X38, 0xf60c, 0X2, 0xfe2c, 0X6, 0x0000, 0X37, 0xfe2b, 0X1, 0xf60b, 0X1, 0xfe2c, 0X6, 0xf62c, 0X1, 0x0000, 0X36, 0xf62c, 0X1, 0xf60b, 0X1, 0xfe2c, 0X7, 0xf60b, 0X1, 0x0000, 0X35, 0xffe0, 0X1, 0xfe0c, 0X1, 0xfe2c, 0X8, 0xfe0c, 0X1, 
0x0000, 0X35, 0xfe0b, 0X1, 0xfe2c, 0X9, 0xfe0c, 0X1, 0x0000, 0X35, 0xfe2b, 0X1, 0xfe2c, 0X9, 0xf60c, 0X1, 0xf5ec, 0X1, 0x0000, 0X25, 0x7bff, 0X1, 0x659d, 0X1, 0x65bc, 0X3, 0x65bd, 0X2, 0x65bc, 0X1, 0x65bd, 0X1, 0x65bc, 0X1, 0x659d, 0X1, 0x7bff, 0X1, 0x0000, 0X2, 0xfdca, 0X1, 0xf60b, 0X1, 0xfe2c, 0XB, 0x0000, 0X23, 0x7bff, 0X1, 0x65bc, 0X1, 0x65bd, 0XD, 0x7dff, 0X1, 0xfdc9, 0X1, 0xfd88, 0X1, 0xfdeb, 0X1, 0xfe2c, 0X9, 0xf60b, 0X1, 0x0000, 0X22, 0x659c, 0X1, 0x65bc, 0X1, 0x65bd, 0XF, 0xe58c, 0X1, 0xfd68, 0X1, 0xfd88, 0X1, 0xfdeb, 
0X1, 0xfe2c, 0X8, 0xf62b, 0X1, 0xf60b, 0X1, 0x0000, 0X20, 0x65bd, 0X1, 0x65bc, 0X1, 0x65bd, 0X10, 0x6dbb, 0X1, 0xd58d, 0X1, 0xfd68, 0X1, 0xfd88, 0X1, 0xfe0b, 0X1, 0xfe2c, 0X9, 0x0000, 0X1F, 0x65bd, 0X14, 0x6dbc, 0X1, 0xd58d, 0X1, 0xfd68, 0X1, 0xfda9, 0X1, 0xfe2c, 0X8, 0xf62b, 0X1, 0xfe2b, 0X1, 0x0000, 0X1D, 0x65bd, 0X1, 0x65bc, 0X1, 0x65bd, 0X14, 0x6dbb, 0X1, 0xe56a, 0X1, 0xfd68, 0X1, 0xfdea, 0X1, 0xfe2c, 0X8, 0xf60c, 0X1, 0xfe6c, 0X1, 0x0000, 0X1B, 0x7bff, 0X1, 0x65bd, 0X17, 0x8598, 0X1, 0xfd68, 0X1, 0xfd88, 0X1, 0xfe0b, 
0X1, 0xfe2c, 0X8, 0xf62b, 0X1, 0x0000, 0X1B, 0x65bd, 0X19, 0xc58f, 0X1, 0xfd68, 0X1, 0xfd89, 0X1, 0xfe0b, 0X1, 0xfe2c, 0X8, 0xf60b, 0X1, 0xffef, 0X1, 0x0000, 0X19, 0x65bc, 0X1, 0x65bd, 0X18, 0x85b9, 0X1, 0xfd68, 0X3, 0xfd88, 0X1, 0xfd89, 0X1, 0xfd88, 0X4, 0xfda9, 0X1, 0xfdea, 0X1, 0xfe0b, 0X1, 0xf62c, 0X1, 0xfe6c, 0X1, 0x0000, 0X17, 0x65bd, 0X1A, 0x65bc, 0X1, 0xcd8e, 0X1, 0xfd68, 0XA, 0xfd88, 0X1, 0xfdca, 0X1, 0xf60b, 0X1, 0xf62b, 0X1, 0x0000, 0X16, 0x65bd, 0X19, 0x557c, 0X1, 0x455b, 0X1, 0x7d76, 0X1, 0xf569, 0X1, 0xbd90, 0X1, 
0x95b6, 0X1, 0x7dba, 0X1, 0x6dbc, 0X2, 0x7dba, 0X1, 0x95b6, 0X1, 0xbd90, 0X1, 0xf569, 0X1, 0xfd68, 0X2, 0xfd89, 0X1, 0xfe0b, 0X1, 0xf60b, 0X2, 0x0000, 0X14, 0x65bc, 0X1, 0x65bd, 0X16, 0x5d9c, 0X1, 0x4d5b, 0X1, 0x453b, 0X2, 0x5d9b, 0X1, 0x6dbb, 0X1, 0x65bd, 0X8, 0x6dbb, 0X1, 0xad92, 0X1, 0xf568, 0X1, 0xfd68, 0X1, 0xfd88, 0X1, 0xfe0b, 0X1, 0xfe2c, 0X1, 0xf62c, 0X1, 0xf62b, 0X1, 0xfe2b, 0X1, 0xfe0c, 0X1, 0xf60c, 0X1, 0xf62c, 0X2, 0xfe0b, 0X1, 0x0000, 0X8, 0x6dfd, 0X1, 0x65bc, 0X1, 0x65bd, 0X2, 0x65bc, 0X1, 0x65bd, 0X15, 0x5dbc, 
0X1, 0x455b, 0X1, 0x453b, 0X1, 0x455b, 0X1, 0x5d9c, 0X1, 0x65bd, 0XC, 0x85b8, 0X1, 0xe58a, 0X1, 0xfd68, 0X1, 0xfd89, 0X1, 0xfe0b, 0X1, 0xfe2c, 0X8, 0x0000, 0X6, 0x56bf, 0X1, 0x65bd, 0X1, 0x65bc, 0X1, 0x65bd, 0X19, 0x4d5b, 0X1, 0x453b, 0X1, 0x455b, 0X1, 0x5d9c, 0X1, 0x65bd, 0XE, 0x75ba, 0X1, 0xed6a, 0X1, 0xfd68, 0X1, 0xfdca, 0X1, 0xfe2c, 0X6, 0xf60b, 0X1, 0xfe0b, 0X1, 0x0000, 0X5, 0x4d5c, 0X1, 0x5d7c, 0X1, 0x65bd, 0X1A, 0x557c, 0X1, 0x453b, 0X2, 0x5d9c, 0X1, 0x65bd, 0X10, 0x7db9, 0X1, 0xf588, 0X1, 0xfd88, 0X1, 0xfe0b, 0X1, 
0xfe2c, 0X5, 0xfe0b, 0X1, 0x0000, 0X5, 0x557b, 0X1, 0x4d5b, 0X1, 0x65bc, 0X1, 0x65bd, 0X19, 0x65bc, 0X1, 0x455b, 0X1, 0x453b, 0X1, 0x557c, 0X1, 0x65bd, 0X12, 0xb592, 0X1, 0xfd68, 0X1, 0xfdca, 0X1, 0xfe2c, 0X4, 0xfe2b, 0X1, 0xfe4b, 0X1, 0x0000, 0X4, 0x5ddc, 0X1, 0x4d5b, 0X1, 0x557b, 0X1, 0x65bd, 0X1A, 0x557c, 0X1, 0x453b, 0X2, 0x65bc, 0X1, 0x65bd, 0X12, 0x6dbb, 0X1, 0xf589, 0X1, 0xfd88, 0X1, 0xfe0b, 0X1, 0xfe2c, 0X2, 0xf60b, 0X1, 0xfe2b, 0X1, 0x0000, 0X5, 0x4d5b, 0X1, 0x453b, 0X1, 0x5d9c, 0X1, 0x65bd, 0X1A, 0x4d5b, 0X1, 0x453b, 
0X1, 0x557b, 0X1, 0x65bd, 0X14, 0xc590, 0X1, 0xfd68, 0X1, 0xfda9, 0X1, 0xfe0b, 0X1, 0xf60b, 0X1, 0xf60c, 0X1, 0x0000, 0X5, 0x55bc, 0X1, 0x453b, 0X2, 0x5dbc, 0X1, 0x65bd, 0X1A, 0x4d5b, 0X1, 0x453b, 0X1, 0x5d9c, 0X1, 0x65bd, 0X14, 0x9596, 0X1, 0xfd68, 0X2, 0xfd88, 0X1, 0xfdeb, 0X1, 0x0000, 0X6, 0x4d7b, 0X1, 0x453b, 0X2, 0x65bd, 0X17, 0x5d9c, 0X1, 0x557b, 0X1, 0x4d5b, 0X1, 0x453b, 0X3, 0x5d9c, 0X1, 0x65bd, 0X14, 0x7dba, 0X1, 0xfd68, 0X1, 0xfda9, 0X1, 0xfdc9, 0X1, 0x0000, 0X7, 0x4d5b, 0X1, 0x453b, 0X2, 0x65bd, 0X16, 0x557b, 0X1, 
0x453b, 0X2, 0x4d5b, 0X1, 0x557c, 0X1, 0x5d9c, 0X1, 0x65bc, 0X1, 0x65bd, 0X16, 0x65bc, 0X1, 0x65bd, 0X1, 0x65bc, 0X1, 0x659c, 0X1, 0x0000, 0X6, 0x455b, 0X1, 0x453b, 0X2, 0x5dbc, 0X1, 0x65bd, 0X14, 0x4d5b, 0X1, 0x453b, 0X2, 0x4d5b, 0X1, 0x65bd, 0X1D, 0x65bc, 0X1, 0x65bd, 0X1, 0x555a, 0X1, 0x0000, 0X4, 0x453b, 0X3, 0x5d9c, 0X1, 0x65bd, 0X13, 0x557b, 0X1, 0x453b, 0X2, 0x4d5b, 0X1, 0x557c, 0X1, 0x65bd, 0X20, 0x555a, 0X1, 0x0000, 0X3, 0x453b, 0X3, 0x557b, 0X1, 0x65bd, 0X12, 0x5d9c, 0X1, 0x453b, 0X2, 0x4d5b, 0X1, 0x453b, 0X1, 0x5d9c, 
0X1, 0x65bd, 0X21, 0x0000, 0X3, 0x455b, 0X1, 0x453b, 0X2, 0x455b, 0X1, 0x65bc, 0X1, 0x65bd, 0X11, 0x557b, 0X1, 0x453b, 0X1, 0x4d5b, 0X1, 0x453b, 0X2, 0x65bc, 0X1, 0x65bd, 0X20, 0x65bc, 0X2, 0x0000, 0X2, 0x4d5b, 0X1, 0x453b, 0X3, 0x557c, 0X1, 0x65bd, 0X11, 0x4d5b, 0X1, 0x453b, 0X1, 0x4d5b, 0X1, 0x453b, 0X2, 0x65bc, 0X1, 0x65bd, 0X21, 0x65bc, 0X1, 0x0000, 0X2, 0x4d7b, 0X1, 0x453b, 0X3, 0x455b, 0X1, 0x5d9c, 0X1, 0x65bd, 0X10, 0x455b, 0X1, 0x453b, 0X1, 0x4d5b, 0X1, 0x453b, 0X2, 0x5d9c, 0X1, 0x65bd, 0X22, 0x0000, 0X2, 0x5d7c, 0X1, 
0x453b, 0X4, 0x455b, 0X1, 0x5dbc, 0X1, 0x65bd, 0XF, 0x453b, 0X5, 0x557c, 0X1, 0x65bd, 0X21, 0x65bc, 0X1, 0x0000, 0X3, 0x4d5b, 0X1, 0x453b, 0X4, 0x455b, 0X1, 0x5d9c, 0X1, 0x65bd, 0XE, 0x4d5b, 0X1, 0x453b, 0X4, 0x4d5b, 0X1, 0x65bd, 0X21, 0x65bc, 0X1, 0x0000, 0X3, 0x555b, 0X1, 0x4d5b, 0X1, 0x453b, 0X5, 0x557c, 0X1, 0x65bc, 0X1, 0x65bd, 0XC, 0x557b, 0X1, 0x453b, 0X1, 0x4d5b, 0X1, 0x453b, 0X3, 0x557c, 0X1, 0x65bd, 0X21, 0x0000, 0X4, 0x555b, 0X1, 0x453b, 0X6, 0x455b, 0X1, 0x557b, 0X1, 0x5d9c, 0X1, 0x5dbc, 0X1, 0x65bd, 0X9, 0x5d9c, 
0X1, 0x453b, 0X1, 0x4d5b, 0X1, 0x453b, 0X3, 0x455b, 0X1, 0x5d9c, 0X1, 0x65bd, 0X1F, 0x65bc, 0X1, 0x0000, 0X5, 0x557b, 0X1, 0x4d5b, 0X1, 0x453b, 0X13, 0x4d5b, 0X1, 0x453b, 0X4, 0x455b, 0X1, 0x557c, 0X1, 0x65bd, 0X1D, 0x65bc, 0X2, 0x0000, 0X6, 0x55db, 0X1, 0x4d7b, 0X1, 0x453b, 0X13, 0x4d5b, 0X1, 0x453b, 0X5, 0x4d5b, 0X1, 0x557c, 0X1, 0x5d9c, 0X1, 0x65bc, 0X1, 0x65bd, 0X16, 0x65bc, 0X1, 0x5d9c, 0X1, 0x557c, 0X1, 0x557b, 0X1, 0x0000, 0X9, 0x553c, 0X1, 0x4d5b, 0X2, 0x455b, 0X1, 0x453b, 0X10, 0x4d5b, 0X1, 0x453b, 0X20, 0x4d5b, 0X1, 0x563c, 0X1, 0x0000, 0X1D, 0x4d9a, 0X1, 0x4d5b, 0X1, 0x453b, 0X1E, 0x4d7b, 0X1, 0x563c, 0X1, 0x0000, 0X20, 0x557b, 0X1, 0x4d7b, 0X1, 0x4d5b, 0X1, 0x453b, 0X18, 0x4d5b, 0X2, 0x557c, 0X1, 0x0000, 0X245
};

static const uint16_t lcd_02d_small[1004] = { 
0x0000, 0X127, 0xfec0, 0X2, 0x0000, 0X3D, 0xfde0, 0X1, 0xfec0, 0X2, 0x0000, 0X3D, 0xfe60, 0X1, 0xfec0, 0X2, 0x0000, 0X36, 0xfce0, 0X1, 0xfde0, 0X1, 0x0000, 0X5, 0xfe60, 0X1, 0xfec0, 0X2, 0x0000, 0X6, 0xfd40, 0X1, 0xfcc0, 0X1, 0x0000, 0X2D, 0xfcc0, 0X1, 0xfd20, 0X2, 0x0000, 0X5, 0xfe60, 0X1, 0xfec0, 0X2, 0x0000, 0X5, 0xfde0, 0X1, 0xfd20, 0X2, 0x0000, 0X2D, 0xffe0, 0X1, 0xfd20, 0X2, 0xfd00, 0X1, 0x0000, 0X4, 0xffe0, 0X1, 0xfec0, 0X2, 0x0000, 0X5, 0xfd20, 0X3, 0x0000, 0X2E, 0xfd20, 0X3, 0x0000, 0X5, 0xfec0, 0X1, 0xfee0, 0X1, 0x0000, 0X5, 0xfd20, 0X2, 0xfd00, 0X1, 0x0000, 0X25, 0xfec0, 0X3, 0x0000, 0X6, 0xfd40, 0X1, 0xfd00, 0X1, 0xfd20, 0X1, 0x0000, 0XC, 0xfd00, 0X1, 0xfd20, 0X1, 0xfde0, 0X1, 0x0000, 
0X5, 0xffe0, 0X1, 0xfec0, 0X3, 0x0000, 0X1C, 0xfec0, 0X4, 0x0000, 0X1B, 0xffe0, 0X1, 0xfec0, 0X3, 0xfea0, 0X1, 0x0000, 0X1D, 0xfea0, 0X1, 0xfec0, 0X3, 0x0000, 0X9, 0xfec0, 0X2, 0xfea0, 0X1, 0xfe60, 0X1, 0xfe40, 0X1, 0xfe20, 0X2, 0xfde0, 0X1, 0x0000, 0X8, 0xffe0, 0X1, 0xfec0, 0X4, 0x0000, 0X1F, 0xfec0, 0X4, 0x0000, 0X5, 0xfea0, 0X1, 0xfec0, 0X6, 0xfea0, 0X1, 0xfe80, 0X1, 0xfe20, 0X1, 0xfde0, 0X1, 0xfe00, 0X1, 0xfe20, 0X1, 0xfde0, 0X1, 0x0000, 0X5, 0xfec0, 0X4, 0x0000, 0X21, 0xfec0, 0X3, 0x0000, 0X3, 0xffe0, 0X1, 0xfec0, 0XB, 0xfea0, 0X1, 0xfe20, 0X1, 0xfdc0, 0X1, 0xfde0, 0X1, 0xfe40, 0X1, 0x0000, 0X4, 0xfec0, 0X3, 0x0000, 0X27, 0xfea0, 0X1, 0xfec0, 0XE, 0xfe80, 0X1, 0xfde0, 0X1, 0xfdc0, 0X1, 0xfe00, 
0X1, 0xfe60, 0X1, 0x0000, 0X2B, 0xfec0, 0X11, 0xfea0, 0X1, 0xfde0, 0X1, 0xfdc0, 0X1, 0xfe00, 0X1, 0xfe40, 0X1, 0x0000, 0X29, 0xfee0, 0X1, 0xfec0, 0X12, 0xfea0, 0X1, 0xfde0, 0X1, 0xfdc0, 0X1, 0xfe00, 0X1, 0xfe20, 0X1, 0x0000, 0X1F, 0xfd20, 0X3, 0xfcc0, 0X1, 0x0000, 0X4, 0xff20, 0X1, 0xfec0, 0X14, 0xfe80, 0X1, 0xfde0, 0X1, 0xfdc0, 0X1, 0xfe00, 0X1, 0xffe0, 0X1, 0x0000, 0X4, 0xfd20, 0X1, 0xfd00, 0X1, 0xfd20, 0X1, 0xfd40, 0X1, 0x0000, 0X16, 0xfd00, 0X1, 0xfd20, 0X3, 0xfd00, 0X1, 0x0000, 0X3, 0xfec0, 0X16, 0xfe40, 0X1, 0xfdc0, 0X2, 0xfe40, 0X1, 0x0000, 0X3, 0xfd00, 0X1, 0xfd20, 0X3, 0xfd00, 0X1, 0x0000, 0X17, 0xfd20, 0X2, 0xfd00, 0X2, 0x0000, 0X2, 0xfec0, 0X17, 0xfea0, 0X1, 0xfde0, 0X1, 0xfdc0, 0X1, 0xfde0, 
0X1, 0xfe80, 0X1, 0x0000, 0X2, 0xfd20, 0X2, 0xfd00, 0X1, 0xfd20, 0X1, 0x0000, 0X1E, 0xfec0, 0X18, 0xfe40, 0X1, 0xfdc0, 0X2, 0xfe20, 0X1, 0x0000, 0X23, 0xfea0, 0X1, 0xfec0, 0X18, 0xfea0, 0X1, 0xfdc0, 0X2, 0xfe00, 0X1, 0x0000, 0X20, 0xc79f, 0X1, 0xc77f, 0X1, 0xcf9f, 0X1, 0xcf7e, 0X1, 0xc77c, 0X1, 0xbf5d, 0X1, 0xb73c, 0X1, 0xaf3d, 0X1, 0xbf18, 0X1, 0xdf0f, 0X1, 0xfec2, 0X1, 0xfec0, 0X12, 0xfe00, 0X1, 0xfdc0, 0X1, 0xfde0, 0X1, 0xfe00, 0X1, 0x0000, 0X1D, 0xcf7f, 0X9, 0xc77f, 0X1, 0xb75f, 0X1, 0x9f1f, 0X2, 0xbf18, 0X1, 0xf6c5, 0X1, 0xfec0, 0X10, 0xfe40, 0X1, 0xfdc0, 0X2, 0xfe20, 0X1, 0x0000, 0X1B, 0xc79f, 0X1, 0xc77f, 0X1, 0xcf7f, 0XB, 0xc77f, 0X1, 0xaf5f, 0X1, 0x9f1f, 0X2, 0xcf13, 0X1, 0xfec0, 0XF, 0xfe60, 
0X1, 0xfdc0, 0X2, 0xfe20, 0X1, 0x0000, 0X1A, 0xc79f, 0X1, 0xcf9f, 0X1, 0xcf7f, 0XE, 0xbf7f, 0X1, 0x9f1f, 0X2, 0xaf3c, 0X1, 0xfec2, 0X1, 0xfec0, 0XD, 0xfe60, 0X1, 0xfdc0, 0X2, 0xfe00, 0X1, 0x0000, 0X3, 0xfec0, 0X6, 0x0000, 0X10, 0xcf7f, 0X12, 0xc77f, 0X1, 0x9f1f, 0X2, 0xaf3d, 0X1, 0xfec2, 0X1, 0xfec0, 0XC, 0xfe60, 0X1, 0xfdc0, 0X2, 0xfe00, 0X1, 0x0000, 0X2, 0xfec0, 0X7, 0x0000, 0XF, 0xc79f, 0X1, 0xcf7f, 0X13, 0xbf7f, 0X1, 0x9f1f, 0X2, 0xaf3c, 0X1, 0xfec0, 0XC, 0xfe60, 0X1, 0xfdc0, 0X2, 0xfe20, 0X1, 0x0000, 0X3, 0xfee0, 0X1, 0xfea0, 0X5, 0x0000, 0XE, 0xffff, 0X1, 0xcf7f, 0X15, 0xb75f, 0X1, 0x9f1f, 0X2, 0xcf14, 0X1, 0xfec0, 0XB, 0xfe40, 0X1, 0xfdc0, 0X2, 0xfe20, 0X1, 0x0000, 0X17, 0xcf7f, 0X16, 0xc77f, 
0X1, 0xa73f, 0X1, 0x9f1f, 0X2, 0xeee6, 0X1, 0xfec0, 0XA, 0xfe20, 0X1, 0xfdc0, 0X2, 0xfe40, 0X1, 0x0000, 0X16, 0xcfff, 0X1, 0xcf7f, 0X17, 0xbf5f, 0X1, 0x9f1f, 0X2, 0xbf19, 0X1, 0xfec0, 0XA, 0xfde0, 0X1, 0xfdc0, 0X1, 0xfde0, 0X1, 0xfe60, 0X1, 0x0000, 0X16, 0xc79f, 0X1, 0xcf7f, 0X17, 0xc77f, 0X1, 0x9f3f, 0X1, 0x9f1f, 0X2, 0xf6c3, 0X1, 0xfec0, 0X8, 0xfe80, 0X1, 0xfdc0, 0X2, 0xfe00, 0X1, 0x0000, 0X17, 0xcf9f, 0X1, 0xcf7f, 0X18, 0xaf5f, 0X1, 0x9f1f, 0X2, 0xd711, 0X1, 0xfec0, 0X8, 0xfe20, 0X1, 0xfdc0, 0X2, 0xfe40, 0X1, 0x0000, 0X2, 0xfd20, 0X1, 0xfd00, 0X2, 0x0000, 0X11, 0xcfff, 0X1, 0xcf7f, 0X19, 0xbf5f, 0X1, 0x9f1f, 0X2, 0xb73b, 0X1, 0xfec0, 0X7, 0xfe80, 0X1, 0xfdc0, 0X2, 0xfe00, 0X1, 0x0000, 0X3, 0xfd20, 
0X4, 0xfce0, 0X1, 0x0000, 0XF, 0xcf9f, 0X1, 0xcf7f, 0X19, 0xc77f, 0X1, 0xaf5f, 0X1, 0xaf3f, 0X1, 0xaf3e, 0X1, 0xe70c, 0X1, 0xef0a, 0X5, 0xef0b, 0X1, 0xe68d, 0X1, 0xde8f, 0X1, 0xd690, 0X1, 0xc716, 0X1, 0xaf3f, 0X1, 0x0000, 0X2, 0xfd40, 0X1, 0xfd20, 0X4, 0x0000, 0XF, 0xc77f, 0X1, 0xcf7f, 0X26, 0xc77f, 0X1, 0xb75f, 0X1, 0xa73f, 0X1, 0x9f3f, 0X1, 0xaf3f, 0X1, 0xaf5f, 0X1, 0x0000, 0X1, 0xfce0, 0X1, 0xfd20, 0X1, 0x0000, 0X10, 0xcf7f, 0X29, 0xc77f, 0X1, 0xb75f, 0X1, 0x9f1f, 0X2, 0xaf3f, 0X1, 0xaf1f, 0X1, 0x0000, 0X11, 0xaf3f, 0X1, 0x9f1f, 0X6, 0xaf3f, 0X1, 0xcf7f, 0X23, 0xc77f, 0X1, 0xa73f, 0X1, 0x9f1f, 0X1, 0xa73f, 0X1, 0xaf3f, 0X1, 0x0000, 0XC, 0xcfff, 0X1, 0xc77f, 0X1, 0xcf9f, 0X1, 0xc79f, 0X1, 0xaf5f, 
0X1, 0xa73f, 0X6, 0xaf5f, 0X1, 0xcf7f, 0X24, 0xc77f, 0X1, 0x9f3f, 0X1, 0x9f1f, 0X1, 0x9f3f, 0X1, 0xaf5f, 0X1, 0x0000, 0X8, 0xcf7f, 0X1, 0xc77f, 0X1, 0xcf7f, 0X32, 0xc77f, 0X1, 0x9f1f, 0X2, 0xa73f, 0X1, 0xbf5f, 0X1, 0x0000, 0X5, 0xcf7f, 0X1, 0xc79f, 0X1, 0xcf7f, 0X35, 0xb75f, 0X1, 0x9f1f, 0X2, 0xaf3f, 0X1, 0x0000, 0X4, 0xcf9f, 0X1, 0xcf7f, 0X37, 0xc77f, 0X1, 0x9f1f, 0X3, 0xaf1f, 0X1, 0x0000, 0X2, 0xcf7f, 0X1, 0xc77f, 0X1, 0xcf7f, 0X38, 0xaf5f, 0X1, 0x9f1f, 0X2, 0xaf3f, 0X1, 0x0000, 0X2, 0xc77f, 0X1, 0xcf7f, 0X39, 0xbf7f, 0X1, 0x9f1f, 0X2, 0xa73f, 0X1, 0x0000, 0X1, 0xc77f, 0X1, 0xcf7f, 0X3A, 0xc77f, 0X1, 0x9f1f, 0X3, 0x0000, 0X1, 0xcf9f, 0X1, 0xcf7f, 0X3B, 0x9f1f, 0X3, 0xffff, 0X1, 0xcf7f, 0X3C, 0x9f1f, 
0X3, 0x9fff, 0X1, 0xcf7f, 0X3B, 0xc77f, 0X1, 0x9f1f, 0X3, 0x0000, 0X1, 0xcf7f, 0X3B, 0xc77f, 0X1, 0x9f1f, 0X2, 0xa73f, 0X1, 0x0000, 0X1, 0xcf7f, 0X3B, 0xb75f, 0X1, 0x9f1f, 0X2, 0xaf3f, 0X1, 0x0000, 0X1, 0xcf7f, 0X3B, 0xa73f, 0X1, 0x9f1f, 0X2, 0xaf3f, 0X1, 0x0000, 0X1, 0xc77f, 0X1, 0xcf7f, 0X39, 0xbf7f, 0X1, 0x9f1f, 0X2, 0xa73f, 0X1, 0x0000, 0X2, 0xc79f, 0X1, 0xcf7f, 0X39, 0xa73f, 0X1, 0x9f1f, 0X2, 0xb75f, 0X1, 0x0000, 0X3, 0xcf7f, 0X38, 0xb75f, 0X1, 0x9f1f, 0X2, 0xaf3f, 0X1, 0x0000, 0X4, 0xffff, 0X1, 0xcf7f, 0X36, 0xb75f, 0X1, 0x9f1f, 0X2, 0xaf3f, 0X1, 0x0000, 0X6, 0xb7ff, 0X1, 0xcf7f, 0X33, 0xc77f, 0X1, 0xaf5f, 0X1, 0x9f1f, 0X2, 0xaf3f, 0X1, 0x0000, 0X9, 0xc77f, 0X1, 0xcf7f, 0X30, 0xb75f, 0X1, 0xa73f, 0X1, 0x9f1f, 0X1, 0xa73f, 0X1, 0xb75f, 0X1, 0x0000, 0XB, 0xd7ff, 0X1, 0xcf9f, 0X1, 0xcf7f, 0X1, 0xc77f, 0X2, 0xcf7f, 0X27, 0xc77f, 0X1, 0xbf7f, 0X1, 0xb75f, 0X1, 0xa73f, 0X2, 0xaf3f, 0X1, 0xb73f, 0X1, 0x0000, 0X108
};

static const uint16_t lcd_01n_small[1474] = { 
0x0000, 0X18, 0xdedb, 0X2, 0xd6ba, 0X3, 0xdedb, 0X1, 0xdefb, 0X2, 0xe71c, 0X1, 0xe73c, 0X6, 0xef5d, 0X1, 0x0000, 0X2D, 0xdedb, 0X1, 0xd6ba, 0X1, 0xd69a, 0X1, 0xce79, 0X1, 0xd6ba, 0X1, 0xdefb, 0X1, 0xe73c, 0X10, 0x0000, 0X27, 0xdedb, 0X1, 0xd6ba, 0X1, 0xd69a, 0X1, 0xce79, 0X1, 0xd69a, 0X1, 0xdedb, 0X1, 0xe73c, 0X15, 0xef5d, 0X1, 0x0000, 0X22, 0xdedb, 0X1, 0xd6ba, 0X1, 0xce79, 0X2, 0xd69a, 0X1, 0xdefb, 0X1, 0xe73c, 0X19, 0xe71c, 0X1, 0x0000, 0X1E, 0xffff, 0X1, 0xd6ba, 0X1, 0xd69a, 0X1, 0xce79, 0X2, 0xdedb, 0X1, 0xe73c, 0X1B, 0xce59, 0X1, 0xce79, 0X1, 0xffff, 0X1, 0x0000, 0X1B, 0xdedb, 0X1, 0xd69a, 0X1, 0xce79, 0X2, 0xd69a, 0X1, 0xe71c, 0X1, 0xe73c, 0X1B, 0xdedb, 0X1, 0xbdf7, 0X2, 0xc638, 0X1, 0xd69a, 0X1, 
0x0000, 0X19, 0xd6ba, 0X1, 0xd69a, 0X1, 0xce79, 0X2, 0xdedb, 0X1, 0xe73c, 0XB, 0xe71c, 0X1, 0xd69a, 0X1, 0xc638, 0X3, 0xd69a, 0X1, 0xdefb, 0X1, 0xe73c, 0XB, 0xc638, 0X1, 0xbdf7, 0X3, 0xce79, 0X1, 0xdedb, 0X1, 0x0000, 0X16, 0xffff, 0X1, 0xd6ba, 0X1, 0xce79, 0X3, 0xdefb, 0X1, 0xe73c, 0XB, 0xce79, 0X1, 0xc618, 0X1, 0xbdf7, 0X2, 0xc638, 0X1, 0xce79, 0X3, 0xd69a, 0X1, 0xe71c, 0X1, 0xe73c, 0X8, 0xe71c, 0X1, 0xbdf7, 0X3, 0xc618, 0X1, 0xce79, 0X2, 0xd6ba, 0X1, 0xffff, 0X1, 0x0000, 0X13, 0xd6ba, 0X2, 0xce79, 0X3, 0xe71c, 0X1, 0xe73c, 
0XB, 0xce59, 0X1, 0xbdf7, 0X3, 0xce59, 0X1, 0xce79, 0X6, 0xdefb, 0X1, 0xe73c, 0X7, 0xd6ba, 0X1, 0xbdf7, 0X3, 0xc638, 0X1, 0xce79, 0X3, 0xd6ba, 0X1, 0xe73c, 0X1, 0x0000, 0X11, 0xd6ba, 0X1, 0xd69a, 0X1, 0xce79, 0X2, 0xd69a, 0X1, 0xe71c, 0X1, 0xe73c, 0XB, 0xce79, 0X1, 0xbdf7, 0X3, 0xce59, 0X1, 0xce79, 0X8, 0xe71c, 0X1, 0xe73c, 0X6, 0xce59, 0X1, 0xbdf7, 0X3, 0xce59, 0X1, 0xce79, 0X4, 0xd69a, 0X1, 0xef5d, 0X1, 0x0000, 0XF, 0xffff, 0X1, 0xd6ba, 0X1, 0xce79, 0X3, 0xe71c, 0X1, 0xe73c, 0XB, 0xe71c, 0X1, 0xc618, 0X1, 0xbdf7, 0X2, 
0xc618, 0X1, 0xce79, 0X9, 0xd6ba, 0X1, 0xe73c, 0X6, 0xc638, 0X1, 0xbdf7, 0X3, 0xce59, 0X1, 0xce79, 0X5, 0xd6ba, 0X1, 0xffff, 0X1, 0x0000, 0XE, 0xd6ba, 0X1, 0xce79, 0X3, 0xdefb, 0X1, 0xe73c, 0XC, 0xce79, 0X1, 0xbdf7, 0X3, 0xce59, 0X1, 0xce79, 0XA, 0xe71c, 0X1, 0xe73c, 0X5, 0xc638, 0X1, 0xbdf7, 0X3, 0xce59, 0X1, 0xce79, 0X6, 0xd6ba, 0X1, 0x0000, 0XD, 0xdedb, 0X1, 0xce79, 0X3, 0xdedb, 0X1, 0xe73c, 0XD, 0xc638, 0X1, 0xbdf7, 0X3, 0xce59, 0X1, 0xce79, 0XA, 0xdefb, 0X1, 0xe73c, 0X5, 0xce59, 0X1, 0xbdf7, 0X3, 0xce59, 0X1, 0xce79, 
0X7, 0xd6ba, 0X1, 0x0000, 0XB, 0xdefb, 0X1, 0xd69a, 0X1, 0xce79, 0X2, 0xd69a, 0X1, 0xe73c, 0XE, 0xc618, 0X1, 0xbdf7, 0X3, 0xce79, 0XB, 0xdedb, 0X1, 0xe73c, 0X5, 0xce59, 0X1, 0xbdf7, 0X3, 0xce59, 0X1, 0xce79, 0X7, 0xd69a, 0X1, 0xdedb, 0X1, 0x0000, 0X9, 0xffff, 0X1, 0xd69a, 0X1, 0xce79, 0X3, 0xe71c, 0X1, 0xe73c, 0XE, 0xc618, 0X1, 0xbdf7, 0X3, 0xce79, 0XB, 0xdedb, 0X1, 0xe73c, 0X5, 0xd69a, 0X1, 0xbdf7, 0X3, 0xc638, 0X1, 0xce79, 0X8, 0xd69a, 0X1, 0xffff, 0X1, 0x0000, 0X8, 0xd6ba, 0X1, 0xce79, 0X3, 0xdedb, 0X1, 0xe73c, 0XF, 0xc638, 0X1, 0xbdf7, 0X3, 0xce59, 0X1, 0xce79, 0XA, 0xdefb, 0X1, 0xe73c, 0X5, 0xe71c, 0X1, 0xbdf7, 0X3, 0xc618, 0X1, 0xce79, 0X9, 0xdedb, 0X1, 0x0000, 0X7, 0xdedb, 0X1, 0xd69a, 
0X1, 0xce79, 0X2, 0xd69a, 0X1, 0xe73c, 0X10, 0xd69a, 0X1, 0xbdf7, 0X3, 0xc638, 0X1, 0xce79, 0XA, 0xe73c, 0X7, 0xc638, 0X1, 0xbdf7, 0X3, 0xce79, 0X9, 0xd69a, 0X1, 0xdedb, 0X1, 0x0000, 0X6, 0xd6ba, 0X1, 0xce79, 0X3, 0xdefb, 0X1, 0xe73c, 0X11, 0xc618, 0X1, 0xbdf7, 0X2, 0xc618, 0X1, 0xce79, 0X9, 0xd6ba, 0X1, 0xe73c, 0X7, 0xd6ba, 0X1, 0xbdf7, 0X3, 0xc638, 0X1, 0xce79, 0X9, 0xd6ba, 0X1, 0x0000, 0X5, 0xdedb, 0X1, 0xce79, 0X3, 0xd69a, 0X1, 0xe73c, 0X12, 0xd6ba, 0X1, 0xbdf7, 0X3, 0xc638, 0X1, 0xce79, 0X7, 0xd69a, 0X1, 0xe73c, 0X9, 0xc638, 0X1, 0xbdf7, 0X2, 0xc618, 0X1, 0xce59, 0X1, 0xce79, 0X9, 0xdefb, 0X1, 0x0000, 0X4, 0xd6ba, 0X1, 0xce79, 0X3, 0xdefb, 0X1, 0xe73c, 0X13, 0xd69a, 0X1, 0xbdf7, 0X3, 0xc638, 
0X1, 0xce79, 0X5, 0xd69a, 0X1, 0xe71c, 0X1, 0xe73c, 0X9, 0xdefb, 0X1, 0xc618, 0X1, 0xbdf7, 0X2, 0xc618, 0X1, 0xce79, 0X9, 0xd6ba, 0X1, 0x0000, 0X4, 0xd69a, 0X1, 0xce79, 0X3, 0xe73c, 0X15, 0xdedb, 0X1, 0xc618, 0X1, 0xbdf7, 0X2, 0xc638, 0X1, 0xce79, 0X3, 0xd6ba, 0X1, 0xe73c, 0XC, 0xdedb, 0X1, 0xc618, 0X1, 0xbdf7, 0X2, 0xc638, 0X1, 0xce79, 0X8, 0xd69a, 0X1, 0xffff, 0X1, 0x0000, 0X2, 0xdedb, 0X1, 0xce79, 0X3, 0xd6ba, 0X1, 0xe73c, 0X17, 0xdedb, 0X1, 0xce79, 0X1, 0xce59, 0X2, 0xdedb, 0X1, 0xe73c, 0XF, 0xdedb, 0X1, 0xc618, 0X1, 0xbdf7, 0X2, 0xc638, 0X1, 0xce79, 0X8, 0xd6ba, 0X1, 0x0000, 0X2, 0xd6ba, 0X1, 0xce79, 0X3, 0xdefb, 0X1, 0xe73c, 0X2C, 0xdefb, 0X1, 0xc638, 0X1, 0xbdf7, 0X2, 0xc618, 0X1, 0xce59, 
0X1, 0xce79, 0X6, 0xd6ba, 0X1, 0x0000, 0X2, 0xd69a, 0X1, 0xce79, 0X3, 0xe73c, 0X2F, 0xdedb, 0X1, 0xc638, 0X1, 0xc618, 0X1, 0xbdf7, 0X1, 0xc638, 0X1, 0xce59, 0X1, 0xce79, 0X4, 0xd69a, 0X1, 0x0000, 0X1, 0xdedb, 0X1, 0xce79, 0X3, 0xd69a, 0X1, 0xe73c, 0X31, 0xe71c, 0X1, 0xd6ba, 0X1, 0xce79, 0X1, 0xce59, 0X2, 0xd69a, 0X1, 0xdedb, 0X1, 0xe71c, 0X1, 0xe73c, 0X2, 0xdedb, 0X1, 0xce79, 0X3, 0xdedb, 0X1, 0xe73c, 0X3B, 0xd6ba, 0X1, 0xce79, 0X3, 0xdefb, 0X1, 0xe73c, 0X3B, 0xd6ba, 0X1, 0xce79, 0X3, 0xe71c, 0X1, 0xe73c, 0X3A, 0xef5d, 0X1, 0xd69a, 0X1, 0xce79, 0X3, 0xe73c, 0X3C, 0xd69a, 0X1, 0xce79, 0X3, 0xe73c, 0X2E, 0xe71c, 0X2, 0xe73c, 0XC, 0xce79, 0X4, 0xe73c, 0X1D, 0xdedb, 0X1, 0xc638, 0X1, 0xce59, 0X1, 0xdefb, 
0X1, 0xe73c, 0XB, 0xe71c, 0X1, 0xc638, 0X1, 0xbdf7, 0X2, 0xc638, 0X1, 0xdefb, 0X1, 0xe73c, 0XA, 0xce79, 0X4, 0xe73c, 0X1C, 0xe71c, 0X1, 0xc618, 0X1, 0xbdf7, 0X2, 0xc618, 0X1, 0xe73c, 0XB, 0xc618, 0X1, 0xbdf7, 0X2, 0xc618, 0X1, 0xce79, 0X2, 0xe71c, 0X1, 0xe73c, 0X9, 0xce79, 0X4, 0xe73c, 0X1C, 0xdedb, 0X1, 0xbdf7, 0X4, 0xe71c, 0X1, 0xe73c, 0X9, 0xce79, 0X1, 0xbdf7, 0X3, 0xc638, 0X1, 0xce79, 0X2, 0xd69a, 0X1, 0xe73c, 0X9, 0xce79, 0X4, 0xe73c, 0X1C, 0xe71c, 0X1, 0xc618, 0X1, 0xbdf7, 0X2, 0xc638, 0X1, 0xe73c, 0XA, 0xce59, 0X1, 0xbdf7, 0X3, 0xce59, 0X1, 0xce79, 0X3, 0xe73c, 0X9, 0xd69a, 0X1, 0xce79, 0X3, 0xe73c, 0X1D, 0xdefb, 0X1, 0xce79, 0X2, 0xe71c, 0X1, 0xe73c, 0XA, 0xce59, 0X1, 0xbdf7, 0X3, 0xce59, 
0X1, 0xce79, 0X3, 0xe73c, 0X9, 0xd69a, 0X1, 0xce79, 0X3, 0xe73c, 0X2B, 0xdedb, 0X1, 0xbdf7, 0X3, 0xc618, 0X1, 0xce79, 0X2, 0xdedb, 0X1, 0xe73c, 0X9, 0xd6ba, 0X1, 0xce79, 0X3, 0xe71c, 0X1, 0xe73c, 0X2B, 0xd69a, 0X1, 0xc618, 0X1, 0xbdf7, 0X2, 0xc638, 0X1, 0xd6ba, 0X1, 0xe73c, 0X9, 0xef5d, 0X1, 0xd6ba, 0X1, 0xce79, 0X3, 0xdefb, 0X1, 0xe73c, 0X2C, 0xdefb, 0X1, 0xce79, 0X1, 0xce59, 0X1, 0xd6ba, 0X1, 0xe73c, 0XB, 0xdedb, 0X1, 0xce79, 0X3, 0xdedb, 0X1, 0xe73c, 0X3B, 0xdedb, 0X1, 0xce79, 0X3, 0xd69a, 0X1, 0xe73c, 0X3B, 0x0000, 0X1, 0xd69a, 0X1, 0xce79, 0X3, 0xe73c, 0X3A, 0x0000, 0X2, 0xd6ba, 0X1, 0xce79, 0X3, 0xdefb, 0X1, 0xe73c, 0X39, 0x0000, 0X2, 0xdedb, 0X1, 0xce79, 0X3, 0xd6ba, 0X1, 0xe73c, 0X39, 0x0000, 
0X3, 0xd69a, 0X1, 0xce79, 0X3, 0xe73c, 0X38, 0x0000, 0X4, 0xd6ba, 0X1, 0xce79, 0X3, 0xdedb, 0X1, 0xe73c, 0X2B, 0xd6ba, 0X1, 0xce79, 0X2, 0xd6ba, 0X1, 0xe71c, 0X1, 0xe73c, 0X7, 0x0000, 0X4, 0xd6ba, 0X1, 0xce79, 0X3, 0xd69a, 0X1, 0xe73c, 0X28, 0xe71c, 0X1, 0xce59, 0X1, 0xbdf7, 0X2, 0xc618, 0X1, 0xce59, 0X1, 0xce79, 0X2, 0xd6ba, 0X1, 0xe71c, 0X1, 0xe73c, 0X4, 0xef5d, 0X1, 0x0000, 0X5, 0xd6ba, 0X1, 0xce79, 0X3, 0xdefb, 0X1, 0xe73c, 0X26, 0xdefb, 0X1, 0xc618, 0X1, 0xbdf7, 0X2, 0xc618, 0X1, 0xce79, 0X6, 0xdefb, 0X1, 0xe73c, 0X3, 0x0000, 0X6, 0xdedb, 0X1, 0xd69a, 0X1, 0xce79, 0X2, 0xd69a, 0X1, 0xe73c, 0X25, 0xe71c, 0X1, 0xc618, 0X1, 0xbdf7, 0X2, 0xc618, 0X1, 0xce79, 0X8, 0xe71c, 0X1, 0xe73c, 0X1, 0xef7d, 
0X1, 0x0000, 0X7, 0xdedb, 0X1, 0xce79, 0X3, 0xdedb, 0X1, 0xe73c, 0X24, 0xce59, 0X1, 0xbdf7, 0X3, 0xce59, 0X1, 0xce79, 0X8, 0xd69a, 0X1, 0xe73c, 0X1, 0x0000, 0X8, 0xffff, 0X1, 0xd69a, 0X1, 0xce79, 0X3, 0xe71c, 0X1, 0xe73c, 0X23, 0xbdf7, 0X3, 0xc618, 0X1, 0xce79, 0X9, 0xd69a, 0X1, 0xffff, 0X1, 0x0000, 0X9, 0xdefb, 0X1, 0xd69a, 0X1, 0xce79, 0X2, 0xd69a, 0X1, 0xe73c, 0X19, 0xe71c, 0X1, 0xd69a, 0X1, 0xdedb, 0X1, 0xe73c, 0X6, 0xd6ba, 0X1, 0xbdf7, 0X3, 0xc638, 0X1, 0xce79, 0X9, 0xe71c, 0X1, 0x0000, 0XB, 0xdedb, 0X1, 0xce79, 0X3, 0xdedb, 0X1, 0xe73c, 0X18, 0xc638, 0X1, 0xbdf7, 0X2, 0xdefb, 0X1, 0xe73c, 0X5, 0xce79, 0X1, 0xbdf7, 0X3, 0xc638, 0X1, 0xce79, 0X8, 0xd6ba, 0X1, 0x0000, 0XD, 0xd6ba, 0X1, 0xce79, 
0X3, 0xdefb, 0X1, 0xe73c, 0X17, 0xc618, 0X1, 0xbdf7, 0X2, 0xdedb, 0X1, 0xe73c, 0X5, 0xce79, 0X1, 0xbdf7, 0X3, 0xc638, 0X1, 0xce79, 0X7, 0xd6ba, 0X1, 0x0000, 0XE, 0xffff, 0X1, 0xd6ba, 0X1, 0xce79, 0X3, 0xe71c, 0X1, 0xe73c, 0X16, 0xd6ba, 0X1, 0xc618, 0X1, 0xce79, 0X1, 0xe73c, 0X6, 0xd69a, 0X1, 0xbdf7, 0X3, 0xc638, 0X1, 0xce79, 0X6, 0xd6ba, 0X1, 0xffff, 0X1, 0x0000, 0XF, 0xe73c, 0X1, 0xd69a, 0X1, 0xce79, 0X3, 0xe71c, 0X1, 0xe73c, 0X1E, 0xdefb, 0X1, 0xbdf7, 0X3, 0xc618, 0X1, 0xce79, 0X5, 0xd6ba, 0X1, 0xe71c, 0X1, 0x0000, 0X11, 0xdefb, 0X1, 0xd6ba, 0X1, 0xce79, 0X3, 0xe71c, 0X1, 0xe73c, 0X1E, 0xc638, 0X1, 0xbdf7, 0X3, 0xce79, 0X4, 0xd6ba, 0X1, 0xe71c, 0X1, 0x0000, 0X13, 0xffff, 0X1, 0xd6ba, 0X1, 0xce79, 
0X3, 0xdefb, 0X1, 0xe73c, 0X1D, 0xdedb, 0X1, 0xbdf7, 0X3, 0xc618, 0X1, 0xce79, 0X2, 0xd6ba, 0X1, 0xffff, 0X1, 0x0000, 0X16, 0xdedb, 0X1, 0xd69a, 0X1, 0xce79, 0X2, 0xdedb, 0X1, 0xe73c, 0X1D, 0xd69a, 0X1, 0xbdf7, 0X3, 0xc638, 0X1, 0xdedb, 0X1, 0x0000, 0X19, 0xdedb, 0X1, 0xd69a, 0X1, 0xce79, 0X2, 0xd69a, 0X1, 0xe71c, 0X1, 0xe73c, 0X1C, 0xdedb, 0X1, 0xc618, 0X1, 0xc638, 0X1, 0xd69a, 0X1, 0x0000, 0X1B, 0xffff, 0X1, 0xd6ba, 0X1, 0xd69a, 0X1, 0xce79, 0X2, 0xdedb, 0X1, 0xe73c, 0X1C, 0xdefb, 0X1, 0xce79, 0X1, 0x0000, 0X1E, 0xd6ba, 0X2, 0xce79, 0X2, 0xd69a, 0X1, 0xdefb, 0X1, 0xe73c, 0X19, 0xef7d, 0X1, 0x0000, 0X22, 0xdefb, 0X1, 0xd6ba, 0X1, 0xd69a, 0X1, 0xce79, 0X1, 0xd69a, 0X1, 0xdedb, 0X1, 0xe73c, 0X15, 0xef5d, 0X1, 0x0000, 0X27, 0xdedb, 0X1, 0xd6ba, 0X1, 0xd69a, 0X1, 0xce79, 0X1, 0xd6ba, 0X1, 0xdefb, 0X1, 0xe71c, 0X1, 0xe73c, 0XC, 0xef5d, 0X1, 0xe73c, 0X2, 0x0000, 0X2D, 0xdefb, 0X1, 0xd6ba, 0X4, 0xdedb, 0X1, 0xdefb, 0X1, 0xe71c, 0X2, 0xe73c, 0X3, 0xef5d, 0X1, 0xe73c, 0X3, 0x0000, 0X18
};

static const uint16_t lcd_01d_small[982] = { 
0x0000, 0X1E, 0xfe80, 0X1, 0xfea0, 0X3, 0x0000, 0X3C, 0xfea0, 0X4, 0x0000, 0X3C, 0xfea0, 0X4, 0x0000, 0X3C, 0xfea0, 0X4, 0x0000, 0X3C, 0xfea0, 0X4, 0x0000, 0X3C, 0xfea0, 0X4, 0x0000, 0X32, 0xfe80, 0X1, 0xfea0, 0X2, 0xfe80, 0X1, 0x0000, 0X6, 0xfea0, 0X4, 0x0000, 0X6, 0xfe80, 0X1, 0xfea0, 0X3, 0x0000, 0X28, 0xfea0, 0X4, 0xffe0, 0X1, 0x0000, 0X5, 0xfea0, 0X4, 0x0000, 0X5, 0xffe0, 0X1, 0xfea0, 0X4, 0x0000, 0X1D, 0xffe0, 0X1, 0xfea0, 0X1, 0xfe80, 0X1, 0x0000, 0X8, 0xfea0, 0X4, 0xffe0, 0X1, 0x0000, 0XE, 0xffe0, 0X1, 0xfea0, 0X4, 
0x0000, 0X8, 0xfe80, 0X1, 0xfea0, 0X1, 0xffe0, 0X1, 0x0000, 0X11, 0xffe0, 0X1, 0xfea0, 0X3, 0xfe80, 0X1, 0x0000, 0X7, 0xfea0, 0X4, 0x0000, 0X10, 0xfea0, 0X4, 0x0000, 0X7, 0xfe80, 0X1, 0xfea0, 0X3, 0xffe0, 0X1, 0x0000, 0X10, 0xfea0, 0X5, 0xfe80, 0X1, 0x0000, 0X24, 0xfe80, 0X1, 0xfea0, 0X5, 0x0000, 0X10, 0xfe60, 0X1, 0xfea0, 0X5, 0xfe80, 0X1, 0x0000, 0X22, 0xfe80, 0X1, 0xfea0, 0X5, 0xfec0, 0X1, 0x0000, 0X11, 0xfe80, 0X1, 0xfea0, 0X6, 0x0000, 0X9, 0xfd40, 0X1, 0xfe40, 0X3, 0xfe20, 0X3, 0xfe40, 0X1, 0xfe60, 0X1, 0xfe80, 0X1, 0xfea0, 0X1, 0xfe80, 0X1, 0xfea0, 0X1, 0xffe0, 0X1, 0x0000, 0X9, 0xfe80, 0X1, 0xfea0, 0X5, 0xfe80, 0X1, 0x0000, 0X13, 0xfe80, 0X1, 0xfea0, 0X5, 0x0000, 0X7, 0xfe60, 0X2, 0xfe20, 0X5, 
0xfe40, 0X1, 0xfe80, 0X1, 0xfea0, 0X8, 0xfe80, 0X1, 0x0000, 0X7, 0xfea0, 0X5, 0xfe80, 0X1, 0x0000, 0X15, 0xfe80, 0X1, 0xfea0, 0X3, 0xfe80, 0X1, 0x0000, 0X5, 0xfe60, 0X1, 0xfe40, 0X1, 0xfe20, 0X5, 0xfe40, 0X1, 0xfe80, 0X1, 0xfea0, 0XC, 0xfec0, 0X1, 0x0000, 0X5, 0xfea0, 0X4, 0xfe80, 0X1, 0x0000, 0X17, 0xfea0, 0X2, 0xfe80, 0X1, 0x0000, 0X5, 0xfe60, 0X1, 0xfe20, 0X6, 0xfe80, 0X1, 0xfea0, 0X10, 0x0000, 0X5, 0xfe80, 0X1, 0xfea0, 0X2, 0x0000, 0X1E, 0xfe60, 0X1, 0xfe40, 0X1, 0xfe20, 0X5, 0xfe40, 0X1, 0xfe80, 0X1, 0xfea0, 0X11, 0xfe80, 0X1, 0xfe60, 0X1, 0x0000, 0X23, 0xfe60, 0X1, 0xfe40, 0X1, 0xfe20, 0X5, 0xfe40, 0X1, 0xfea0, 0X14, 0xfe80, 0X1, 0xfe60, 0X1, 0x0000, 0X21, 0xfe60, 0X1, 0xfe40, 0X1, 0xfe20, 0X5, 
0xfe40, 0X1, 0xfea0, 0X16, 0xfe80, 0X1, 0xfea0, 0X1, 0x0000, 0X20, 0xfe40, 0X1, 0xfe20, 0X5, 0xfe40, 0X1, 0xfea0, 0X19, 0x0000, 0X16, 0xfe80, 0X1, 0xfea0, 0X1, 0xfe80, 0X1, 0xfea0, 0X1, 0x0000, 0X5, 0xfe60, 0X1, 0xfe20, 0X6, 0xfe80, 0X1, 0xfea0, 0X19, 0xfe80, 0X1, 0x0000, 0X5, 0xfea0, 0X4, 0x0000, 0XC, 0xfea0, 0X4, 0x0000, 0X4, 0xfe80, 0X1, 0xfe20, 0X6, 0xfe60, 0X1, 0xfea0, 0X1B, 0xfec0, 0X1, 0x0000, 0X4, 0xfea0, 0X4, 0x0000, 0XB, 0xffe0, 0X1, 0xfea0, 0X4, 0x0000, 0X4, 0xfe40, 0X1, 0xfe20, 0X5, 0xfe40, 0X1, 0xfea0, 0X1D, 0x0000, 0X4, 0xfea0, 0X4, 0xffe0, 0X1, 0x0000, 0XB, 0xfea0, 0X4, 0x0000, 0X3, 0xfe40, 0X1, 0xfe20, 0X6, 0xfe60, 0X1, 0xfea0, 0X1E, 0x0000, 0X3, 0xfea0, 0X3, 0xfe80, 0X1, 0x0000, 
0XD, 0xffe0, 0X2, 0x0000, 0X4, 0xfe60, 0X1, 0xfe20, 0X6, 0xfea0, 0X1F, 0x0000, 0X4, 0xffe0, 0X2, 0x0000, 0X13, 0xffe0, 0X1, 0xfe20, 0X6, 0xfe60, 0X1, 0xfea0, 0X1F, 0xfd40, 0X1, 0x0000, 0X18, 0xfe40, 0X1, 0xfe20, 0X6, 0xfe80, 0X1, 0xfea0, 0X20, 0x0000, 0X18, 0xfe40, 0X1, 0xfe20, 0X6, 0xfea0, 0X21, 0x0000, 0X18, 0xfe40, 0X1, 0xfe20, 0X5, 0xfe40, 0X1, 0xfea0, 0X21, 0x0000, 0X18, 0xfe40, 0X1, 0xfe20, 0X5, 0xfe40, 0X1, 0xfea0, 0X21, 0x0000, 0XC, 0xfe80, 0X1, 0xfea0, 0X7, 0x0000, 0X4, 0xfe20, 0X6, 0xfe60, 0X1, 0xfea0, 0X21, 0x0000, 0X4, 0xfe80, 0X1, 0xfea0, 0XF, 0x0000, 0X4, 0xfe20, 0X6, 0xfe60, 0X1, 0xfea0, 0X21, 0x0000, 0X4, 0xfea0, 0X10, 0x0000, 0X4, 0xfe20, 0X6, 0xfe60, 0X1, 0xfea0, 0X21, 0x0000, 
0X4, 0xfea0, 0X10, 0x0000, 0X4, 0xfe20, 0X6, 0xfe60, 0X1, 0xfea0, 0X21, 0x0000, 0X4, 0xfea0, 0X8, 0x0000, 0XC, 0xfe40, 0X1, 0xfe20, 0X5, 0xfe40, 0X1, 0xfea0, 0X21, 0x0000, 0X18, 0xfe40, 0X1, 0xfe20, 0X5, 0xfe40, 0X1, 0xfea0, 0X21, 0x0000, 0X18, 0xfe40, 0X1, 0xfe20, 0X6, 0xfea0, 0X21, 0x0000, 0X18, 0xfe60, 0X1, 0xfe20, 0X6, 0xfe80, 0X1, 0xfea0, 0X20, 0x0000, 0X18, 0xffe0, 0X1, 0xfe20, 0X6, 0xfe60, 0X1, 0xfea0, 0X1F, 0xffe0, 0X1, 0x0000, 0X13, 0xffe0, 0X1, 0x0000, 0X5, 0xfe40, 0X1, 0xfe20, 0X6, 0xfea0, 0X1E, 0xfe80, 0X1, 0x0000, 0X5, 0xffe0, 0X1, 0x0000, 0XD, 0xfe80, 0X1, 0xfea0, 0X3, 0x0000, 0X3, 0xfe40, 0X1, 0xfe20, 0X6, 0xfe80, 0X1, 0xfea0, 0X1D, 0xfe80, 0X1, 0x0000, 0X3, 0xfea0, 0X4, 0x0000, 
0XB, 0xffe0, 0X1, 0xfea0, 0X4, 0x0000, 0X4, 0xfe40, 0X1, 0xfe20, 0X5, 0xfe40, 0X1, 0xfea0, 0X1D, 0x0000, 0X4, 0xfea0, 0X4, 0xffe0, 0X1, 0x0000, 0XB, 0xfea0, 0X4, 0x0000, 0X4, 0xfe60, 0X1, 0xfe20, 0X6, 0xfe60, 0X1, 0xfea0, 0X1B, 0xfec0, 0X1, 0x0000, 0X4, 0xfea0, 0X4, 0x0000, 0XC, 0xfe80, 0X1, 0xfea0, 0X3, 0x0000, 0X5, 0xfe40, 0X1, 0xfe20, 0X6, 0xfe80, 0X1, 0xfea0, 0X1A, 0x0000, 0X5, 0xfea0, 0X3, 0xfe80, 0X1, 0x0000, 0X16, 0xfe40, 0X1, 0xfe20, 0X5, 0xfe40, 0X1, 0xfea0, 0X19, 0x0000, 0X20, 0xfd40, 0X1, 0xfe40, 0X1, 0xfe20, 0X5, 0xfe40, 0X1, 0xfea0, 0X17, 0xfde0, 0X1, 0x0000, 0X21, 0xfe60, 0X1, 0xfe40, 0X1, 0xfe20, 0X5, 0xfe40, 0X1, 0xfea0, 0X15, 0xfe60, 0X1, 0x0000, 0X23, 0xfe60, 0X1, 0xfe40, 0X1, 
0xfe20, 0X5, 0xfe40, 0X1, 0xfe80, 0X1, 0xfea0, 0X12, 0xfde0, 0X1, 0x0000, 0X1E, 0xfe80, 0X1, 0xfea0, 0X2, 0x0000, 0X5, 0xfe60, 0X1, 0xfe20, 0X6, 0xfe80, 0X1, 0xfea0, 0X10, 0x0000, 0X5, 0xfea0, 0X2, 0xfe80, 0X1, 0x0000, 0X17, 0xfe80, 0X1, 0xfea0, 0X3, 0xfe80, 0X1, 0x0000, 0X5, 0xfe60, 0X1, 0xfe40, 0X1, 0xfe20, 0X5, 0xfe40, 0X1, 0xfe80, 0X1, 0xfea0, 0XD, 0x0000, 0X5, 0xfea0, 0X4, 0xfe80, 0X1, 0x0000, 0X15, 0xfe80, 0X1, 0xfea0, 0X5, 0x0000, 0X7, 0xfe60, 0X1, 0xfe40, 0X1, 0xfe20, 0X5, 0xfe40, 0X1, 0xfe80, 0X1, 0xfea0, 0X7, 0xfe80, 0X2, 0x0000, 0X7, 0xfea0, 0X5, 0xfe80, 0X1, 0x0000, 0X13, 0xfe80, 0X1, 0xfea0, 0X6, 0x0000, 0X9, 0xffe0, 0X1, 0xfe40, 0X4, 0xfe20, 0X2, 0xfe40, 0X1, 0xfe60, 0X1, 0xfe80, 0X1, 
0xfea0, 0X3, 0xffe0, 0X1, 0x0000, 0X9, 0xfea0, 0X6, 0xfe80, 0X1, 0x0000, 0X11, 0xfe80, 0X1, 0xfea0, 0X5, 0xfe80, 0X1, 0x0000, 0X22, 0xfe80, 0X1, 0xfea0, 0X5, 0xfec0, 0X1, 0x0000, 0X10, 0xfea0, 0X5, 0xfe80, 0X1, 0x0000, 0X24, 0xfe80, 0X1, 0xfea0, 0X5, 0x0000, 0X10, 0xffe0, 0X1, 0xfea0, 0X3, 0xfe80, 0X1, 0x0000, 0X7, 0xfea0, 0X3, 0xfe80, 0X1, 0x0000, 0X10, 0xfea0, 0X4, 0x0000, 0X7, 0xfe80, 0X1, 0xfea0, 0X2, 0xfe80, 0X1, 0xffe0, 0X1, 0x0000, 0X11, 0xffe0, 0X1, 0xfea0, 0X1, 0xfec0, 0X1, 0x0000, 0X8, 0xfea0, 0X4, 0xffe0, 0X1, 0x0000, 0XE, 0xffe0, 0X1, 0xfea0, 0X4, 0x0000, 0X8, 0xfe60, 0X1, 0xfea0, 0X1, 0x0000, 0X1E, 0xfea0, 0X4, 0xffe0, 0X1, 0x0000, 0X5, 0xfe80, 0X1, 0xfea0, 0X3, 0x0000, 0X5, 0xffe0, 0X1, 0xfea0, 0X4, 0x0000, 0X28, 0xfe80, 0X1, 0xfea0, 0X3, 0x0000, 0X6, 0xfea0, 0X4, 0x0000, 0X6, 0xfe80, 0X1, 0xfea0, 0X3, 0x0000, 0X32, 0xfea0, 0X4, 0x0000, 0X3C, 0xfea0, 0X4, 0x0000, 0X3C, 0xfea0, 0X4, 0x0000, 0X3C, 0xfea0, 0X4, 0x0000, 0X3C, 0xfea0, 0X4, 0x0000, 0X3C, 0xfea0, 0X4, 0x0000, 0X1E
};

static const uint16_t lcd_hagiang[2556] = { 
0x0000, 0XB3, 0x0041, 0X1, 0x0000, 0X62, 0x0373, 0X1, 0x0438, 0X1, 0x0082, 0X1, 0x0000, 0X60, 0x0311, 0X1, 0x05bf, 0X1, 0x055e, 0X1, 0x049a, 0X1, 0x0082, 0X1, 0x0000, 0X5E, 0x0168, 0X1, 0x055e, 0X1, 0x051c, 0X2, 0x055e, 0X1, 0x0168, 0X1, 0x0000, 0X5C, 0x0188, 0X1, 0x00c4, 0X1, 0x0438, 0X1, 0x055e, 
0X1, 0x051c, 0X2, 0x055e, 0X1, 0x02af, 0X1, 0x0000, 0X5B, 0x0082, 0X1, 0x055e, 0X1, 0x053d, 0X2, 0x051c, 0X1, 0x051d, 0X1, 0x051c, 0X1, 0x053d, 0X1, 0x055e, 0X1, 0x00e5, 0X1, 0x0000, 0X5A, 0x0020, 0X1, 0x0438, 0X1, 0x055e, 0X1, 0x051c, 0X1, 0x051d, 0X3, 0x051c, 0X1, 0x055e, 0X1, 0x049a, 0X1, 0x00c4, 0X1, 0x0000, 0X59, 0x0188, 0X1, 0x055e, 0X1, 0x051c, 0X1, 0x051d, 0X5, 0x051c, 0X1, 0x055e, 0X2, 0x0311, 0X1, 0x0000, 0X52, 0x0020, 0X1, 0x0000, 0X4, 
0x0082, 0X1, 0x0373, 0X1, 0x057f, 0X1, 0x051c, 0X1, 0x051d, 0X6, 0x051c, 0X1, 0x053d, 0X1, 0x057f, 0X1, 0x0311, 0X1, 0x0041, 0X1, 0x026d, 0X1, 0x03d6, 0X1, 0x0000, 0X4D, 0x0041, 0X1, 0x03d6, 0X1, 0x0168, 0X1, 0x0041, 0X1, 0x0000, 0X2, 0x0188, 0X1, 0x055e, 0X1, 0x051d, 0X1, 0x051c, 0X1, 0x051d, 0X7, 0x051c, 0X2, 0x055e, 0X1, 0x049a, 0X1, 0x04fc, 0X1, 0x053d, 0X1, 0x00c4, 0X1, 0x0000, 0X45, 0x0020, 0X1, 0x00c4, 0X1, 0x0000, 0X4, 0x00c4, 0X1, 0x0438, 
0X1, 0x057f, 0X1, 0x055e, 0X1, 0x049a, 0X1, 0x026d, 0X1, 0x00c4, 0X1, 0x020b, 0X1, 0x055e, 0X1, 0x051c, 0X1, 0x051d, 0XA, 0x051c, 0X1, 0x055e, 0X1, 0x051d, 0X1, 0x053d, 0X1, 0x04fc, 0X1, 0x00c4, 0X1, 0x0000, 0X43, 0x00e5, 0X1, 0x049a, 0X1, 0x055e, 0X1, 0x0188, 0X1, 0x0020, 0X1, 0x0168, 0X1, 0x0373, 0X1, 0x053d, 0X1, 0x055e, 0X1, 0x051c, 0X2, 0x055e, 0X1, 0x057f, 0X1, 0x04fc, 0X2, 0x053d, 0X1, 0x051c, 0X1, 0x051d, 0XB, 0x051c, 0X3, 0x057f, 0X1, 
0x0438, 0X1, 0x0020, 0X1, 0x0000, 0X41, 0x026d, 0X1, 0x055e, 0X2, 0x053d, 0X1, 0x04ba, 0X1, 0x0438, 0X1, 0x053d, 0X1, 0x057f, 0X1, 0x051d, 0X1, 0x051c, 0X1, 0x051d, 0X2, 0x051c, 0X2, 0x055e, 0X1, 0x053d, 0X1, 0x051c, 0X1, 0x051d, 0XF, 0x051c, 0X1, 0x057f, 0X1, 0x0373, 0X1, 0x0020, 0X1, 0x0000, 0X3F, 0x026d, 0X1, 0x053d, 0X2, 0x051c, 0X2, 0x055e, 0X2, 0x051d, 0X1, 0x051c, 0X2, 0x051d, 0X5, 0x051c, 0X2, 0x051d, 0X10, 0x051c, 0X2, 0x057f, 0X1, 0x0168, 
0X1, 0x0000, 0X3D, 0x020b, 0X1, 0x0311, 0X1, 0x055e, 0X1, 0x053d, 0X1, 0x051c, 0X1, 0x051d, 0X2, 0x051c, 0X2, 0x051d, 0X1B, 0x051c, 0X1, 0x057f, 0X1, 0x0373, 0X1, 0x0000, 0X3A, 0x0168, 0X1, 0x00e5, 0X1, 0x0311, 0X1, 0x05bf, 0X1, 0x055e, 0X1, 0x051c, 0X2, 0x051d, 0X20, 0x051c, 0X1, 0x053d, 0X1, 0x04fc, 0X1, 0x00c4, 0X1, 0x0000, 0X38, 0x026d, 0X1, 0x05bf, 0X1, 0x053d, 0X2, 0x051c, 0X2, 0x051d, 0X23, 0x051c, 0X1, 0x053d, 0X2, 0x0373, 0X1, 0x0168, 0X1, 
0x020b, 0X1, 0x0000, 0X30, 0x0168, 0X1, 0x0188, 0X1, 0x0000, 0X2, 0x0020, 0X1, 0x0438, 0X1, 0x055e, 0X1, 0x051c, 0X1, 0x051d, 0X27, 0x051c, 0X1, 0x053d, 0X1, 0x055e, 0X1, 0x053d, 0X1, 0x05bf, 0X1, 0x0311, 0X1, 0x0000, 0X2E, 0x0188, 0X1, 0x057f, 0X1, 0x055e, 0X1, 0x0188, 0X1, 0x0000, 0X1, 0x0168, 0X1, 0x055e, 0X1, 0x051c, 0X1, 0x051d, 0X29, 0x051c, 0X3, 0x053d, 0X1, 0x04fc, 0X1, 0x00e5, 0X1, 0x0000, 0X2D, 0x0373, 0X1, 0x055e, 0X1, 0x053d, 0X1, 0x04fc, 
0X1, 0x026d, 0X1, 0x020b, 0X1, 0x053d, 0X1, 0x051c, 0X1, 0x051d, 0X2C, 0x051c, 0X1, 0x057f, 0X1, 0x03d6, 0X1, 0x0020, 0X1, 0x0000, 0X2C, 0x03d6, 0X1, 0x057f, 0X1, 0x051c, 0X1, 0x055e, 0X2, 0x053d, 0X1, 0x051d, 0X2D, 0x051c, 0X2, 0x053d, 0X1, 0x0168, 0X1, 0x0000, 0X2B, 0x0082, 0X1, 0x00c4, 0X1, 0x04fc, 0X1, 0x053d, 0X1, 0x051c, 0X3, 0x051d, 0X2D, 0x051c, 0X1, 0x053d, 0X1, 0x057f, 0X1, 0x055e, 0X1, 0x0041, 0X1, 0x0000, 0X27, 0x02af, 0X1, 0x00e5, 0X2, 
0x03d6, 0X1, 0x055e, 0X1, 0x053d, 0X1, 0x051d, 0X31, 0x051c, 0X1, 0x053d, 0X1, 0x04ba, 0X1, 0x049a, 0X1, 0x026d, 0X1, 0x0000, 0X28, 0x04ba, 0X1, 0x04fc, 0X2, 0x057f, 0X1, 0x053d, 0X1, 0x051d, 0X31, 0x051c, 0X1, 0x053d, 0X1, 0x04fc, 0X1, 0x0041, 0X1, 0x0000, 0X2A, 0x0373, 0X1, 0x05bf, 0X1, 0x051c, 0X4, 0x051d, 0X30, 0x051c, 0X1, 0x057f, 0X1, 0x03d6, 0X1, 0x0000, 0X2B, 0x0082, 0X1, 0x04ba, 0X1, 0x055e, 0X1, 0x051c, 0X1, 0x051d, 0X32, 0x051c, 0X1, 
0x057f, 0X1, 0x0311, 0X1, 0x0000, 0X2B, 0x0020, 0X1, 0x049a, 0X1, 0x055e, 0X1, 0x051c, 0X1, 0x051d, 0X31, 0x051c, 0X1, 0x053d, 0X1, 0x04fc, 0X1, 0x0041, 0X1, 0x0000, 0X2C, 0x02af, 0X1, 0x055e, 0X1, 0x051c, 0X1, 0x051d, 0X31, 0x051c, 0X1, 0x05bf, 0X1, 0x0373, 0X1, 0x0000, 0X2D, 0x020b, 0X1, 0x057f, 0X1, 0x051c, 0X1, 0x051d, 0X30, 0x051c, 0X1, 0x053d, 0X1, 0x04fc, 0X1, 0x0082, 0X1, 0x0000, 0X2D, 0x0041, 0X1, 0x04fc, 0X1, 0x053d, 0X1, 0x051c, 0X1, 0x051d, 
0X2A, 0x051c, 0X5, 0x051d, 0X1, 0x05bf, 0X1, 0x02af, 0X1, 0x0000, 0X2F, 0x03d6, 0X1, 0x055e, 0X1, 0x051c, 0X1, 0x051d, 0X27, 0x051c, 0X3, 0x053d, 0X1, 0x055e, 0X4, 0x04fc, 0X2, 0x0168, 0X1, 0x0000, 0X2F, 0x0311, 0X1, 0x057f, 0X1, 0x051c, 0X1, 0x051d, 0X26, 0x051c, 0X1, 0x055e, 0X3, 0x04fc, 0X1, 0x0373, 0X1, 0x026d, 0X1, 0x0188, 0X1, 0x020b, 0X1, 0x0041, 0X1, 0x0000, 0X31, 0x0041, 0X1, 0x049a, 0X1, 0x055e, 0X1, 0x051c, 0X1, 0x051d, 0X24, 0x051c, 0X1, 
0x055e, 0X1, 0x04ba, 0X1, 0x020b, 0X1, 0x00c4, 0X1, 0x0020, 0X1, 0x0000, 0X37, 0x0020, 0X1, 0x02af, 0X1, 0x055e, 0X1, 0x051c, 0X1, 0x051d, 0X22, 0x051c, 0X1, 0x051d, 0X1, 0x053d, 0X1, 0x00e5, 0X1, 0x0000, 0X3C, 0x04fc, 0X1, 0x053d, 0X1, 0x051c, 0X1, 0x051d, 0X21, 0x051c, 0X2, 0x053d, 0X1, 0x0082, 0X1, 0x0000, 0X3B, 0x0020, 0X1, 0x04ba, 0X1, 0x055e, 0X1, 0x051c, 0X1, 0x051d, 0X20, 0x051c, 0X1, 0x051d, 0X1, 0x055e, 0X1, 0x057f, 0X1, 0x0168, 0X1, 0x0000, 
0X3A, 0x0041, 0X1, 0x0311, 0X1, 0x053d, 0X1, 0x051d, 0X1, 0x051c, 0X1, 0x051d, 0X1F, 0x051c, 0X1, 0x051d, 0X1, 0x051c, 0X1, 0x0438, 0X1, 0x0373, 0X1, 0x0041, 0X1, 0x0000, 0X39, 0x00c4, 0X1, 0x0438, 0X1, 0x05bf, 0X1, 0x051d, 0X1, 0x051c, 0X1, 0x051d, 0X1F, 0x051c, 0X1, 0x053d, 0X1, 0x05bf, 0X1, 0x0311, 0X1, 0x0041, 0X1, 0x0000, 0X38, 0x0041, 0X1, 0x0373, 0X1, 0x053d, 0X1, 0x04fc, 0X1, 0x053d, 0X1, 0x051c, 0X2, 0x051d, 0X1E, 0x051c, 0X2, 0x053d, 0X1, 
0x04fc, 0X1, 0x0168, 0X1, 0x0000, 0X38, 0x0041, 0X1, 0x0373, 0X1, 0x04ba, 0X1, 0x057f, 0X1, 0x053d, 0X2, 0x051c, 0X1, 0x051d, 0X1F, 0x051c, 0X1, 0x053d, 0X1, 0x051c, 0X1, 0x057f, 0X1, 0x0373, 0X1, 0x0000, 0X39, 0x0311, 0X1, 0x05bf, 0X1, 0x053d, 0X1, 0x051c, 0X3, 0x051d, 0X20, 0x053d, 0X1, 0x04fc, 0X2, 0x05bf, 0X1, 0x03d6, 0X1, 0x0000, 0X38, 0x0020, 0X1, 0x04ba, 0X1, 0x055e, 0X1, 0x051c, 0X1, 0x051d, 0X22, 0x051c, 0X1, 0x057f, 0X1, 0x0373, 0X1, 0x0082, 
0X1, 0x0168, 0X1, 0x00c4, 0X1, 0x0000, 0X38, 0x0188, 0X1, 0x053d, 0X1, 0x051d, 0X24, 0x051c, 0X1, 0x055e, 0X1, 0x04ba, 0X1, 0x0082, 0X1, 0x0000, 0X2B, 0x0020, 0X1, 0x02af, 0X1, 0x0020, 0X1, 0x0000, 0XA, 0x0311, 0X1, 0x04fc, 0X2, 0x053d, 0X1, 0x051c, 0X1, 0x051d, 0X24, 0x051c, 0X1, 0x055e, 0X1, 0x04fc, 0X1, 0x0438, 0X1, 0x0373, 0X1, 0x0082, 0X1, 0x0000, 0X26, 0x0020, 0X1, 0x026d, 0X1, 0x049a, 0X1, 0x05bf, 0X1, 0x03d6, 0X1, 0x0000, 0X1, 0x00e5, 0X1, 
0x00c4, 0X1, 0x0041, 0X1, 0x0000, 0X6, 0x020b, 0X1, 0x05bf, 0X1, 0x051d, 0X1, 0x051c, 0X1, 0x051d, 0X26, 0x051c, 0X1, 0x053d, 0X1, 0x055e, 0X1, 0x057f, 0X1, 0x055e, 0X1, 0x00e5, 0X1, 0x0000, 0X24, 0x0041, 0X1, 0x0311, 0X1, 0x055e, 0X3, 0x0438, 0X1, 0x00e5, 0X1, 0x0168, 0X1, 0x055e, 0X2, 0x03d6, 0X1, 0x0020, 0X1, 0x0000, 0X1, 0x0168, 0X2, 0x0041, 0X1, 0x020b, 0X1, 0x055e, 0X1, 0x051c, 0X1, 0x051d, 0X28, 0x051c, 0X3, 0x053d, 0X1, 0x04fc, 0X1, 0x026d, 
0X1, 0x0000, 0X23, 0x0438, 0X1, 0x05bf, 0X1, 0x051c, 0X2, 0x055e, 0X1, 0x04ba, 0X1, 0x03d6, 0X1, 0x04fc, 0X1, 0x055e, 0X1, 0x051d, 0X1, 0x057f, 0X1, 0x049a, 0X1, 0x04ba, 0X1, 0x055e, 0X2, 0x04fc, 0X1, 0x053d, 0X2, 0x051c, 0X1, 0x051d, 0X2B, 0x051c, 0X1, 0x055e, 0X1, 0x04fc, 0X1, 0x0311, 0X1, 0x020b, 0X1, 0x0188, 0X1, 0x0000, 0X1F, 0x0168, 0X1, 0x055e, 0X1, 0x051c, 0X2, 0x051d, 0X1, 0x051c, 0X1, 0x055e, 0X1, 0x057f, 0X1, 0x053d, 0X1, 0x051c, 0X3, 
0x055e, 0X2, 0x051c, 0X2, 0x055e, 0X1, 0x051d, 0X1, 0x051c, 0X1, 0x051d, 0X2D, 0x051c, 0X1, 0x051d, 0X1, 0x057f, 0X1, 0x055e, 0X1, 0x05bf, 0X1, 0x03d6, 0X1, 0x0020, 0X1, 0x0000, 0X1C, 0x020b, 0X1, 0x04ba, 0X1, 0x055e, 0X1, 0x051c, 0X1, 0x051d, 0X3, 0x051c, 0X3, 0x051d, 0X3, 0x051c, 0X2, 0x051d, 0X2, 0x051c, 0X2, 0x051d, 0X2F, 0x051c, 0X4, 0x055e, 0X1, 0x049a, 0X1, 0x0168, 0X1, 0x0000, 0X1A, 0x0311, 0X1, 0x057f, 0X1, 0x055e, 0X1, 0x051c, 0X1, 0x051d, 
0X43, 0x051c, 0X1, 0x055e, 0X1, 0x053d, 0X1, 0x02af, 0X1, 0x0082, 0X1, 0x0000, 0X16, 0x0020, 0X1, 0x0373, 0X1, 0x055e, 0X1, 0x051c, 0X2, 0x051d, 0X45, 0x051c, 0X1, 0x051d, 0X1, 0x05bf, 0X1, 0x04fc, 0X1, 0x0082, 0X1, 0x0000, 0X13, 0x0020, 0X1, 0x020b, 0X1, 0x049a, 0X1, 0x057f, 0X1, 0x051c, 0X2, 0x051d, 0X47, 0x051c, 0X2, 0x053d, 0X1, 0x04fc, 0X1, 0x0373, 0X1, 0x0020, 0X1, 0x0000, 0XF, 0x0041, 0X1, 0x0373, 0X1, 0x04fc, 0X1, 0x055e, 0X2, 0x051c, 0X1, 
0x051d, 0X4B, 0x051c, 0X1, 0x053d, 0X1, 0x055e, 0X1, 0x0168, 0X1, 0x0000, 0XE, 0x0020, 0X1, 0x049a, 0X1, 0x05bf, 0X1, 0x053d, 0X1, 0x051c, 0X2, 0x051d, 0X34, 0x051c, 0X3, 0x051d, 0X15, 0x051c, 0X1, 0x051d, 0X1, 0x053d, 0X1, 0x00c4, 0X1, 0x0000, 0XE, 0x02af, 0X1, 0x05bf, 0X1, 0x051c, 0X2, 0x051d, 0X35, 0x051c, 0X1, 0x051d, 0X1, 0x057f, 0X1, 0x055e, 0X1, 0x051c, 0X3, 0x051d, 0X13, 0x051c, 0X1, 0x055e, 0X1, 0x0311, 0X1, 0x0041, 0X1, 0x0000, 0X8, 0x026d, 0X1, 0x0000, 0X2, 0x0082, 0X1, 0x03d6, 0X1, 0x04ba, 0X1, 0x053d, 0X1, 0x051c, 0X1, 0x051d, 0X37, 0x051c, 0X1, 0x03d6, 0X1, 0x04fc, 0X1, 0x055e, 0X2, 
0x051d, 0X1, 0x051c, 0X1, 0x051d, 0X14, 0x055e, 0X1, 0x049a, 0X1, 0x0082, 0X1, 0x0000, 0X7, 0x026d, 0X1, 0x049a, 0X1, 0x0373, 0X1, 0x0438, 0X1, 0x04fc, 0X1, 0x051d, 0X38, 0x051c, 0X1, 0x057f, 0X1, 0x0311, 0X1, 0x0000, 0X1, 0x0020, 0X1, 0x0311, 0X1, 0x049a, 0X1, 0x053d, 0X2, 0x051c, 0X3, 0x051d, 0X10, 0x051c, 0X1, 0x055e, 0X1, 0x03d6, 0X1, 0x0000, 0X9, 0x0168, 0X1, 0x02af, 0X1, 0x00c4, 0X1, 0x0000, 0X1, 0x0311, 0X1, 0x057f, 0X1, 0x051c, 0X1, 0x051d, 
0X34, 0x051c, 0X1, 0x053d, 0X1, 0x04fc, 0X1, 0x0020, 0X1, 0x0000, 0X4, 0x00c4, 0X1, 0x03d6, 0X1, 0x05bf, 0X1, 0x055e, 0X1, 0x053d, 0X1, 0x051c, 0X2, 0x051d, 0X3, 0x051c, 0X3, 0x051d, 0X7, 0x051c, 0X1, 0x051d, 0X1, 0x053d, 0X1, 0x00e5, 0X1, 0x0000, 0XD, 0x0082, 0X1, 0x04fc, 0X1, 0x051d, 0X1, 0x051c, 0X1, 0x051d, 0X33, 0x051c, 0X1, 0x051d, 0X1, 0x053d, 0X1, 0x020b, 0X1, 0x0000, 0X5, 0x0020, 0X1, 0x0168, 0X1, 0x0311, 0X1, 0x055e, 0X3, 0x051c, 0X1, 
0x051d, 0X1, 0x051c, 0X1, 0x053d, 0X3, 0x051c, 0X4, 0x051d, 0X4, 0x051c, 0X1, 0x055e, 0X1, 0x03d6, 0X1, 0x0000, 0XD, 0x0041, 0X1, 0x04fc, 0X1, 0x053d, 0X1, 0x051c, 0X2, 0x051d, 0X33, 0x051c, 0X1, 0x055e, 0X1, 0x04fc, 0X1, 0x0041, 0X1, 0x0000, 0X7, 0x0082, 0X1, 0x0188, 0X1, 0x03d6, 0X1, 0x055e, 0X1, 0x051c, 0X1, 0x051d, 0X1, 0x04fc, 0X3, 0x055e, 0X1, 0x057f, 0X1, 0x055e, 0X1, 0x053d, 0X1, 0x051c, 0X1, 0x051d, 0X3, 0x051c, 0X1, 0x055e, 0X1, 0x03d6, 
0X1, 0x0000, 0XE, 0x0311, 0X1, 0x057f, 0X1, 0x055e, 0X1, 0x051d, 0X35, 0x051c, 0X1, 0x05bf, 0X1, 0x0373, 0X1, 0x0000, 0X9, 0x0020, 0X1, 0x04ba, 0X1, 0x05bf, 0X1, 0x04fc, 0X1, 0x0082, 0X1, 0x0041, 0X1, 0x0082, 0X1, 0x0168, 0X1, 0x03d6, 0X1, 0x049a, 0X1, 0x04fc, 0X1, 0x055e, 0X1, 0x051c, 0X4, 0x05bf, 0X1, 0x049a, 0X1, 0x0000, 0XF, 0x020b, 0X1, 0x049a, 0X1, 0x04fc, 0X1, 0x051c, 0X1, 0x051d, 0X32, 0x051c, 0X1, 0x05bf, 0X1, 0x0438, 0X1, 0x026d, 0X1, 
0x0000, 0XA, 0x0311, 0X1, 0x055e, 0X1, 0x03d6, 0X1, 0x0000, 0X6, 0x00e5, 0X1, 0x055e, 0X1, 0x057f, 0X1, 0x055e, 0X1, 0x057f, 0X1, 0x04fc, 0X1, 0x0438, 0X1, 0x026d, 0X1, 0x0000, 0X11, 0x00c4, 0X1, 0x04fc, 0X1, 0x053d, 0X1, 0x051c, 0X1, 0x051d, 0X2F, 0x051c, 0X1, 0x053d, 0X1, 0x049a, 0X1, 0x0082, 0X1, 0x0000, 0XC, 0x0020, 0X1, 0x0041, 0X1, 0x0000, 0X7, 0x00c4, 0X1, 0x0311, 0X1, 0x02af, 0X1, 0x026d, 0X1, 0x00c4, 0X1, 0x0000, 0X14, 0x049a, 0X1, 0x055e, 0X1, 0x051c, 0X1, 0x051d, 0X2F, 0x051c, 0X1, 0x05bf, 0X1, 0x0373, 0X1, 0x0000, 0X2F, 0x03d6, 0X1, 0x057f, 0X1, 0x051c, 0X1, 0x051d, 0X2F, 0x051c, 0X1, 
0x053d, 0X1, 0x026d, 0X1, 0x0000, 0X2C, 0x020b, 0X1, 0x0373, 0X1, 0x020b, 0X1, 0x0438, 0X1, 0x055e, 0X1, 0x051c, 0X1, 0x051d, 0X2E, 0x051c, 0X1, 0x057f, 0X1, 0x03d6, 0X1, 0x0000, 0X2C, 0x0020, 0X1, 0x04fc, 0X1, 0x05bf, 0X1, 0x055e, 0X1, 0x053d, 0X1, 0x051c, 0X1, 0x051d, 0X2F, 0x051c, 0X1, 0x053d, 0X1, 0x04fc, 0X1, 0x0041, 0X1, 0x0000, 0X2B, 0x0041, 0X1, 0x04fc, 0X1, 0x051d, 0X1, 0x051c, 0X2, 0x051d, 0X31, 0x051c, 0X1, 0x053d, 0X1, 0x0168, 0X1, 0x0000, 0X2B, 0x02af, 0X1, 0x05bf, 0X1, 0x051c, 0X2, 0x051d, 0X32, 0x051c, 0X1, 0x057f, 0X1, 0x02af, 0X1, 0x0000, 0X2B, 0x00c4, 0X1, 0x020b, 0X1, 0x04fc, 0X1, 
0x053d, 0X1, 0x051c, 0X1, 0x051d, 0X31, 0x051c, 0X1, 0x055e, 0X1, 0x0168, 0X1, 0x0000, 0X2D, 0x0311, 0X1, 0x05bf, 0X1, 0x053d, 0X1, 0x051c, 0X1, 0x051d, 0X2F, 0x051c, 0X1, 0x055e, 0X1, 0x0438, 0X1, 0x0000, 0X2F, 0x0311, 0X1, 0x04fc, 0X1, 0x051d, 0X1, 0x051c, 0X1, 0x051d, 0X2F, 0x053d, 0X1, 0x00e5, 0X1, 0x0000, 0X30, 0x00e5, 0X1, 0x053d, 0X1, 0x051d, 0X1, 0x051c, 0X1, 0x051d, 0X2E, 0x055e, 0X1, 0x00c4, 0X1, 0x0000, 0X30, 0x03d6, 0X1, 0x055e, 0X1, 0x051c, 0X1, 0x051d, 0X2E, 0x051c, 0X1, 0x055e, 0X1, 0x0168, 0X1, 0x0000, 0X2F, 0x03d6, 0X1, 0x055e, 0X1, 0x051c, 0X1, 0x051d, 0X2E, 0x051c, 0X1, 
0x055e, 0X1, 0x05bf, 0X1, 0x0311, 0X1, 0x0000, 0X2F, 0x03d6, 0X1, 0x057f, 0X1, 0x051c, 0X2, 0x051d, 0X2C, 0x051c, 0X1, 0x051d, 0X1, 0x04ba, 0X1, 0x02af, 0X1, 0x0020, 0X1, 0x0000, 0X2F, 0x0041, 0X1, 0x049a, 0X1, 0x05bf, 0X1, 0x053d, 0X1, 0x051c, 0X1, 0x051d, 0X2B, 0x051c, 0X1, 0x057f, 0X1, 0x0311, 0X1, 0x0000, 0X32, 0x0082, 0X1, 0x02af, 0X1, 0x04ba, 0X1, 0x05bf, 0X1, 0x051c, 0X2, 0x051d, 0X2A, 0x051c, 0X1, 0x055e, 0X1, 0x0168, 0X1, 0x0000, 0X33, 0x0188, 0X1, 0x0438, 0X1, 0x055e, 0X2, 0x051c, 0X2, 0x051d, 0X27, 0x051c, 0X1, 0x055e, 0X2, 0x0168, 0X1, 0x0000, 0X35, 0x020b, 0X1, 0x04fc, 0X1, 0x057f, 
0X1, 0x053d, 0X1, 0x051c, 0X1, 0x051d, 0X25, 0x051c, 0X1, 0x055e, 0X1, 0x03d6, 0X1, 0x0188, 0X1, 0x0000, 0X37, 0x0041, 0X1, 0x02af, 0X1, 0x04fc, 0X1, 0x051d, 0X1, 0x051c, 0X1, 0x051d, 0X18, 0x051c, 0X1, 0x051d, 0XA, 0x051c, 0X2, 0x055e, 0X1, 0x0188, 0X1, 0x0000, 0X39, 0x0020, 0X1, 0x0438, 0X1, 0x05bf, 0X1, 0x051d, 0X1, 0x051c, 0X1, 0x051d, 0X19, 0x051c, 0X1, 0x051d, 0X7, 0x051c, 0X1, 0x053d, 0X1, 0x057f, 0X1, 0x05bf, 0X1, 0x04ba, 0X1, 0x0000, 0X3A, 0x0373, 0X1, 0x03d6, 0X1, 0x04fc, 0X1, 0x053d, 0X1, 0x051c, 0X1, 0x051d, 0X16, 0x053d, 0X1, 0x051d, 0X2, 0x051c, 0X2, 0x051d, 0X4, 0x051c, 0X1, 0x053d, 
0X1, 0x04fc, 0X1, 0x02af, 0X2, 0x0438, 0X1, 0x0000, 0X3B, 0x0020, 0X1, 0x0373, 0X1, 0x057f, 0X1, 0x051c, 0X1, 0x051d, 0X14, 0x051c, 0X1, 0x057f, 0X1, 0x02af, 0X1, 0x020b, 0X1, 0x05bf, 0X1, 0x057f, 0X1, 0x053d, 0X1, 0x051c, 0X1, 0x051d, 0X2, 0x051c, 0X2, 0x053d, 0X1, 0x04fc, 0X1, 0x0082, 0X1, 0x0000, 0X3D, 0x026d, 0X1, 0x055e, 0X1, 0x051c, 0X1, 0x051d, 0X16, 0x053d, 0X1, 0x00c4, 0X1, 0x0000, 0X1, 0x0168, 0X1, 0x02af, 0X1, 0x04fc, 0X1, 0x05bf, 0X1, 0x053d, 0X3, 0x051c, 0X2, 0x057f, 0X1, 0x0438, 0X1, 0x0020, 0X1, 0x0000, 0X3C, 0x0082, 0X1, 0x04ba, 0X1, 0x055e, 0X1, 0x051c, 0X2, 0x051d, 0X12, 0x051c, 
0X1, 0x053d, 0X1, 0x04fc, 0X1, 0x00c4, 0X1, 0x0000, 0X3, 0x00c4, 0X1, 0x0311, 0X1, 0x0168, 0X1, 0x0188, 0X1, 0x053d, 0X2, 0x051c, 0X2, 0x04fc, 0X1, 0x00e5, 0X1, 0x0000, 0X3D, 0x0311, 0X1, 0x057f, 0X1, 0x055e, 0X2, 0x051d, 0X1, 0x051c, 0X3, 0x051d, 0XF, 0x051c, 0X1, 0x053d, 0X1, 0x04fc, 0X1, 0x0311, 0X1, 0x0000, 0X6, 0x0373, 0X1, 0x055e, 0X1, 0x051c, 0X1, 0x051d, 0X1, 0x00c4, 0X1, 0x0000, 0X3D, 0x0188, 0X1, 0x04fc, 0X1, 0x055e, 0X1, 0x0438, 0X1, 0x049a, 0X1, 0x053d, 0X1, 0x057f, 0X1, 0x055e, 0X1, 0x053d, 0X1, 0x051c, 0X3, 0x051d, 0XD, 0x051c, 0X1, 0x05bf, 0X1, 0x049a, 0X1, 0x0000, 0X6, 0x0020, 
0X1, 0x0438, 0X1, 0x05bf, 0X1, 0x055e, 0X1, 0x0188, 0X1, 0x0000, 0X3B, 0x0020, 0X1, 0x02af, 0X1, 0x04fc, 0X1, 0x05bf, 0X1, 0x0438, 0X1, 0x0020, 0X2, 0x0188, 0X1, 0x03d6, 0X1, 0x049a, 0X1, 0x053d, 0X1, 0x055e, 0X1, 0x053d, 0X2, 0x051c, 0X1, 0x051d, 0XB, 0x051c, 0X2, 0x04fc, 0X1, 0x0188, 0X1, 0x0000, 0X7, 0x0438, 0X2, 0x00c4, 0X1, 0x0000, 0X3C, 0x00e5, 0X1, 0x053d, 0X1, 0x055e, 0X1, 0x04ba, 0X1, 0x0082, 0X1, 0x0000, 0X5, 0x00c4, 0X1, 0x049a, 0X1, 0x04fc, 0X2, 0x053d, 0X1, 0x051d, 0XA, 0x051c, 0X1, 0x055e, 0X1, 0x04fc, 0X1, 0x00e5, 0X1, 0x0000, 0X8, 0x00e5, 0X1, 0x0000, 0X3F, 0x04fc, 0X1, 0x05bf, 
0X1, 0x0311, 0X1, 0x0000, 0X7, 0x0020, 0X1, 0x0000, 0X2, 0x020b, 0X1, 0x055e, 0X1, 0x051c, 0X1, 0x051d, 0X9, 0x051c, 0X1, 0x055e, 0X1, 0x049a, 0X1, 0x0020, 0X1, 0x0000, 0X47, 0x02af, 0X1, 0x020b, 0X1, 0x0000, 0XB, 0x0020, 0X1, 0x04ba, 0X1, 0x055e, 0X1, 0x051c, 0X1, 0x051d, 0X9, 0x051c, 0X1, 0x057f, 0X1, 0x0311, 0X1, 0x0000, 0X55, 0x03d6, 0X1, 0x057f, 0X1, 0x051c, 0X1, 0x051d, 0X7, 0x051c, 0X3, 0x057f, 0X1, 0x02af, 0X1, 0x0000, 0X54, 0x0020, 0X1, 0x04ba, 0X1, 0x053d, 0X1, 0x051c, 0X1, 0x051d, 0X6, 0x051c, 0X1, 0x053d, 0X1, 0x055e, 0X1, 0x051c, 0X1, 0x055e, 0X1, 0x02af, 0X1, 0x0000, 0X54, 0x00c4, 
0X1, 0x055e, 0X2, 0x051d, 0X2, 0x051c, 0X5, 0x055e, 0X1, 0x04fc, 0X1, 0x04ba, 0X1, 0x057f, 0X1, 0x03d6, 0X1, 0x0000, 0X56, 0x0188, 0X1, 0x04fc, 0X1, 0x051c, 0X2, 0x053d, 0X1, 0x051d, 0X1, 0x053d, 0X2, 0x05bf, 0X1, 0x04fc, 0X1, 0x0041, 0X2, 0x055e, 0X1, 0x0188, 0X1, 0x0000, 0X57, 0x0082, 0X1, 0x0311, 0X1, 0x05bf, 0X1, 0x04fc, 0X1, 0x053d, 0X1, 0x04ba, 0X1, 0x0188, 0X1, 0x0311, 0X1, 0x0082, 0X1, 0x0000, 0X2, 0x00c4, 0X1, 0x0000, 0X59, 0x0041, 0X1, 0x0311, 0X1, 0x00e5, 0X1, 0x00c4, 0X2, 0x0000, 0X3D
};

static const uint16_t lcd_dalat[2040] = { 
0x0000, 0X250, 0x4900, 0X1, 0x0000, 0X74, 0x28a0, 0X1, 0x89e0, 0X1, 0xd2e1, 0X1, 0xdb01, 0X1, 0x1840, 0X1, 0x0000, 0X67, 0x7180, 0X1, 0xcac1, 0X1, 0xba81, 0X1, 0x9200, 0X1, 0x89e0, 0X1, 0x4900, 0X1, 0x28a0, 0X1, 0x1840, 0X1, 0x0000, 0X2, 0x4900, 0X1, 0xaa41, 0X1, 0xdb01, 0X1, 0xe301, 0X1, 0xd2c1, 
0X1, 0xdb01, 0X1, 0x4900, 0X1, 0x0000, 0X65, 0x7180, 0X1, 0xd2e1, 0X1, 0xe301, 0X1, 0xdae1, 0X2, 0xdb01, 0X1, 0xe301, 0X3, 0xdb01, 0X1, 0xcac1, 0X2, 0xe301, 0X1, 0xdb01, 0X1, 0xd2c1, 0X1, 0xcac1, 0X2, 0xdb01, 0X1, 0x89e0, 0X1, 0x0000, 0X62, 0x1840, 0X1, 0x89e0, 0X1, 0xcac1, 0X1, 0xe301, 0X1, 0xdae1, 0X1, 0xcac1, 0X7, 0xd2c1, 0X1, 0xdae1, 0X2, 0xd2c1, 0X1, 0xcac1, 0X1, 0xd2c1, 0X2, 0xcac1, 0X1, 0xdb01, 0X1, 0xba81, 0X1, 0x0000, 0X5C, 0x1840, 0X1, 
0x28a0, 0X1, 0x0000, 0X2, 0x28a0, 0X1, 0x89e0, 0X1, 0xdb01, 0X1, 0xe301, 0X1, 0xdae1, 0X1, 0xcac1, 0X1, 0xd2c1, 0XA, 0xcac1, 0X1, 0xd2c1, 0X6, 0xd2e1, 0X1, 0x1840, 0X1, 0x0000, 0X5A, 0x4900, 0X1, 0xd2e1, 0X1, 0xe301, 0X1, 0xba81, 0X1, 0xaa41, 0X1, 0xd2e1, 0X1, 0xe301, 0X1, 0xd2c1, 0X1, 0xcac1, 0X1, 0xd2c1, 0X12, 0xcac1, 0X1, 0xdb01, 0X1, 0x4900, 0X1, 0x0000, 0X59, 0x4900, 0X1, 0xdb01, 0X1, 0xdae1, 0X1, 0xcac1, 0X1, 0xdae1, 0X1, 0xdb01, 0X1, 0xd2c1, 
0X1, 0xcac1, 0X1, 0xd2c1, 0X14, 0xcac1, 0X1, 0xe301, 0X1, 0x89e0, 0X1, 0x0000, 0X58, 0x7180, 0X1, 0xe301, 0X1, 0xd2c1, 0X1, 0xcac1, 0X1, 0xd2c1, 0X1, 0xcac1, 0X2, 0xd2c1, 0X16, 0xcac1, 0X1, 0xdae1, 0X1, 0xba81, 0X1, 0x0000, 0X57, 0x89e0, 0X1, 0xe301, 0X1, 0xcac1, 0X1, 0xd2c1, 0X1D, 0xdb01, 0X1, 0x1840, 0X1, 0x0000, 0X4B, 0x4900, 0X1, 0x28a0, 0X1, 0x0000, 0X8, 0xaa41, 0X1, 0xe301, 0X1, 0xcac1, 0X1, 0xd2c1, 0X1D, 0xcac1, 0X1, 0xdb01, 0X1, 0x4900, 
0X1, 0x0000, 0X4A, 0x89e0, 0X1, 0xe301, 0X1, 0xdb01, 0X1, 0xd2e1, 0X1, 0xba81, 0X1, 0x89e0, 0X1, 0x7180, 0X1, 0x28a0, 0X1, 0x0000, 0X1, 0x28a0, 0X1, 0xcac1, 0X1, 0xe301, 0X1, 0xcac1, 0X1, 0xd2c1, 0X1F, 0xe301, 0X1, 0x7180, 0X1, 0x0000, 0X49, 0x4900, 0X1, 0xe301, 0X1, 0xcac1, 0X1, 0xd2c1, 0X1, 0xdae1, 0X1, 0xdb01, 0X1, 0xe301, 0X1, 0xdb01, 0X1, 0xe301, 0X1, 0xd2e1, 0X2, 0xdb01, 0X1, 0xcac1, 0X1, 0xd2c1, 0X1E, 0xcac1, 0X1, 0xe301, 0X1, 0x89e0, 0X1, 
0x0000, 0X49, 0x1840, 0X1, 0xd2e1, 0X1, 0xdae1, 0X1, 0xcac1, 0X1, 0xd2c1, 0X2, 0xcac1, 0X4, 0xdae1, 0X1, 0xd2c1, 0X1, 0xcac1, 0X1, 0xd2c1, 0X1E, 0xcac1, 0X1, 0xdb01, 0X1, 0x9200, 0X1, 0x0000, 0X47, 0x1840, 0X2, 0x28a0, 0X1, 0xba81, 0X1, 0xdb01, 0X1, 0xcac1, 0X1, 0xd2c1, 0X28, 0xcac1, 0X1, 0xdb01, 0X1, 0x28a0, 0X1, 0x0000, 0X43, 0x89e0, 0X1, 0xdae1, 0X1, 0xcac1, 0X1, 0xd2c1, 0X2, 0xd2e1, 0X1, 0xdb01, 0X1, 0xdae1, 0X1, 0xcac1, 0X1, 0xd2c1, 0X29, 0xcac1, 
0X1, 0xdb01, 0X1, 0xaa41, 0X1, 0x0000, 0X42, 0x89e0, 0X1, 0xe301, 0X1, 0xd2c1, 0X6, 0xcac1, 0X1, 0xd2c1, 0X2B, 0xcac1, 0X1, 0xe301, 0X1, 0x7180, 0X1, 0x0000, 0X40, 0x89e0, 0X1, 0xe301, 0X1, 0xcac1, 0X1, 0xd2c1, 0X34, 0xe301, 0X1, 0x4900, 0X1, 0x0000, 0X3E, 0x4900, 0X1, 0xdb01, 0X1, 0xdae1, 0X1, 0xcac1, 0X1, 0xd2c1, 0X33, 0xcac1, 0X1, 0xe301, 0X1, 0x4900, 0X1, 0x0000, 0X3F, 0x4900, 0X1, 0xcac1, 0X1, 0xdb01, 0X1, 0xcac1, 0X1, 0xd2c1, 0X31, 
0xcac1, 0X1, 0xdb01, 0X1, 0xba81, 0X1, 0x0000, 0X42, 0xaa41, 0X1, 0xdae1, 0X1, 0xcac1, 0X1, 0xd2c1, 0X30, 0xcac1, 0X1, 0xe301, 0X1, 0x4900, 0X1, 0x0000, 0X43, 0xaa41, 0X1, 0xdb01, 0X1, 0xcac1, 0X1, 0xd2c1, 0X2E, 0xcac1, 0X1, 0xdae1, 0X1, 0xcac1, 0X1, 0x0000, 0X44, 0x4900, 0X1, 0xe301, 0X1, 0xcac1, 0X1, 0xd2c1, 0X2E, 0xcac1, 0X1, 0xe301, 0X1, 0x7180, 0X1, 0x0000, 0X45, 0xba81, 0X1, 0xdae1, 0X1, 0xd2c1, 0X2D, 0xcac1, 0X1, 0xdae1, 0X1, 0xd2e1, 0X1, 
0x0000, 0X46, 0x7180, 0X1, 0xe301, 0X1, 0xcac1, 0X1, 0xd2c1, 0X2C, 0xcac1, 0X1, 0xdb01, 0X1, 0x89e0, 0X1, 0x0000, 0X46, 0x1840, 0X1, 0xd2e1, 0X1, 0xd2c1, 0X2E, 0xdb01, 0X1, 0x28a0, 0X1, 0x0000, 0X47, 0x89e0, 0X1, 0xe301, 0X1, 0xcac1, 0X1, 0xd2c1, 0X2C, 0xdb01, 0X1, 0x28a0, 0X1, 0x0000, 0X47, 0x28a0, 0X1, 0xe301, 0X1, 0xd2c1, 0X1, 0xcac1, 0X1, 0xd2c1, 0X2B, 0xdae1, 0X1, 0x1840, 0X1, 0x0000, 0X48, 0x7180, 0X1, 0xe301, 0X1, 0xdae1, 0X1, 0xcac1, 
0X1, 0xd2c1, 0X2A, 0xdae1, 0X1, 0x1840, 0X1, 0x0000, 0X49, 0x4900, 0X1, 0xcac1, 0X1, 0xe301, 0X1, 0xd2c1, 0X2B, 0x0000, 0X4B, 0x1840, 0X1, 0xaa41, 0X1, 0xe301, 0X1, 0xd2c1, 0X28, 0xdae1, 0X1, 0xcac1, 0X1, 0x0000, 0X4D, 0xaa41, 0X1, 0xdb01, 0X1, 0xcac1, 0X1, 0xd2c1, 0X26, 0xdae1, 0X1, 0xcac1, 0X1, 0x0000, 0X4D, 0x9200, 0X1, 0xdb01, 0X1, 0xcac1, 0X1, 0xd2c1, 0X26, 0xdae1, 0X1, 0xba81, 0X1, 0x0000, 0X2A, 0x1840, 0X1, 0x4900, 0X1, 0x28a0, 0X1, 
0x0000, 0X1F, 0x1840, 0X1, 0xd2e1, 0X1, 0xd2c1, 0X29, 0xcac1, 0X1, 0x0000, 0X2A, 0x4900, 0X1, 0xe301, 0X1, 0xdb01, 0X1, 0x28a0, 0X1, 0x0000, 0X1E, 0x7180, 0X1, 0xe301, 0X1, 0xcac1, 0X1, 0xd2c1, 0X27, 0xdae1, 0X1, 0xba81, 0X1, 0x0000, 0X2A, 0x4900, 0X1, 0xdb01, 0X2, 0x9200, 0X1, 0x0000, 0X1E, 0xba81, 0X1, 0xdae1, 0X1, 0xcac1, 0X1, 0xd2c1, 0X26, 0xcac1, 0X1, 0xdb01, 0X1, 0xaa41, 0X1, 0x0000, 0X29, 0x28a0, 0X1, 0xcac1, 0X1, 0xdae1, 0X1, 0xcac1, 
0X1, 0xdb01, 0X1, 0xaa41, 0X1, 0x28a0, 0X1, 0x0000, 0X1B, 0x28a0, 0X1, 0xe301, 0X1, 0xd2c1, 0X28, 0xcac1, 0X1, 0xe301, 0X1, 0x89e0, 0X1, 0x0000, 0X28, 0x7180, 0X1, 0xdb01, 0X1, 0xdae1, 0X1, 0xcac1, 0X1, 0xd2c1, 0X1, 0xcac1, 0X1, 0xdb01, 0X2, 0x89e0, 0X1, 0x1840, 0X1, 0x0000, 0X4, 0x1840, 0X1, 0x28a0, 0X1, 0x7180, 0X2, 0x0000, 0X11, 0x89e0, 0X1, 0xdb01, 0X1, 0xcac1, 0X1, 0xd2c1, 0X27, 0xe301, 0X1, 0xaa41, 0X1, 0x0000, 0X27, 0x28a0, 0X1, 0xba81, 0X1, 
0xe301, 0X1, 0xd2c1, 0X1, 0xcac1, 0X1, 0xd2c1, 0X3, 0xcac1, 0X1, 0xd2c1, 0X1, 0xe301, 0X1, 0xd2e1, 0X1, 0x7180, 0X2, 0xaa41, 0X1, 0xba81, 0X1, 0xd2e1, 0X1, 0xe301, 0X2, 0xd2e1, 0X1, 0x0000, 0X11, 0xd2e1, 0X1, 0xd2c1, 0X27, 0xcac1, 0X1, 0xdb01, 0X1, 0x89e0, 0X1, 0x0000, 0X27, 0x7180, 0X1, 0xdb01, 0X2, 0xcac1, 0X1, 0xd2c1, 0X7, 0xcac1, 0X1, 0xdae1, 0X1, 0xe301, 0X1, 0xdb01, 0X2, 0xdae1, 0X1, 0xd2c1, 0X1, 0xcac1, 0X1, 0xd2c1, 0X1, 0xd2e1, 0X1, 0x1840, 
0X1, 0x0000, 0XF, 0x7180, 0X1, 0xdb01, 0X1, 0xcac1, 0X1, 0xd2c1, 0X27, 0xd2e1, 0X1, 0x0000, 0X26, 0x28a0, 0X1, 0xba81, 0X1, 0xe301, 0X1, 0xd2c1, 0X1, 0xcac1, 0X1, 0xd2c1, 0XA, 0xcac1, 0X4, 0xd2c1, 0X2, 0xcac1, 0X1, 0xe301, 0X1, 0x28a0, 0X1, 0x0000, 0XD, 0x4900, 0X1, 0xaa41, 0X1, 0xdae1, 0X1, 0xd2c1, 0X29, 0xe301, 0X1, 0x28a0, 0X1, 0x0000, 0X24, 0x7180, 0X1, 0xd2e1, 0X1, 0xdb01, 0X1, 0xcac1, 0X1, 0xd2c1, 0X12, 0xcac1, 0X1, 0xe301, 0X1, 0x7180, 0X1, 
0x0000, 0XA, 0x28a0, 0X1, 0x89e0, 0X1, 0xcac1, 0X1, 0xe301, 0X1, 0xdb01, 0X1, 0xd2c1, 0X29, 0xcac1, 0X1, 0xdae1, 0X1, 0xcac1, 0X1, 0x0000, 0X23, 0xaa41, 0X1, 0xe301, 0X1, 0xdae1, 0X1, 0xcac1, 0X1, 0xd2c1, 0X13, 0xcac1, 0X1, 0xdae1, 0X1, 0xcac1, 0X1, 0x4900, 0X1, 0x1840, 0X1, 0x0000, 0X5, 0x1840, 0X1, 0x7180, 0X1, 0xba81, 0X1, 0xdb01, 0X1, 0xe301, 0X1, 0xdae1, 0X1, 0xcac1, 0X2, 0xd2c1, 0X2A, 0xcac1, 0X1, 0xdb01, 0X1, 0xaa41, 0X1, 0x0000, 0X1C, 0x28a0, 
0X1, 0x7180, 0X1, 0x9200, 0X1, 0xaa41, 0X1, 0xba81, 0X1, 0xd2e1, 0X1, 0xdb01, 0X1, 0xcac1, 0X1, 0xd2c1, 0X16, 0xcac1, 0X1, 0xdae1, 0X1, 0xe301, 0X1, 0xd2e1, 0X1, 0xba81, 0X1, 0x89e0, 0X1, 0x4900, 0X2, 0xaa41, 0X1, 0xd2e1, 0X1, 0xe301, 0X1, 0xdb01, 0X1, 0xd2c1, 0X1, 0xcac1, 0X1, 0xd2c1, 0X2E, 0xcac1, 0X1, 0xe301, 0X1, 0x7180, 0X1, 0x0000, 0X1A, 0x4900, 0X1, 0xdb01, 0X1, 0xe301, 0X1, 0xdb01, 0X2, 0xdae1, 0X1, 0xd2c1, 0X1, 0xcac1, 0X1, 0xd2c1, 0X18, 
0xcac1, 0X2, 0xd2c1, 0X1, 0xdb01, 0X1, 0xe301, 0X3, 0xdb01, 0X1, 0xd2c1, 0X1, 0xcac1, 0X2, 0xd2c1, 0X32, 0xe301, 0X1, 0x4900, 0X1, 0x0000, 0XF, 0x28a0, 0X1, 0xaa41, 0X1, 0x89e0, 0X1, 0x4900, 0X1, 0x0000, 0X5, 0x7180, 0X1, 0xe301, 0X1, 0xd2c1, 0X1, 0xcac1, 0X4, 0xd2c1, 0X1D, 0xcac1, 0X5, 0xd2c1, 0X34, 0xcac1, 0X1, 0xdae1, 0X1, 0xcac1, 0X1, 0x0000, 0XE, 0x7180, 0X1, 0xdb01, 0X3, 0xe301, 0X1, 0xcac1, 0X1, 0x89e0, 0X1, 0x4900, 0X1, 0x0000, 0X1, 0x89e0, 
0X1, 0xe301, 0X1, 0xd2c1, 0X5D, 0xcac1, 0X1, 0xdb01, 0X1, 0xaa41, 0X1, 0x0000, 0XC, 0xaa41, 0X1, 0xe301, 0X1, 0xd2c1, 0X1, 0xcac1, 0X3, 0xdae1, 0X1, 0xe301, 0X2, 0xd2e1, 0X1, 0xdb01, 0X1, 0xd2c1, 0X5E, 0xcac1, 0X1, 0xdae1, 0X1, 0xd2e1, 0X1, 0x1840, 0X1, 0x0000, 0XA, 0x7180, 0X1, 0xe301, 0X1, 0xcac1, 0X1, 0xd2c1, 0X5, 0xcac1, 0X1, 0xd2c1, 0X2, 0xcac1, 0X1, 0xd2c1, 0X5C, 0xcac1, 0X3, 0xe301, 0X1, 0x7180, 0X1, 0x0000, 0XB, 0xaa41, 0X1, 0xdb01, 0X1, 
0xcac1, 0X1, 0xd2c1, 0X62, 0xcac1, 0X2, 0xd2c1, 0X1, 0xdae1, 0X1, 0xdb01, 0X1, 0xe301, 0X1, 0xcac1, 0X1, 0x0000, 0XB, 0x1840, 0X1, 0xd2e1, 0X1, 0xd2c1, 0X61, 0xcac1, 0X2, 0xd2c1, 0X1, 0xdb01, 0X1, 0xe301, 0X2, 0xcac1, 0X1, 0x89e0, 0X1, 0x4900, 0X1, 0x0000, 0XC, 0x4900, 0X1, 0xe301, 0X1, 0xcac1, 0X1, 0xd2c1, 0X60, 0xdae1, 0X1, 0xe301, 0X1, 0xd2e1, 0X1, 0xaa41, 0X1, 0x7180, 0X1, 0x28a0, 0X1, 0x0000, 0XF, 0xaa41, 0X1, 0xdb01, 0X1, 0xcac1, 0X1, 0xd2c1, 
0X5E, 0xcac1, 0X1, 0xdae1, 0X1, 0xba81, 0X1, 0x4900, 0X1, 0x1840, 0X1, 0x0000, 0X12, 0xd2e1, 0X1, 0xd2c1, 0X60, 0xcac1, 0X1, 0xe301, 0X1, 0x28a0, 0X1, 0x0000, 0X14, 0xcac1, 0X1, 0xdae1, 0X1, 0xcac1, 0X1, 0xd2c1, 0X5D, 0xcac1, 0X1, 0xdae1, 0X1, 0xcac1, 0X1, 0x0000, 0X15, 0x28a0, 0X1, 0xe301, 0X1, 0xd2c1, 0X5E, 0xcac1, 0X1, 0xdb01, 0X1, 0x89e0, 0X1, 0x0000, 0X16, 0x89e0, 0X1, 0xdb01, 0X1, 0xcac1, 0X1, 0xd2c1, 0X5C, 0xcac1, 0X1, 0xdb01, 0X1, 
0x89e0, 0X1, 0x0000, 0X16, 0x1840, 0X1, 0xd2e1, 0X1, 0xd2c1, 0X5E, 0xcac1, 0X1, 0xe301, 0X1, 0x28a0, 0X1, 0x0000, 0X16, 0xcac1, 0X1, 0xd2c1, 0X5E, 0xcac1, 0X1, 0xdb01, 0X1, 0xba81, 0X1, 0x0000, 0X16, 0xd2c1, 0X2, 0xcac1, 0X1, 0xd2c1, 0X4A, 0xcac1, 0X2, 0xd2c1, 0X1, 0xcac1, 0X2, 0xd2c1, 0XA, 0xcac1, 0X3, 0xd2c1, 0X1, 0xcac1, 0X1, 0xe301, 0X1, 0x7180, 0X1, 0x0000, 0X15, 0xba81, 0X1, 0xe301, 0X1, 0xdb01, 0X1, 0xcac1, 0X2, 0xd2c1, 0X46, 0xcac1, 0X1, 
0xd2c1, 0X1, 0xdb01, 0X1, 0xe301, 0X1, 0xdb01, 0X3, 0xcac1, 0X2, 0xd2c1, 0X4, 0xcac1, 0X3, 0xd2c1, 0X1, 0xdae1, 0X1, 0xdb01, 0X2, 0xd2c1, 0X1, 0xcac1, 0X1, 0xe301, 0X1, 0xaa41, 0X1, 0x0000, 0X16, 0x4900, 0X1, 0xba81, 0X1, 0xe301, 0X1, 0xdb01, 0X1, 0xd2c1, 0X1, 0xcac1, 0X1, 0xd2c1, 0X44, 0xdb01, 0X2, 0xba81, 0X1, 0x7180, 0X1, 0x28a0, 0X1, 0x4900, 0X1, 0xaa41, 0X1, 0xe301, 0X1, 0xdb01, 0X1, 0xd2c1, 0X1, 0xcac1, 0X1, 0xd2c1, 0X1, 0xdae1, 0X1, 0xdb01, 
0X1, 0xe301, 0X2, 0xdb01, 0X1, 0xcac1, 0X1, 0xaa41, 0X2, 0xdb01, 0X1, 0xe301, 0X1, 0xcac1, 0X1, 0x0000, 0X19, 0x4900, 0X1, 0xaa41, 0X1, 0xdb01, 0X2, 0xd2c1, 0X1, 0xcac1, 0X1, 0xd2c1, 0X41, 0xdae1, 0X1, 0xaa41, 0X1, 0x28a0, 0X1, 0x0000, 0X5, 0x4900, 0X1, 0xaa41, 0X1, 0xdb01, 0X1, 0xe301, 0X1, 0xdb01, 0X1, 0xd2e1, 0X1, 0xaa41, 0X1, 0x89e0, 0X1, 0x4900, 0X1, 0x1840, 0X1, 0x0000, 0X3, 0x28a0, 0X1, 0x89e0, 0X1, 0x4900, 0X1, 0x0000, 0X1B, 0x28a0, 0X1, 
0xaa41, 0X1, 0xdb01, 0X1, 0xe301, 0X1, 0xd2c1, 0X1, 0xcac1, 0X1, 0xd2c1, 0X3F, 0xd2e1, 0X1, 0x0000, 0X9, 0x28a0, 0X1, 0x7180, 0X1, 0x28a0, 0X1, 0x0000, 0X28, 0x28a0, 0X1, 0x89e0, 0X1, 0xd2e1, 0X1, 0xe301, 0X1, 0xd2c1, 0X3D, 0xcac1, 0X1, 0xdae1, 0X1, 0xba81, 0X1, 0x0000, 0X36, 0x28a0, 0X1, 0x89e0, 0X1, 0xdb01, 0X1, 0xd2c1, 0X3C, 0xcac1, 0X1, 0xdb01, 0X1, 0xaa41, 0X1, 0x0000, 0X38, 0xba81, 0X1, 0xdae1, 0X1, 0xcac1, 0X1, 0xd2c1, 0X3A, 0xcac1, 0X1, 
0xdb01, 0X1, 0x89e0, 0X1, 0x0000, 0X38, 0xba81, 0X1, 0xdae1, 0X1, 0xcac1, 0X1, 0xd2c1, 0X3A, 0xcac1, 0X1, 0xe301, 0X1, 0x7180, 0X1, 0x0000, 0X37, 0x28a0, 0X1, 0xdb01, 0X1, 0xd2c1, 0X3C, 0xcac1, 0X1, 0xdb01, 0X1, 0xaa41, 0X1, 0x0000, 0X37, 0x7180, 0X1, 0xdb01, 0X1, 0xcac1, 0X1, 0xd2c1, 0X3C, 0xcac1, 0X1, 0xe301, 0X1, 0xaa41, 0X1, 0x0000, 0X36, 0xaa41, 0X1, 0xe301, 0X1, 0xdae1, 0X1, 0xcac1, 0X2, 0xd2c1, 0X3B, 0xcac1, 0X1, 0xe301, 0X1, 0xaa41, 
0X1, 0x0000, 0X35, 0x1840, 0X1, 0x89e0, 0X1, 0xcac1, 0X1, 0xe301, 0X1, 0xdae1, 0X1, 0xcac1, 0X1, 0xd2c1, 0X3C, 0xe301, 0X1, 0x7180, 0X1, 0x0000, 0X37, 0x7180, 0X1, 0xcac1, 0X1, 0xdae1, 0X1, 0xcac1, 0X1, 0xd2c1, 0X3, 0xcac1, 0X3, 0xd2c1, 0X32, 0xcac1, 0X1, 0xdae1, 0X1, 0xe301, 0X1, 0x7180, 0X1, 0x0000, 0X3A, 0x89e0, 0X1, 0xe301, 0X1, 0xcac1, 0X2, 0xd2c1, 0X1, 0xdae1, 0X1, 0xe301, 0X1, 0xdae1, 0X1, 0xcac1, 0X1, 0xd2c1, 0X9, 0xcac1, 0X12, 0xd2c1, 0X15, 
0xcac1, 0X1, 0xdae1, 0X1, 0xdb01, 0X1, 0x4900, 0X1, 0x0000, 0X3C, 0xba81, 0X1, 0xe301, 0X1, 0xdae1, 0X1, 0xe301, 0X1, 0xba81, 0X1, 0x7180, 0X1, 0xba81, 0X1, 0xe301, 0X1, 0xd2c1, 0X1, 0xcac1, 0X1, 0xd2c1, 0X5, 0xcac1, 0X1, 0xd2c1, 0X1, 0xdb01, 0X6, 0xe301, 0XB, 0xdae1, 0X1, 0xd2c1, 0X1, 0xcac1, 0X2, 0xd2c1, 0X11, 0xcac1, 0X1, 0xdb01, 0X1, 0xcac1, 0X1, 0x28a0, 0X1, 0x0000, 0X3E, 0xcac1, 0X1, 0xaa41, 0X1, 0x4900, 0X1, 0x0000, 0X3, 0x89e0, 0X1, 0xdb01, 
0X1, 0xdae1, 0X1, 0xcac1, 0X1, 0xd2c1, 0X3, 0xcac1, 0X1, 0xdae1, 0X1, 0xdb01, 0X1, 0x9200, 0X6, 0x7180, 0XB, 0xba81, 0X1, 0xdb01, 0X1, 0xe301, 0X1, 0xdae1, 0X1, 0xcac1, 0X2, 0xd2c1, 0XE, 0xcac1, 0X1, 0xe301, 0X1, 0xaa41, 0X1, 0x0000, 0X47, 0x4900, 0X1, 0xcac1, 0X1, 0xe301, 0X1, 0xcac1, 0X3, 0xdb01, 0X1, 0xd2e1, 0X1, 0x4900, 0X1, 0x0000, 0X12, 0x28a0, 0X1, 0x89e0, 0X1, 0xcac1, 0X1, 0xe301, 0X1, 0xdb01, 0X1, 0xdae1, 0X1, 0xd2c1, 0XB, 0xcac1, 0X1, 
0xd2c1, 0X1, 0xe301, 0X1, 0x89e0, 0X1, 0x0000, 0X4A, 0x89e0, 0X1, 0xe301, 0X1, 0xdae1, 0X1, 0xe301, 0X1, 0xba81, 0X1, 0x1840, 0X1, 0x0000, 0X16, 0x4900, 0X1, 0x89e0, 0X1, 0xcac1, 0X1, 0xdae1, 0X1, 0xd2c1, 0X9, 0xcac1, 0X1, 0xdae1, 0X1, 0xdb01, 0X1, 0x7180, 0X1, 0x0000, 0X4C, 0x4900, 0X1, 0xcac1, 0X1, 0x89e0, 0X1, 0x0000, 0X1B, 0xd2e1, 0X1, 0xdae1, 0X1, 0xd2c1, 0X6, 0xcac1, 0X1, 0xd2c1, 0X1, 0xe301, 0X1, 0xd2e1, 0X1, 0x4900, 0X1, 0x0000, 0X6B, 0x89e0, 
0X1, 0xe301, 0X1, 0xcac1, 0X1, 0xd2c1, 0X3, 0xcac1, 0X1, 0xd2c1, 0X1, 0xdb01, 0X2, 0x89e0, 0X1, 0x1840, 0X1, 0x0000, 0X6C, 0x28a0, 0X1, 0xe301, 0X1, 0xd2c1, 0X2, 0xcac1, 0X2, 0xdb01, 0X1, 0xe301, 0X1, 0xaa41, 0X1, 0x28a0, 0X1, 0x0000, 0X6F, 0xba81, 0X1, 0xdae1, 0X1, 0xcac1, 0X1, 0xdae1, 0X1, 0xe301, 0X1, 0xaa41, 0X1, 0x28a0, 0X1, 0x0000, 0X71, 0x89e0, 0X1, 0xdb01, 0X1, 0xdae1, 0X1, 0xba81, 0X1, 0x4900, 0X1, 0x0000, 0X73, 0x28a0, 0X1, 0xe301, 0X1, 0xaa41, 0X1, 0x0000, 0X76, 0xcac1, 0X1, 0x1840, 0X1, 0x0000, 0X305
};

static const uint16_t lcd_camau[2916] = {
0x0000, 0X81, 0x0060, 0X1, 0x0000, 0X62, 0x0060, 0X1, 0x2b43, 0X1, 0x0901, 0X1, 0x0000, 0X4, 0x11a1, 0X1, 0x0000, 0X5, 0x2b03, 0X1, 0x0901, 0X1, 0x0000, 0X55, 0x2b43, 0X1, 0x3c24, 0X1, 0x33a3, 0X1, 0x0901, 0X1, 0x0000, 0X2, 0x0901, 0X1, 0x3c04, 0X1, 0x2b03, 0X1, 0x0060, 0X1, 0x0000, 0X2, 0x0901, 0X1,
0x3c24, 0X1, 0x3c04, 0X1, 0x2b03, 0X1, 0x0060, 0X1, 0x0000, 0X52, 0x0901, 0X1, 0x3c04, 0X1, 0x33c4, 0X1, 0x3c24, 0X1, 0x33a3, 0X1, 0x0060, 0X2, 0x33a3, 0X1, 0x3c04, 0X3, 0x2b43, 0X1, 0x2242, 0X1, 0x33a3, 0X1, 0x3c04, 0X1, 0x33e4, 0X1, 0x3c24, 0X1, 0x33c4, 0X1, 0x2242, 0X1, 0x0000, 0X48, 0x0040, 0X2, 0x0000, 0X6, 0x0060, 0X1, 0x2b03, 0X1, 0x3c24, 0X1, 0x33c4, 0X2, 0x3c04, 0X1, 0x33c4, 0X1, 0x33a3, 0X1, 0x3c04, 0X1, 0x33c4, 0X2, 0x33e4, 0X1, 0x3c04,
0X1, 0x3c24, 0X1, 0x3c04, 0X1, 0x33e4, 0X2, 0x33c4, 0X1, 0x3c04, 0X1, 0x3c24, 0X1, 0x2b43, 0X1, 0x0901, 0X1, 0x0000, 0X46, 0x33c4, 0X1, 0x2242, 0X1, 0x0000, 0X6, 0x0901, 0X1, 0x3c24, 0X1, 0x33c4, 0X1, 0x33e4, 0X2, 0x33c4, 0X1, 0x3c04, 0X2, 0x33c4, 0X1, 0x33e4, 0X3, 0x33c4, 0X3, 0x33e4, 0X3, 0x33c4, 0X2, 0x3c24, 0X1, 0x3c04, 0X1, 0x2242, 0X1, 0x0060, 0X1, 0x0000, 0X44, 0x3c04, 0X1, 0x3c24, 0X1, 0x11a1, 0X1, 0x0000, 0X5, 0x33a3, 0X1, 0x3c04, 0X1,
0x33c4, 0X1, 0x33e4, 0X3, 0x33c4, 0X2, 0x33e4, 0XC, 0x33c4, 0X1, 0x33e4, 0X1, 0x3c24, 0X1, 0x33a3, 0X1, 0x11a1, 0X1, 0x0000, 0X42, 0x0060, 0X1, 0x33a3, 0X1, 0x3c04, 0X2, 0x2242, 0X1, 0x0040, 0X1, 0x0000, 0X2, 0x2242, 0X1, 0x3c24, 0X1, 0x33c4, 0X1, 0x33e4, 0X14, 0x33c4, 0X1, 0x3c04, 0X2, 0x2b03, 0X1, 0x0901, 0X1, 0x0000, 0X41, 0x3c04, 0X1, 0x33e4, 0X2, 0x3c24, 0X1, 0x2b03, 0X1, 0x0040, 0X1, 0x0000, 0X1, 0x33a3, 0X1, 0x3c04, 0X1, 0x33c4, 0X1, 0x33e4,
0X15, 0x33c4, 0X1, 0x33e4, 0X1, 0x3c24, 0X1, 0x33c4, 0X1, 0x2242, 0X1, 0x0060, 0X1, 0x0000, 0X3F, 0x3c04, 0X1, 0x33e4, 0X1, 0x33c4, 0X2, 0x3c24, 0X1, 0x2b03, 0X1, 0x2242, 0X1, 0x3c24, 0X1, 0x33c4, 0X1, 0x33e4, 0X18, 0x33c4, 0X1, 0x33e4, 0X1, 0x3c24, 0X1, 0x33a3, 0X1, 0x11a1, 0X1, 0x0000, 0X3D, 0x0060, 0X1, 0x3c04, 0X1, 0x33e4, 0X3, 0x33c4, 0X1, 0x3c04, 0X2, 0x33e4, 0X1B, 0x33c4, 0X2, 0x3c04, 0X2, 0x2b43, 0X1, 0x0060, 0X1, 0x0000, 0X3B, 0x0901, 0X1,
0x3c04, 0X1, 0x33e4, 0X23, 0x33c4, 0X1, 0x33e4, 0X1, 0x3c24, 0X1, 0x3c04, 0X1, 0x2242, 0X1, 0x0060, 0X1, 0x0000, 0X39, 0x0901, 0X1, 0x3c04, 0X1, 0x33e4, 0X25, 0x33c4, 0X1, 0x33e4, 0X1, 0x3c24, 0X1, 0x33a3, 0X1, 0x0901, 0X1, 0x0040, 0X1, 0x0000, 0X37, 0x1a02, 0X1, 0x3c24, 0X1, 0x33c4, 0X1, 0x33e4, 0X26, 0x33c4, 0X1, 0x3c04, 0X2, 0x2b03, 0X1, 0x0060, 0X1, 0x0000, 0X36, 0x1a02, 0X1, 0x3c24, 0X1, 0x33c4, 0X1, 0x33e4, 0X27, 0x33c4, 0X1, 0x33e4, 0X1, 0x3c24,
0X1, 0x33c4, 0X1, 0x2242, 0X1, 0x0040, 0X1, 0x0000, 0X34, 0x1a02, 0X1, 0x3c24, 0X1, 0x33c4, 0X1, 0x33e4, 0X29, 0x33c4, 0X1, 0x3c04, 0X1, 0x3c24, 0X1, 0x2b43, 0X1, 0x0901, 0X1, 0x0000, 0X33, 0x1a02, 0X1, 0x3c24, 0X1, 0x33c4, 0X1, 0x33e4, 0X2A, 0x33c4, 0X2, 0x3c24, 0X1, 0x3c04, 0X1, 0x2242, 0X1, 0x0060, 0X1, 0x0000, 0X31, 0x2242, 0X1, 0x3c24, 0X1, 0x33c4, 0X1, 0x33e4, 0X2C, 0x33c4, 0X1, 0x33e4, 0X1, 0x3c24, 0X1, 0x33a3, 0X1, 0x0901, 0X1, 0x0000, 0X30,
0x2242, 0X1, 0x3c24, 0X1, 0x33c4, 0X1, 0x33e4, 0X2E, 0x33c4, 0X1, 0x3c04, 0X1, 0x3c24, 0X1, 0x2b03, 0X1, 0x0901, 0X1, 0x0000, 0X2E, 0x1a02, 0X1, 0x3c24, 0X1, 0x33c4, 0X1, 0x33e4, 0X2F, 0x33c4, 0X1, 0x33e4, 0X1, 0x3c24, 0X1, 0x33c4, 0X1, 0x2242, 0X1, 0x0040, 0X1, 0x0000, 0X2C, 0x1a02, 0X1, 0x3c24, 0X1, 0x33c4, 0X1, 0x33e4, 0X33, 0x3c24, 0X1, 0x2b03, 0X1, 0x0901, 0X1, 0x0000, 0X2B, 0x11a1, 0X1, 0x3c24, 0X1, 0x33c4, 0X1, 0x33e4, 0X32, 0x33c4, 0X2,
0x3c24, 0X1, 0x3c04, 0X1, 0x2242, 0X1, 0x0060, 0X1, 0x0000, 0X29, 0x2b03, 0X1, 0x3c24, 0X1, 0x33c4, 0X1, 0x33e4, 0X34, 0x33c4, 0X1, 0x33e4, 0X1, 0x3c24, 0X1, 0x33a3, 0X1, 0x0901, 0X1, 0x0000, 0X28, 0x1a02, 0X1, 0x3c24, 0X1, 0x33c4, 0X1, 0x33e4, 0X36, 0x33c4, 0X1, 0x3c04, 0X2, 0x2b43, 0X1, 0x1a02, 0X1, 0x2242, 0X1, 0x0060, 0X1, 0x0000, 0X24, 0x2b43, 0X1, 0x3c24, 0X1, 0x33c4, 0X1, 0x33e4, 0X37, 0x33c4, 0X1, 0x33e4, 0X1, 0x3c04, 0X1, 0x3c24, 0X2, 0x33a3,
0X1, 0x0901, 0X1, 0x0000, 0X23, 0x33c4, 0X1, 0x3c04, 0X1, 0x33c4, 0X1, 0x33e4, 0X39, 0x33c4, 0X1, 0x33e4, 0X1, 0x3c04, 0X1, 0x2242, 0X1, 0x0000, 0X24, 0x33c4, 0X1, 0x3c04, 0X1, 0x33c4, 0X1, 0x33e4, 0X38, 0x33c4, 0X1, 0x33e4, 0X1, 0x3c04, 0X1, 0x11a1, 0X1, 0x0000, 0X25, 0x33c4, 0X1, 0x33e4, 0X1, 0x33c4, 0X1, 0x33e4, 0X38, 0x33c4, 0X1, 0x3c24, 0X1, 0x11a1, 0X1, 0x0000, 0X25, 0x0060, 0X1, 0x3c04, 0X1, 0x33e4, 0X39, 0x33c4, 0X1, 0x3c24, 0X1, 0x2b03, 0X1,
0x0040, 0X1, 0x0000, 0X25, 0x1a02, 0X1, 0x3c24, 0X1, 0x33c4, 0X1, 0x33e4, 0X38, 0x3c24, 0X1, 0x2b03, 0X1, 0x0040, 0X1, 0x0000, 0X26, 0x0901, 0X1, 0x3c04, 0X1, 0x33e4, 0X37, 0x33c4, 0X1, 0x3c04, 0X1, 0x2b03, 0X1, 0x0040, 0X1, 0x0000, 0X27, 0x1a02, 0X1, 0x3c24, 0X1, 0x33c4, 0X1, 0x33e4, 0X35, 0x33c4, 0X1, 0x3c04, 0X1, 0x33a3, 0X1, 0x0060, 0X1, 0x0000, 0X28, 0x1a02, 0X1, 0x3c24, 0X1, 0x33c4, 0X1, 0x33e4, 0X35, 0x33c4, 0X1, 0x3c04, 0X1, 0x33c4,
0X1, 0x0040, 0X1, 0x0000, 0X28, 0x2242, 0X1, 0x3c24, 0X1, 0x33c4, 0X1, 0x33e4, 0X36, 0x33c4, 0X1, 0x3c24, 0X1, 0x2242, 0X1, 0x0000, 0X28, 0x2242, 0X1, 0x3c24, 0X1, 0x33c4, 0X1, 0x33e4, 0X36, 0x33c4, 0X1, 0x3c04, 0X1, 0x33c4, 0X1, 0x0901, 0X1, 0x0000, 0X27, 0x11a1, 0X1, 0x3c24, 0X1, 0x33c4, 0X1, 0x33e4, 0X37, 0x33c4, 0X1, 0x3c04, 0X1, 0x33a3, 0X1, 0x0901, 0X1, 0x0000, 0X26, 0x1a02, 0X1, 0x3c24, 0X1, 0x33c4, 0X1, 0x33e4, 0X38, 0x33c4, 0X1, 0x3c04, 0X1,
0x33c4, 0X1, 0x11a1, 0X1, 0x0000, 0X25, 0x1a02, 0X1, 0x3c24, 0X1, 0x33c4, 0X1, 0x33e4, 0X39, 0x33c4, 0X1, 0x3c04, 0X1, 0x3c24, 0X1, 0x11a1, 0X1, 0x0000, 0X24, 0x2b03, 0X1, 0x3c24, 0X1, 0x33c4, 0X1, 0x33e4, 0X3A, 0x33c4, 0X1, 0x33e4, 0X1, 0x33c4, 0X1, 0x11a1, 0X1, 0x0000, 0X23, 0x2b43, 0X1, 0x3c04, 0X1, 0x33c4, 0X1, 0x33e4, 0X3A, 0x33c4, 0X2, 0x3c24, 0X1, 0x2b43, 0X1, 0x0060, 0X1, 0x0000, 0X22, 0x33c4, 0X1, 0x3c04, 0X1, 0x33c4, 0X1, 0x33e4, 0X39,
0x33c4, 0X1, 0x3c04, 0X1, 0x3c24, 0X1, 0x2b43, 0X1, 0x0060, 0X1, 0x0000, 0X23, 0x33c4, 0X1, 0x3c04, 0X1, 0x33c4, 0X1, 0x33e4, 0X38, 0x33c4, 0X1, 0x3c04, 0X1, 0x33a3, 0X1, 0x2242, 0X1, 0x0060, 0X1, 0x0000, 0X24, 0x33c4, 0X1, 0x3c04, 0X1, 0x33c4, 0X1, 0x33e4, 0X37, 0x33c4, 0X1, 0x3c04, 0X1, 0x2b43, 0X1, 0x0901, 0X1, 0x0000, 0X26, 0x2b43, 0X1, 0x3c04, 0X1, 0x33c4, 0X1, 0x33e4, 0X36, 0x33c4, 0X1, 0x33e4, 0X1, 0x3c04, 0X1, 0x0060, 0X1, 0x0000, 0X27,
0x3c04, 0X1, 0x33e4, 0X38, 0x33c4, 0X1, 0x3c04, 0X1, 0x11a1, 0X1, 0x0000, 0X27, 0x0040, 0X1, 0x3c04, 0X1, 0x33e4, 0X38, 0x3c24, 0X1, 0x2b03, 0X1, 0x0000, 0X28, 0x0040, 0X1, 0x3c04, 0X1, 0x33e4, 0X37, 0x3c04, 0X1, 0x2242, 0X1, 0x0040, 0X1, 0x0000, 0X28, 0x1a02, 0X1, 0x3c24, 0X1, 0x33c4, 0X1, 0x33e4, 0X34, 0x33c4, 0X1, 0x3c24, 0X1, 0x2b43, 0X1, 0x0000, 0X2A, 0x1a02, 0X1, 0x3c24, 0X1, 0x33c4, 0X1, 0x33e4, 0X34, 0x33c4, 0X1, 0x3c24, 0X1,
0x2b43, 0X1, 0x0000, 0X2A, 0x2b43, 0X1, 0x3c24, 0X1, 0x33c4, 0X1, 0x33e4, 0X35, 0x33c4, 0X1, 0x3c24, 0X1, 0x1a02, 0X1, 0x0040, 0X1, 0x0000, 0X28, 0x33a3, 0X1, 0x3c04, 0X1, 0x33c4, 0X1, 0x33e4, 0X35, 0x33c4, 0X1, 0x3c04, 0X1, 0x33a3, 0X1, 0x2242, 0X1, 0x0060, 0X1, 0x0000, 0X26, 0x0040, 0X1, 0x3c04, 0X1, 0x33e4, 0X3A, 0x3c24, 0X1, 0x2b43, 0X1, 0x0040, 0X1, 0x0000, 0X25, 0x1a02, 0X1, 0x3c24, 0X1, 0x33c4, 0X1, 0x33e4, 0X38, 0x33c4, 0X1, 0x33e4, 0X1,
0x3c04, 0X1, 0x0060, 0X1, 0x0000, 0X25, 0x1a02, 0X1, 0x3c24, 0X1, 0x33c4, 0X1, 0x33e4, 0X39, 0x33c4, 0X1, 0x3c04, 0X1, 0x2b43, 0X1, 0x1a02, 0X1, 0x2b03, 0X1, 0x0000, 0X23, 0x1a02, 0X1, 0x3c24, 0X1, 0x33c4, 0X1, 0x33e4, 0X3B, 0x3c04, 0X1, 0x3c24, 0X2, 0x0060, 0X1, 0x0000, 0X22, 0x1a02, 0X1, 0x3c24, 0X1, 0x33c4, 0X1, 0x33e4, 0X3A, 0x33c4, 0X1, 0x3c04, 0X1, 0x33a3, 0X1, 0x2242, 0X1, 0x0000, 0X23, 0x11a1, 0X1, 0x3c04, 0X1, 0x33e4, 0X3C, 0x3c04, 0X1,
0x0901, 0X1, 0x0000, 0X24, 0x11a1, 0X1, 0x3c04, 0X1, 0x33e4, 0X3A, 0x33c4, 0X1, 0x3c04, 0X2, 0x0000, 0X25, 0x11a1, 0X1, 0x3c04, 0X1, 0x33c4, 0X1, 0x33e4, 0X3A, 0x3c04, 0X1, 0x2242, 0X1, 0x0000, 0X25, 0x11a1, 0X1, 0x3c04, 0X1, 0x33c4, 0X1, 0x33e4, 0X38, 0x33c4, 0X1, 0x3c24, 0X1, 0x2242, 0X1, 0x0040, 0X1, 0x0000, 0X25, 0x11a1, 0X1, 0x3c04, 0X1, 0x33e4, 0X39, 0x3c04, 0X1, 0x33c4, 0X1, 0x0040, 0X1, 0x0000, 0X26, 0x1a02, 0X1, 0x3c24, 0X1,
0x33c4, 0X1, 0x33e4, 0X37, 0x33c4, 0X1, 0x3c04, 0X1, 0x33a3, 0X1, 0x0040, 0X1, 0x0000, 0X26, 0x1a02, 0X1, 0x3c24, 0X1, 0x33c4, 0X1, 0x33e4, 0X37, 0x33c4, 0X1, 0x3c04, 0X1, 0x33a3, 0X1, 0x0000, 0X27, 0x2b03, 0X1, 0x3c24, 0X1, 0x33c4, 0X1, 0x33e4, 0X37, 0x33c4, 0X1, 0x3c04, 0X1, 0x2b43, 0X1, 0x0060, 0X1, 0x0000, 0X26, 0x2242, 0X1, 0x3c24, 0X1, 0x33c4, 0X1, 0x33e4, 0X37, 0x33c4, 0X1, 0x3c24, 0X1, 0x2b03, 0X1, 0x0040, 0X1, 0x0000, 0X26, 0x2b03, 0X1,
0x3c24, 0X1, 0x33c4, 0X1, 0x33e4, 0X39, 0x3c04, 0X1, 0x2b03, 0X1, 0x2242, 0X1, 0x0901, 0X1, 0x0000, 0X3, 0x0060, 0X1, 0x0000, 0X20, 0x33c4, 0X1, 0x3c24, 0X1, 0x33c4, 0X1, 0x33e4, 0X39, 0x33c4, 0X1, 0x3c24, 0X2, 0x33c4, 0X1, 0x1a02, 0X1, 0x2b43, 0X1, 0x33a3, 0X2, 0x2242, 0X1, 0x0040, 0X1, 0x0000, 0X1E, 0x2b43, 0X1, 0x3c24, 0X1, 0x33c4, 0X1, 0x33e4, 0X3A, 0x33c4, 0X2, 0x3c04, 0X1, 0x3c24, 0X2, 0x3c04, 0X2, 0x3c24, 0X1, 0x2b03, 0X1, 0x0060, 0X1, 0x0000,
0X1D, 0x2b43, 0X1, 0x3c04, 0X1, 0x33c4, 0X1, 0x33e4, 0X3C, 0x33c4, 0X6, 0x3c24, 0X1, 0x33a3, 0X1, 0x1a02, 0X1, 0x0060, 0X1, 0x0040, 0X1, 0x1a02, 0X1, 0x11a1, 0X1, 0x0040, 0X1, 0x0000, 0X17, 0x3c04, 0X1, 0x33e4, 0X44, 0x33c4, 0X1, 0x3c04, 0X1, 0x3c24, 0X1, 0x33c4, 0X1, 0x33a3, 0X1, 0x3c24, 0X1, 0x33c4, 0X1, 0x0901, 0X1, 0x0060, 0X1, 0x0040, 0X1, 0x0060, 0X1, 0x2b03, 0X1, 0x0060, 0X1, 0x0000, 0X11, 0x0901, 0X1, 0x33c4, 0X1, 0x33e4, 0X1, 0x33c4, 0X1,
0x33e4, 0X43, 0x33c4, 0X2, 0x3c04, 0X2, 0x33c4, 0X1, 0x33e4, 0X1, 0x3c04, 0X1, 0x33a3, 0X1, 0x2b43, 0X2, 0x3c24, 0X1, 0x33c4, 0X1, 0x2242, 0X1, 0x0000, 0X10, 0x0060, 0X1, 0x33c4, 0X1, 0x33e4, 0X1, 0x33c4, 0X1, 0x33e4, 0X45, 0x33c4, 0X2, 0x33e4, 0X1, 0x33c4, 0X1, 0x33e4, 0X1, 0x3c04, 0X3, 0x33c4, 0X1, 0x33e4, 0X1, 0x3c24, 0X1, 0x1a02, 0X1, 0x0000, 0XF, 0x0060, 0X1, 0x33c4, 0X1, 0x33e4, 0X1, 0x33c4, 0X1, 0x33e4, 0X4A, 0x33c4, 0X3, 0x33e4, 0X1, 0x33c4,
0X1, 0x3c04, 0X1, 0x2b43, 0X1, 0x0040, 0X1, 0x0000, 0XE, 0x0060, 0X1, 0x33c4, 0X1, 0x33e4, 0X1, 0x33c4, 0X1, 0x33e4, 0X4F, 0x33c4, 0X1, 0x3c24, 0X1, 0x1a02, 0X1, 0x0000, 0XE, 0x0060, 0X1, 0x3c04, 0X1, 0x33e4, 0X52, 0x3c04, 0X1, 0x0040, 0X1, 0x0000, 0XE, 0x1a02, 0X1, 0x3c24, 0X1, 0x33c4, 0X1, 0x33e4, 0X4F, 0x33c4, 0X1, 0x3c04, 0X1, 0x33c4, 0X1, 0x0060, 0X1, 0x0000, 0XE, 0x1a02, 0X1, 0x3c24, 0X1, 0x33c4, 0X1, 0x33e4, 0X4E, 0x33c4, 0X1, 0x3c04, 0X1,
0x33c4, 0X1, 0x0901, 0X1, 0x0000, 0XF, 0x0901, 0X1, 0x3c04, 0X1, 0x33e4, 0X4E, 0x33c4, 0X1, 0x33e4, 0X1, 0x3c04, 0X1, 0x0901, 0X1, 0x0000, 0X10, 0x11a1, 0X1, 0x3c04, 0X1, 0x33e4, 0X4E, 0x33c4, 0X1, 0x3c24, 0X1, 0x2242, 0X1, 0x0000, 0X12, 0x3c04, 0X1, 0x33e4, 0X4D, 0x33c4, 0X1, 0x3c04, 0X1, 0x33c4, 0X1, 0x0040, 0X1, 0x0000, 0X12, 0x3c04, 0X1, 0x33e4, 0X4D, 0x33c4, 0X1, 0x3c04, 0X1, 0x33a3, 0X1, 0x0000, 0X12, 0x0040, 0X1, 0x33c4, 0X1, 0x33e4, 0X1,
0x33c4, 0X1, 0x33e4, 0X4B, 0x33c4, 0X1, 0x3c24, 0X1, 0x2b43, 0X1, 0x0000, 0X13, 0x3c04, 0X1, 0x33e4, 0X4D, 0x33c4, 0X1, 0x3c24, 0X1, 0x1a02, 0X1, 0x0000, 0X12, 0x1a02, 0X1, 0x3c04, 0X1, 0x33e4, 0X4D, 0x33c4, 0X1, 0x3c24, 0X1, 0x1a02, 0X1, 0x0000, 0X12, 0x0901, 0X1, 0x3c04, 0X1, 0x33e4, 0X4E, 0x3c04, 0X1, 0x0060, 0X1, 0x0000, 0X12, 0x11a1, 0X1, 0x3c04, 0X1, 0x33e4, 0X4C, 0x33c4, 0X1, 0x3c24, 0X1, 0x2b03, 0X1, 0x0000, 0X13, 0x11a1, 0X1,
0x3c24, 0X1, 0x33e4, 0X4D, 0x3c04, 0X1, 0x0901, 0X1, 0x0000, 0X13, 0x0901, 0X1, 0x3c04, 0X1, 0x33e4, 0X4B, 0x33c4, 0X1, 0x3c24, 0X1, 0x2b43, 0X1, 0x0040, 0X1, 0x0000, 0X13, 0x1a02, 0X1, 0x3c24, 0X1, 0x33c4, 0X1, 0x33e4, 0X4B, 0x3c04, 0X1, 0x0060, 0X1, 0x0000, 0X14, 0x2242, 0X1, 0x3c24, 0X1, 0x33c4, 0X1, 0x33e4, 0X49, 0x33c4, 0X1, 0x3c04, 0X1, 0x33a3, 0X1, 0x0000, 0X15, 0x33a3, 0X1, 0x3c24, 0X1, 0x33c4, 0X1, 0x33e4, 0X49, 0x33c4, 0X1,
0x3c24, 0X1, 0x1a02, 0X1, 0x0000, 0X15, 0x2b43, 0X1, 0x3c24, 0X1, 0x33c4, 0X1, 0x33e4, 0X48, 0x33c4, 0X1, 0x33e4, 0X1, 0x3c04, 0X1, 0x0060, 0X1, 0x0000, 0X15, 0x33a3, 0X1, 0x3c04, 0X1, 0x33c4, 0X1, 0x33e4, 0X48, 0x33c4, 0X1, 0x3c24, 0X1, 0x2b43, 0X1, 0x0000, 0X15, 0x0060, 0X1, 0x3c04, 0X1, 0x33e4, 0X4A, 0x33c4, 0X1, 0x3c24, 0X1, 0x0901, 0X1, 0x0000, 0X15, 0x2242, 0X1, 0x3c24, 0X1, 0x33c4, 0X1, 0x33e4, 0X49, 0x3c04, 0X1, 0x33c4, 0X1, 0x0060, 0X1, 0x0000,
0X15, 0x2b43, 0X1, 0x3c24, 0X1, 0x33c4, 0X1, 0x33e4, 0X48, 0x33c4, 0X1, 0x3c24, 0X1, 0x1a02, 0X1, 0x0000, 0X15, 0x0040, 0X1, 0x33a3, 0X1, 0x3c04, 0X1, 0x33c4, 0X1, 0x33e4, 0X47, 0x33c4, 0X1, 0x3c04, 0X1, 0x33a3, 0X1, 0x0060, 0X1, 0x0000, 0X15, 0x0040, 0X1, 0x33c4, 0X1, 0x33e4, 0X49, 0x33c4, 0X1, 0x3c24, 0X1, 0x2242, 0X1, 0x0000, 0X16, 0x2242, 0X1, 0x3c24, 0X1, 0x33c4, 0X1, 0x33e4, 0X47, 0x33c4, 0X1, 0x3c04, 0X1, 0x2b43, 0X1, 0x0040, 0X1, 0x0000,
0X16, 0x2b43, 0X1, 0x3c24, 0X1, 0x33c4, 0X1, 0x33e4, 0X47, 0x33c4, 0X1, 0x3c24, 0X1, 0x11a1, 0X1, 0x0000, 0X17, 0x33a3, 0X1, 0x3c04, 0X1, 0x33c4, 0X1, 0x33e4, 0X46, 0x33c4, 0X1, 0x3c24, 0X1, 0x2b03, 0X1, 0x0000, 0X17, 0x0040, 0X1, 0x3c04, 0X1, 0x33e4, 0X48, 0x3c24, 0X1, 0x2b03, 0X1, 0x0060, 0X1, 0x0000, 0X17, 0x1a02, 0X1, 0x3c24, 0X1, 0x33c4, 0X1, 0x33e4, 0XD, 0x33c4, 0X2, 0x33e4, 0X36, 0x33c4, 0X1, 0x3c04, 0X1, 0x11a1, 0X1, 0x0000, 0X19,
0x11a1, 0X1, 0x3c24, 0X1, 0x33c4, 0X1, 0x33e4, 0XC, 0x33c4, 0X1, 0x3c04, 0X2, 0x33e4, 0X35, 0x33c4, 0X1, 0x3c24, 0X1, 0x2242, 0X1, 0x0000, 0X1A, 0x1a02, 0X1, 0x3c24, 0X1, 0x33c4, 0X1, 0x33e4, 0X9, 0x33c4, 0X3, 0x3c24, 0X1, 0x33a3, 0X2, 0x3c04, 0X1, 0x33c4, 0X1, 0x33e4, 0X32, 0x33c4, 0X1, 0x3c24, 0X1, 0x2b03, 0X1, 0x0040, 0X1, 0x0000, 0X1B, 0x33a3, 0X1, 0x3c04, 0X1, 0x33c4, 0X1, 0x33e4, 0X5, 0x33c4, 0X2, 0x33e4, 0X1, 0x3c04, 0X1, 0x3c24, 0X2, 0x33a3,
0X1, 0x0901, 0X1, 0x1a02, 0X1, 0x3c24, 0X1, 0x33c4, 0X1, 0x33e4, 0X31, 0x33c4, 0X1, 0x3c24, 0X1, 0x2b03, 0X1, 0x0040, 0X1, 0x0000, 0X1C, 0x2242, 0X1, 0x3c24, 0X1, 0x33c4, 0X1, 0x33e4, 0X3, 0x33c4, 0X1, 0x33e4, 0X1, 0x3c04, 0X1, 0x3c24, 0X1, 0x3c04, 0X1, 0x33a3, 0X1, 0x2b03, 0X1, 0x1a02, 0X1, 0x0000, 0X2, 0x1a02, 0X1, 0x3c24, 0X1, 0x33c4, 0X1, 0x33e4, 0X30, 0x33c4, 0X1, 0x3c24, 0X1, 0x33a3, 0X1, 0x0060, 0X1, 0x0000, 0X1D, 0x0040, 0X1, 0x2242, 0X1,
0x3c24, 0X1, 0x33c4, 0X2, 0x33e4, 0X1, 0x3c04, 0X1, 0x3c24, 0X1, 0x33c4, 0X1, 0x2b03, 0X1, 0x0901, 0X1, 0x0040, 0X1, 0x0000, 0X3, 0x0060, 0X1, 0x33a3, 0X1, 0x3c04, 0X1, 0x33c4, 0X1, 0x33e4, 0X2F, 0x33c4, 0X1, 0x3c24, 0X1, 0x33a3, 0X1, 0x0901, 0X1, 0x0000, 0X1F, 0x0060, 0X1, 0x2b03, 0X1, 0x3c24, 0X1, 0x3c04, 0X2, 0x2b43, 0X1, 0x2242, 0X1, 0x0060, 0X1, 0x0000, 0X5, 0x11a1, 0X1, 0x2b43, 0X1, 0x3c04, 0X1, 0x33c4, 0X1, 0x33e4, 0X2E, 0x33c4, 0X2, 0x3c24,
0X1, 0x33a3, 0X1, 0x0060, 0X1, 0x0000, 0X21, 0x0040, 0X1, 0x11a1, 0X1, 0x2242, 0X1, 0x0040, 0X1, 0x0000, 0X7, 0x0901, 0X1, 0x33c4, 0X1, 0x3c24, 0X1, 0x33c4, 0X1, 0x33e4, 0X2A, 0x33c4, 0X4, 0x33e4, 0X1, 0x3c04, 0X1, 0x3c24, 0X1, 0x2b43, 0X1, 0x0901, 0X1, 0x0000, 0X2D, 0x2b03, 0X1, 0x3c24, 0X1, 0x33c4, 0X1, 0x33e4, 0X29, 0x33c4, 0X1, 0x33e4, 0X1, 0x3c04, 0X1, 0x3c24, 0X3, 0x3c04, 0X1, 0x2b43, 0X1, 0x1a02, 0X1, 0x0040, 0X1, 0x0000, 0X2D, 0x0060, 0X1,
0x33c4, 0X1, 0x33e4, 0X1, 0x33c4, 0X1, 0x33e4, 0X27, 0x33c4, 0X1, 0x33e4, 0X1, 0x3c24, 0X1, 0x3c04, 0X1, 0x33a3, 0X1, 0x2b03, 0X1, 0x2242, 0X1, 0x1a02, 0X1, 0x0040, 0X1, 0x0000, 0X2F, 0x0040, 0X1, 0x33a3, 0X1, 0x3c04, 0X1, 0x33c4, 0X1, 0x33e4, 0X28, 0x3c24, 0X1, 0x3c04, 0X1, 0x2b43, 0X1, 0x0901, 0X1, 0x0000, 0X34, 0x2b43, 0X1, 0x3c24, 0X1, 0x33c4, 0X1, 0x33e4, 0X26, 0x33c4, 0X1, 0x33e4, 0X1, 0x3c04, 0X1, 0x2b03, 0X1, 0x11a1, 0X1, 0x0040, 0X1, 0x0000,
0X31, 0x0901, 0X1, 0x2242, 0X1, 0x2b43, 0X1, 0x33c4, 0X1, 0x3c04, 0X1, 0x33c4, 0X1, 0x33e4, 0X28, 0x3c04, 0X1, 0x11a1, 0X1, 0x0000, 0X2F, 0x0040, 0X1, 0x2242, 0X1, 0x2b03, 0X1, 0x2b43, 0X2, 0x3c04, 0X1, 0x3c24, 0X2, 0x3c04, 0X1, 0x33e4, 0X28, 0x33c4, 0X1, 0x3c24, 0X1, 0x2b03, 0X1, 0x0040, 0X1, 0x0000, 0X2D, 0x0060, 0X1, 0x2b03, 0X1, 0x3c04, 0X1, 0x3c24, 0X2, 0x3c04, 0X2, 0x33e4, 0X1, 0x33c4, 0X3, 0x33e4, 0X27, 0x33c4, 0X1, 0x3c04, 0X1, 0x33a3, 0X1,
0x0060, 0X1, 0x0000, 0X2E, 0x2242, 0X1, 0x3c24, 0X1, 0x33e4, 0X1, 0x33c4, 0X4, 0x33e4, 0X2A, 0x33c4, 0X1, 0x3c04, 0X2, 0x0901, 0X1, 0x0000, 0X2E, 0x0060, 0X1, 0x33c4, 0X1, 0x33e4, 0X1, 0x33c4, 0X1, 0x33e4, 0X2D, 0x33c4, 0X1, 0x3c04, 0X1, 0x33c4, 0X1, 0x11a1, 0X1, 0x0000, 0X2F, 0x1a02, 0X1, 0x3c24, 0X1, 0x33c4, 0X1, 0x33e4, 0X2D, 0x33c4, 0X1, 0x3c04, 0X1, 0x33c4, 0X1, 0x0901, 0X1, 0x0000, 0X30, 0x2b03, 0X1, 0x3c24, 0X1, 0x33c4, 0X1, 0x33e4, 0X2E,
0x3c04, 0X1, 0x11a1, 0X1, 0x0000, 0X31, 0x2242, 0X1, 0x3c24, 0X1, 0x33c4, 0X1, 0x33e4, 0X2C, 0x33c4, 0X1, 0x3c04, 0X1, 0x33a3, 0X1, 0x0040, 0X1, 0x0000, 0X31, 0x0901, 0X1, 0x33c4, 0X1, 0x33e4, 0X1, 0x33c4, 0X1, 0x33e4, 0X2C, 0x3c04, 0X1, 0x11a1, 0X1, 0x0000, 0X33, 0x11a1, 0X1, 0x3c24, 0X1, 0x33c4, 0X1, 0x33e4, 0X2A, 0x33c4, 0X1, 0x3c24, 0X1, 0x2b03, 0X1, 0x0000, 0X34, 0x0060, 0X1, 0x2b43, 0X1, 0x3c04, 0X1, 0x33c4, 0X1, 0x33e4, 0X29, 0x33c4, 0X1,
0x3c24, 0X1, 0x1a02, 0X1, 0x0000, 0X35, 0x0901, 0X1, 0x3c24, 0X1, 0x33c4, 0X1, 0x33e4, 0X28, 0x33c4, 0X1, 0x33e4, 0X1, 0x3c24, 0X1, 0x0060, 0X1, 0x0000, 0X34, 0x0040, 0X1, 0x1a02, 0X1, 0x3c04, 0X1, 0x33e4, 0X27, 0x33c4, 0X2, 0x33e4, 0X1, 0x3c24, 0X1, 0x2242, 0X1, 0x0000, 0X2B, 0x0060, 0X1, 0x2242, 0X1, 0x33a3, 0X1, 0x1a02, 0X1, 0x0040, 0X1, 0x0000, 0X2, 0x0040, 0X1, 0x0901, 0X1, 0x1a02, 0X1, 0x33a3, 0X1, 0x3c04, 0X1, 0x33e4, 0X26, 0x33c4, 0X1, 0x33e4,
0X1, 0x3c04, 0X1, 0x3c24, 0X1, 0x3c04, 0X1, 0x11a1, 0X1, 0x0000, 0X2C, 0x2b03, 0X1, 0x3c24, 0X1, 0x3c04, 0X1, 0x3c24, 0X1, 0x2b43, 0X1, 0x0901, 0X1, 0x2b03, 0X1, 0x3c04, 0X2, 0x3c24, 0X1, 0x3c04, 0X1, 0x33e4, 0X23, 0x33c4, 0X1, 0x33e4, 0X3, 0x3c24, 0X1, 0x3c04, 0X1, 0x33c4, 0X1, 0x2b43, 0X1, 0x0901, 0X1, 0x0000, 0X2D, 0x2b43, 0X1, 0x3c24, 0X1, 0x33c4, 0X2, 0x33e4, 0X1, 0x33c4, 0X1, 0x3c04, 0X1, 0x33e4, 0X2, 0x33c4, 0X2, 0x33e4, 0X20, 0x33c4, 0X2,
0x33e4, 0X1, 0x3c24, 0X1, 0x3c04, 0X2, 0x33c4, 0X1, 0x2b43, 0X1, 0x1a02, 0X1, 0x0000, 0X30, 0x1a02, 0X1, 0x3c24, 0X1, 0x33c4, 0X1, 0x33e4, 0X2, 0x3c04, 0X1, 0x33e4, 0X1, 0x33c4, 0X1, 0x33e4, 0X21, 0x33c4, 0X1, 0x33e4, 0X1, 0x3c04, 0X1, 0x3c24, 0X1, 0x33c4, 0X1, 0x2b03, 0X1, 0x1a02, 0X1, 0x0000, 0X1, 0x0060, 0X1, 0x0000, 0X32, 0x1a02, 0X1, 0x3c24, 0X1, 0x33c4, 0X1, 0x33e4, 0X2, 0x33c4, 0X1, 0x33e4, 0X1E, 0x33c4, 0X4, 0x33e4, 0X1, 0x3c04, 0X2, 0x33a3,
0X1, 0x1a02, 0X1, 0x0060, 0X1, 0x0000, 0X36, 0x0040, 0X1, 0x33c4, 0X1, 0x3c24, 0X1, 0x33e4, 0X1, 0x33c4, 0X3, 0x33e4, 0X1B, 0x33c4, 0X1, 0x33e4, 0X1, 0x3c24, 0X5, 0x2b43, 0X1, 0x11a1, 0X1, 0x0040, 0X1, 0x0000, 0X39, 0x0901, 0X1, 0x2b03, 0X1, 0x3c04, 0X1, 0x3c24, 0X2, 0x3c04, 0X1, 0x33e4, 0X1, 0x33c4, 0X4, 0x33e4, 0X10, 0x33c4, 0X5, 0x33e4, 0X1, 0x3c24, 0X1, 0x3c04, 0X1, 0x2b03, 0X1, 0x1a02, 0X2, 0x2242, 0X1, 0x11a1, 0X1, 0x0040, 0X1, 0x0000, 0X3D,
0x0040, 0X1, 0x1a02, 0X1, 0x2b43, 0X1, 0x33a3, 0X1, 0x3c04, 0X1, 0x3c24, 0X3, 0x33e4, 0X2, 0x33c4, 0X1, 0x33e4, 0XB, 0x33c4, 0X2, 0x33e4, 0X2, 0x3c24, 0X4, 0x3c04, 0X1, 0x33a3, 0X1, 0x11a1, 0X1, 0x0000, 0X46, 0x0040, 0X1, 0x0060, 0X1, 0x1a02, 0X1, 0x2242, 0X1, 0x2b43, 0X1, 0x33c4, 0X1, 0x3c04, 0X1, 0x3c24, 0X1, 0x33e4, 0X1, 0x33c4, 0X1, 0x33e4, 0X3, 0x33c4, 0X4, 0x33e4, 0X2, 0x3c04, 0X1, 0x3c24, 0X1, 0x3c04, 0X1, 0x33c4, 0X1, 0x2b43, 0X1, 0x2b03,
0X1, 0x1a02, 0X2, 0x0040, 0X1, 0x0000, 0X4D, 0x0040, 0X1, 0x1a02, 0X1, 0x2b03, 0X1, 0x3c04, 0X2, 0x33c4, 0X2, 0x33e4, 0X1, 0x3c04, 0X1, 0x3c24, 0X4, 0x3c04, 0X1, 0x33a3, 0X1, 0x2242, 0X1, 0x11a1, 0X1, 0x0060, 0X1, 0x0000, 0X55, 0x0901, 0X1, 0x33a3, 0X1, 0x3c24, 0X2, 0x3c04, 0X1, 0x33a3, 0X1, 0x2b03, 0X1, 0x1a02, 0X1, 0x2242, 0X1, 0x1a02, 0X1, 0x0000, 0X5B, 0x0060, 0X1, 0x1a02, 0X1, 0x2b03, 0X1, 0x2242, 0X1, 0x0040, 0X1, 0x0000, 0X117};

static const uint16_t lcd_haiphong[2906] = { 
0x0000, 0XAD, 0x0820, 0X1, 0x0000, 0X6, 0x0820, 0X1, 0x6205, 0X1, 0x7a87, 0X1, 0x0000, 0X5, 0x20c2, 0X1, 0x59c5, 0X1, 0x3943, 0X1, 0x0000, 0X79, 0x0820, 0X1, 0x7a87, 0X1, 0x0840, 0X1, 0x6205, 0X1, 0xab8a, 0X1, 0x8ae8, 0X1, 0xab8a, 0X1, 0xbbca, 0X2, 0xc40b, 0X1, 0xcc4c, 0X1, 0xa349, 0X1, 0x28c2, 0X1, 0x0820, 0X2, 0x6205, 0X1, 0xbbca, 0X1, 0xc40b, 0X2, 0xab8a, 0X1, 0x7a87, 0X1, 0x0820, 0X1, 0x0000, 0X76, 0x8ae8, 0X1, 0xc3eb, 0X1, 0xbbca, 0X2, 0xc3eb, 
0X1, 0xc40b, 0X1, 0xbbeb, 0X3, 0xb3ca, 0X2, 0xc3eb, 0X1, 0xbbca, 0X1, 0xb3ca, 0X2, 0xc3eb, 0X1, 0xbbeb, 0X1, 0xb3ca, 0X1, 0xbbca, 0X1, 0xc3eb, 0X1, 0xc40b, 0X1, 0xc3eb, 0X1, 0x9308, 0X1, 0x3943, 0X1, 0x0000, 0X73, 0x59c5, 0X1, 0xc40b, 0X1, 0xbbca, 0X1, 0xbbeb, 0X1, 0xbbca, 0X1, 0xb3ca, 0X2, 0xbbca, 0X5, 0xb3ca, 0X1, 0xbbca, 0X1, 0xbbeb, 0X2, 0xbbca, 0X4, 0xb3ca, 0X2, 0xbbca, 0X1, 0xc40b, 0X1, 0xc3eb, 0X1, 0xa349, 0X1, 0x7a87, 0X1, 0x3943, 0X1, 0x0000, 0X70, 0x8ae8, 0X1, 0xc40b, 0X1, 0xb3ca, 0X1, 0xbbca, 0X14, 0xb3ca, 0X1, 0xbbca, 0X1, 0xc3eb, 0X1, 0xc40b, 0X1, 0xc3eb, 0X1, 0xab8a, 0X1, 0x9308, 
0X1, 0x6205, 0X1, 0x3943, 0X1, 0x28c2, 0X2, 0x6205, 0X1, 0x82a7, 0X1, 0x6205, 0X1, 0x20c2, 0X1, 0x0000, 0X66, 0x4984, 0X1, 0xc3eb, 0X1, 0xbbca, 0X1, 0xb3ca, 0X1, 0xbbca, 0X15, 0xb3ca, 0X2, 0xbbca, 0X1, 0xbbeb, 0X1, 0xc40b, 0X2, 0xc3eb, 0X3, 0xc40b, 0X3, 0xc3eb, 0X1, 0x7a87, 0X1, 0x0000, 0X66, 0x4984, 0X1, 0xc3eb, 0X1, 0xbbeb, 0X1, 0xb3ca, 0X2, 0xbbca, 0X17, 0xb3ca, 0X2, 0xbbca, 0X3, 0xb3ca, 0X3, 0xbbca, 0X1, 0xc40b, 0X1, 0x59c5, 0X1, 0x0000, 0X66, 0x7a87, 0X1, 0xc3eb, 0X2, 0xc40b, 0X1, 0xbbca, 0X21, 0xc3eb, 0X1, 0x28c2, 0X1, 0x0000, 0X66, 0x20c2, 0X1, 0x4984, 0X1, 0x8ae8, 0X1, 0xc3eb, 0X1, 0xbbca, 
0X1F, 0xb3ca, 0X1, 0xc40b, 0X1, 0xa349, 0X1, 0x0000, 0X69, 0xa349, 0X1, 0xc3eb, 0X1, 0xb3ca, 0X1, 0xbbca, 0X1F, 0xc3eb, 0X1, 0x20c2, 0X1, 0x0000, 0X68, 0x8ae8, 0X1, 0xc40b, 0X1, 0xb3ca, 0X1, 0xbbca, 0X1F, 0xc3eb, 0X1, 0x28c2, 0X1, 0x0000, 0X68, 0x7a87, 0X1, 0xc40b, 0X1, 0xb3ca, 0X1, 0xbbca, 0X1E, 0xb3ca, 0X1, 0xc40b, 0X1, 0x3103, 0X1, 0x0000, 0X68, 0x0820, 0X1, 0xa349, 0X1, 0xc3eb, 0X1, 0xb3ca, 0X1, 0xbbca, 0X1D, 0xb3ca, 0X1, 0xc40b, 0X1, 0x3103, 0X1, 0x0000, 0X65, 0x0820, 0X1, 0x0000, 0X3, 0x59e5, 0X1, 0xc40b, 0X1, 0xb3ca, 0X1, 0xbbca, 0X1D, 0xb3ca, 0X1, 0xc40b, 0X1, 0x3103, 0X1, 0x0000, 0X60, 
0x6205, 0X1, 0x7a87, 0X1, 0x0000, 0X2, 0x0820, 0X1, 0xbbca, 0X1, 0x28c2, 0X1, 0x0000, 0X2, 0xa349, 0X1, 0xc3eb, 0X1, 0xb3ca, 0X1, 0xbbca, 0X1E, 0xc3eb, 0X1, 0x28c2, 0X1, 0x0000, 0X5F, 0x0820, 0X1, 0xb3ca, 0X1, 0xc3eb, 0X1, 0x0000, 0X3, 0x8ae8, 0X1, 0x0000, 0X2, 0x7a87, 0X1, 0xc40b, 0X1, 0xb3ca, 0X1, 0xbbca, 0X1F, 0xc40b, 0X1, 0x3943, 0X1, 0x0000, 0X60, 0xab8a, 0X1, 0xb3ca, 0X1, 0x0000, 0X2, 0x59c5, 0X1, 0x0000, 0X2, 0x28c2, 0X1, 0xc3eb, 0X1, 0xbbca, 0X20, 0xb3ca, 0X1, 0xc40b, 0X1, 0x6205, 0X1, 0x0000, 0X60, 0xbbca, 0X1, 0xc3eb, 0X1, 0xa349, 0X2, 0xc3eb, 0X1, 0x7a87, 0X1, 0x6205, 0X1, 0xab8a, 0X1, 
0xbbeb, 0X1, 0xb3ca, 0X1, 0xbbca, 0X1F, 0xb3ca, 0X1, 0xc40b, 0X1, 0x82a7, 0X1, 0x0000, 0X60, 0x7a87, 0X1, 0xc3eb, 0X3, 0xbbca, 0X1, 0xc40b, 0X2, 0xbbeb, 0X1, 0xb3ca, 0X1, 0xbbca, 0X20, 0xb3ca, 0X1, 0xc40b, 0X1, 0x8ae8, 0X1, 0x0000, 0X5F, 0x28c2, 0X1, 0x4984, 0X1, 0xb3ca, 0X1, 0xbbca, 0X1, 0xb3ca, 0X1, 0xbbca, 0X1, 0xb3ca, 0X3, 0xbbca, 0X21, 0xb3ca, 0X1, 0xc40b, 0X1, 0x8ae8, 0X1, 0x0000, 0X5D, 0x0820, 0X1, 0x59c5, 0X1, 0xc3eb, 0X1, 0xc40b, 0X1, 0xbbca, 0X28, 0xb3ca, 0X1, 0xc40b, 0X1, 0x8ae8, 0X1, 0x0000, 0X5D, 0x7a87, 0X1, 0xc3eb, 0X1, 0xbbeb, 0X1, 0xb3ca, 0X1, 0xbbca, 0X28, 0xb3ca, 0X1, 0xc3eb, 0X1, 
0x3943, 0X1, 0x0000, 0X5E, 0x7a87, 0X1, 0xc3eb, 0X1, 0xb3ca, 0X1, 0xbbca, 0X27, 0xb3ca, 0X1, 0xc40b, 0X1, 0xa349, 0X1, 0x0000, 0X60, 0x7a87, 0X1, 0xc40b, 0X1, 0xb3ca, 0X1, 0xbbca, 0X25, 0xb3ca, 0X1, 0xbbeb, 0X1, 0xbbca, 0X1, 0x28c2, 0X1, 0x0000, 0X60, 0x28c2, 0X1, 0xc3eb, 0X1, 0xbbca, 0X27, 0xc3eb, 0X1, 0x28c2, 0X1, 0x0000, 0X61, 0x28c2, 0X1, 0xab8a, 0X1, 0xbbca, 0X25, 0xb3ca, 0X1, 0xc40b, 0X1, 0x7a87, 0X1, 0x0000, 0X63, 0x4984, 0X1, 0xc40b, 0X1, 0xbbca, 0X25, 0xc3eb, 0X1, 0x28c2, 0X1, 0x0000, 0X64, 0x7a87, 0X1, 0xc3eb, 0X1, 0xbbca, 0X24, 0xb3ca, 0X1, 0x0820, 0X1, 0x0000, 0X64, 
0x4984, 0X1, 0xc40b, 0X1, 0xb3ca, 0X1, 0xbbca, 0X22, 0xb3ca, 0X1, 0xc40b, 0X1, 0x59e5, 0X1, 0x0000, 0X25, 0x20c2, 0X1, 0x28c2, 0X1, 0x0000, 0X30, 0x20c2, 0X1, 0x0000, 0XA, 0x28c2, 0X1, 0x59e5, 0X1, 0xab8a, 0X1, 0xbbeb, 0X1, 0xbbca, 0X23, 0xb3ca, 0X1, 0xc40b, 0X1, 0x9308, 0X1, 0x0000, 0X25, 0x20c2, 0X2, 0x0000, 0X30, 0xa349, 0X1, 0xc3eb, 0X1, 0x6205, 0X1, 0x0000, 0X2, 0x4984, 0X1, 0x20c2, 0X1, 0x0820, 0X1, 0x0000, 0X2, 0x7a87, 0X1, 0xcc4c, 0X1, 0xc40b, 0X1, 0xbbeb, 0X1, 0xbbca, 0X25, 0xbbeb, 0X1, 0xbbca, 0X1, 0x0820, 0X1, 0x0000, 0X23, 0x28c2, 0X1, 0x59e5, 0X1, 0x0000, 0X30, 0x28c2, 0X1, 
0xc40b, 0X2, 0xab8a, 0X1, 0x0840, 0X1, 0x7a87, 0X1, 0xcc4c, 0X1, 0xc3eb, 0X1, 0xa349, 0X1, 0x0000, 0X2, 0xa349, 0X1, 0xc40b, 0X1, 0xb3ca, 0X1, 0xbbca, 0X26, 0xb3ca, 0X1, 0xc40b, 0X1, 0x7a87, 0X1, 0x0000, 0X25, 0x20c2, 0X1, 0x0000, 0X5, 0x20c2, 0X1, 0x28c2, 0X1, 0x1061, 0X1, 0x20c2, 0X1, 0x0000, 0X1, 0x59c5, 0X1, 0x6205, 0X1, 0x20c2, 0X1, 0x7a87, 0X1, 0xa349, 0X1, 0x0000, 0X21, 0x7a87, 0X1, 0xc3eb, 0X1, 0xbbeb, 0X1, 0x7a87, 0X1, 0xab8a, 0X1, 0xbbca, 0X1, 0xc3eb, 0X1, 0xab8a, 0X1, 0x0820, 0X1, 0x6205, 0X1, 0xc3eb, 0X1, 0xbbca, 0X2A, 0xc3eb, 0X1, 0x28c2, 0X1, 0x0000, 0X23, 0x3943, 0X1, 0xa349, 0X1, 
0x0820, 0X1, 0x9308, 0X2, 0x28c2, 0X2, 0x59e5, 0X1, 0xc3eb, 0X1, 0xab8a, 0X1, 0x59c5, 0X1, 0x0840, 0X1, 0x7a87, 0X1, 0xcc4c, 0X1, 0xb3ca, 0X2, 0xc40b, 0X1, 0x3943, 0X1, 0x0000, 0X21, 0x6205, 0X1, 0xb3ca, 0X1, 0xc40b, 0X1, 0xbbca, 0X3, 0xbbeb, 0X1, 0xbbca, 0X1, 0xbbeb, 0X2, 0xbbca, 0X29, 0xb3ca, 0X1, 0xc3eb, 0X1, 0xab8a, 0X1, 0x0820, 0X1, 0x0000, 0X22, 0x28c2, 0X1, 0xb3ca, 0X1, 0x8ae8, 0X1, 0xc3eb, 0X1, 0xc40b, 0X1, 0xab8a, 0X1, 0x28c2, 0X1, 0x7a87, 0X1, 0xcc4c, 0X1, 0xb3ca, 0X1, 0x0820, 0X1, 0x28c2, 0X1, 0x6205, 0X1, 0xc40b, 0X1, 0xbbca, 0X3, 0xc3eb, 0X1, 0x4984, 0X1, 0x0000, 0X21, 0x28c2, 0X1, 
0xb3ca, 0X1, 0xbbca, 0X4, 0xbbeb, 0X1, 0xbbca, 0X2C, 0xb3ca, 0X1, 0xc40b, 0X1, 0xa349, 0X1, 0x0820, 0X1, 0x0000, 0X21, 0x20c2, 0X1, 0xc3eb, 0X1, 0xc40b, 0X1, 0xbbca, 0X1, 0xb3ca, 0X1, 0xbbca, 0X1, 0xb3ca, 0X1, 0xbbeb, 0X1, 0xbbca, 0X1, 0xb3ca, 0X1, 0xab8a, 0X1, 0x9308, 0X1, 0x0820, 0X1, 0xab8a, 0X1, 0xbbeb, 0X1, 0xbbca, 0X1, 0xb3ca, 0X1, 0xc40b, 0X1, 0xa349, 0X1, 0x0000, 0X22, 0xab8a, 0X1, 0xc3eb, 0X1, 0xbbca, 0X31, 0xb3ca, 0X1, 0xc40b, 0X1, 0xab8a, 0X1, 0x28c2, 0X1, 0x0000, 0X20, 0x6205, 0X1, 0xc40b, 0X1, 0xb3ca, 0X1, 0xbbca, 0X3, 0xbbeb, 0X1, 0xbbca, 0X3, 0xc3eb, 0X2, 0x9308, 0X1, 0xa349, 0X1, 
0xc3eb, 0X1, 0xbbca, 0X1, 0xb3ca, 0X1, 0xc40b, 0X1, 0x59e5, 0X1, 0x0000, 0X21, 0x28c2, 0X1, 0xc3eb, 0X1, 0xbbca, 0X2, 0xb3ca, 0X1, 0xbbca, 0X30, 0xb3ca, 0X1, 0xc3eb, 0X2, 0x7a87, 0X1, 0x3943, 0X1, 0x28c2, 0X1, 0x3103, 0X1, 0x0000, 0XD, 0x28c2, 0X1, 0x0000, 0XD, 0x0840, 0X1, 0xa349, 0X1, 0xc3eb, 0X1, 0xb3ca, 0X1, 0xbbca, 0X7, 0xb3ca, 0X1, 0xbbca, 0X1, 0xc40b, 0X1, 0xbbeb, 0X1, 0xbbca, 0X2, 0xb3ca, 0X1, 0xc40b, 0X1, 0x59e5, 0X1, 0x0820, 0X1, 0x0000, 0X1, 0x0820, 0X1, 0x0000, 0X1E, 0xbbca, 0X1, 0xcc4c, 0X1, 0xc3eb, 0X2, 0xc40b, 0X1, 0xbbca, 0X31, 0xb3ca, 0X1, 0xbbca, 0X1, 0xc40b, 0X1, 0xc3eb, 0X4, 
0xab8a, 0X1, 0x8ae8, 0X1, 0x0820, 0X1, 0x0000, 0X7, 0x6205, 0X1, 0xc3eb, 0X1, 0xa349, 0X1, 0x0840, 0X1, 0x0000, 0XB, 0x0840, 0X1, 0x0820, 0X1, 0xb3ca, 0X1, 0xbbeb, 0X1, 0xbbca, 0XA, 0xb3ca, 0X1, 0xbbca, 0X3, 0xbbeb, 0X1, 0xb3ca, 0X1, 0x0820, 0X1, 0x0000, 0X1, 0x4984, 0X2, 0x0000, 0X1D, 0x0840, 0X1, 0x7a87, 0X1, 0x6205, 0X1, 0x28c2, 0X1, 0x20c2, 0X1, 0x8ae8, 0X1, 0xc3eb, 0X1, 0xbbca, 0X32, 0xb3ca, 0X1, 0xbbca, 0X4, 0xbbeb, 0X1, 0xc40b, 0X1, 0xbbca, 0X1, 0x28c2, 0X1, 0x0000, 0X3, 0x0820, 0X1, 0x59c5, 0X1, 0xab8a, 0X1, 0xc40b, 0X1, 0xbbeb, 0X2, 0xbbca, 0X1, 0x28c2, 0X1, 0x0000, 0XC, 0xa349, 0X1, 
0xc40b, 0X1, 0xb3ca, 0X1, 0xbbca, 0XE, 0xc3eb, 0X1, 0x59e5, 0X1, 0x0000, 0X1, 0x28c2, 0X1, 0x4984, 0X1, 0x0820, 0X1, 0x0000, 0X1, 0x0820, 0X2, 0x0000, 0X1E, 0x0820, 0X1, 0xc3eb, 0X1, 0xbbca, 0X38, 0xb3ca, 0X1, 0xc40b, 0X1, 0xab8a, 0X1, 0x0820, 0X1, 0x0000, 0X1, 0x4984, 0X1, 0xab8a, 0X1, 0xc3eb, 0X1, 0xbbeb, 0X1, 0xb3ca, 0X1, 0xbbca, 0X1, 0xb3ca, 0X1, 0xc3eb, 0X1, 0xbbca, 0X1, 0x4984, 0X1, 0x0000, 0X9, 0x4984, 0X1, 0x0820, 0X1, 0x9308, 0X1, 0xc40b, 0X1, 0xb3ca, 0X1, 0xbbca, 0XD, 0xb3ca, 0X1, 0xc3eb, 0X1, 0xa349, 0X1, 0x0840, 0X1, 0x0820, 0X1, 0x28c2, 0X2, 0x0840, 0X1, 0x7a87, 0X1, 0xa349, 0X1, 
0x6205, 0X1, 0x0000, 0X1D, 0x59e5, 0X1, 0xc40b, 0X1, 0xb3ca, 0X1, 0xbbca, 0X38, 0xb3ca, 0X1, 0xc3eb, 0X1, 0xa349, 0X1, 0x8ae8, 0X1, 0xc3eb, 0X2, 0xb3ca, 0X1, 0xbbca, 0X4, 0xb3ca, 0X1, 0xbbeb, 0X1, 0xc3eb, 0X1, 0x4984, 0X1, 0x0000, 0X7, 0x3943, 0X1, 0xcc4c, 0X1, 0x20c2, 0X1, 0x82a7, 0X1, 0xc40b, 0X1, 0xb3ca, 0X1, 0xbbca, 0XF, 0xbbeb, 0X1, 0x9308, 0X1, 0x4984, 0X1, 0x0000, 0X1, 0x3943, 0X1, 0x6205, 0X1, 0xa349, 0X1, 0xcc4c, 0X2, 0x6205, 0X1, 0x0820, 0X1, 0x0000, 0X17, 0x6205, 0X1, 0x7a87, 0X1, 0x0000, 0X2, 0xab8a, 0X1, 0xc3eb, 0X1, 0xb3ca, 0X1, 0xbbca, 0X30, 0xb3ca, 0X4, 0xbbca, 0X1, 0xb3ca, 0X1, 
0xbbca, 0X3, 0xb3ca, 0X1, 0xc3eb, 0X1, 0xc40b, 0X1, 0xbbca, 0X1, 0xb3ca, 0X1, 0xbbca, 0X4, 0xb3ca, 0X1, 0xbbca, 0X1, 0xb3ca, 0X1, 0xbbca, 0X1, 0xbbeb, 0X1, 0x7a87, 0X1, 0x0000, 0X6, 0xa349, 0X1, 0xc40b, 0X1, 0xa349, 0X1, 0xab8a, 0X1, 0xbbeb, 0X1, 0xbbca, 0X11, 0xc40b, 0X2, 0x4984, 0X1, 0x28c2, 0X1, 0xc3eb, 0X1, 0xbbeb, 0X1, 0x59e5, 0X1, 0x9308, 0X1, 0x7a87, 0X1, 0x8ae8, 0X1, 0x0820, 0X1, 0x0000, 0X15, 0x7a87, 0X1, 0xcc4c, 0X1, 0xc40b, 0X1, 0x7a87, 
0X2, 0xc40b, 0X1, 0xb3ca, 0X1, 0xbbca, 0X2F, 0xc3eb, 0X2, 0xc40b, 0X5, 0xc3eb, 0X1, 0xbbeb, 0X2, 0xbbca, 0X2, 0xb3ca, 0X2, 0xbbca, 0X5, 0xbbeb, 0X1, 0xc40b, 0X1, 0xc3eb, 0X1, 0xc40b, 0X2, 0xc3eb, 0X1, 0xa349, 0X1, 0x0820, 0X1, 0x0000, 0X2, 0x0820, 0X1, 0x0000, 0X2, 0x9308, 0X1, 0xc3eb, 0X1, 0xcc4c, 0X1, 0xc40b, 0X1, 0xbbca, 0X12, 0xb3ca, 0X1, 0xc3eb, 0X1, 0xbbca, 0X1, 0x1061, 0X1, 0x7a87, 0X1, 0xcc4c, 0X1, 0x59e5, 0X1, 0x1061, 0X2, 0x9308, 0X1, 
0x6205, 0X1, 0x4984, 0X1, 0x0000, 0X14, 0x59c5, 0X1, 0xc3eb, 0X1, 0xb3ca, 0X1, 0xc3eb, 0X2, 0xbbca, 0X30, 0xc3eb, 0X1, 0x59c5, 0X1, 0x4984, 0X1, 0x59e5, 0X1, 0x7a87, 0X2, 0xa349, 0X2, 0xab8a, 0X1, 0xb3ca, 0X1, 0xbbca, 0X1, 0xc3eb, 0X9, 0xb3ca, 0X1, 0x9308, 0X1, 0x4984, 0X1, 0x82a7, 0X1, 0x7a87, 0X1, 0x28c2, 0X1, 0x0000, 0X6, 0x0820, 0X2, 0x59e5, 0X1, 0x7a87, 0X1, 0x8ae8, 0X1, 0xc3eb, 0X1, 0xbbeb, 0X1, 0xbbca, 0X11, 0xb3ca, 0X1, 0xc3eb, 0X1, 0x0840, 0X2, 0xc3eb, 0X1, 0xcc4c, 0X1, 0x7a87, 0X1, 0x1061, 0X1, 0x0820, 0X1, 0x7a87, 0X1, 0x59c5, 0X1, 0x0000, 0X15, 0x7a87, 0X1, 0xc40b, 0X1, 0xb3ca, 0X1, 
0xbbca, 0X2F, 0xb3ca, 0X1, 0xc40b, 0X1, 0x7a87, 0X1, 0x0000, 0X9, 0x0820, 0X1, 0x3103, 0X7, 0x28c2, 0X1, 0x3943, 0X1, 0x0000, 0X11, 0x59c5, 0X1, 0xc3eb, 0X1, 0xbbca, 0XC, 0xb3ca, 0X1, 0xc3eb, 0X1, 0xbbeb, 0X1, 0xbbca, 0X2, 0xbbeb, 0X1, 0xc40b, 0X1, 0xab8a, 0X1, 0x3943, 0X1, 0x20c2, 0X1, 0xa349, 0X2, 0xb3ca, 0X1, 0x20c2, 0X1, 0x0000, 0X18, 0xbbca, 0X1, 0xbbeb, 0X1, 0xbbca, 0X30, 0xc3eb, 0X1, 0x20c2, 0X1, 0x0000, 0X25, 0x6205, 0X1, 0xcc4c, 0X1, 0xbbca, 0XB, 0xc3eb, 0X1, 0x3943, 0X1, 0xa349, 0X1, 0xc3eb, 0X1, 0xbbeb, 0X1, 0xb3ca, 0X1, 0x7a87, 0X1, 0x82a7, 0X1, 0x59e5, 0X1, 0x0820, 0X3, 0xcc4c, 
0X1, 0x82a7, 0X1, 0x0000, 0X18, 0x9308, 0X1, 0xc40b, 0X1, 0xb3ca, 0X1, 0xbbca, 0X2E, 0xbbeb, 0X1, 0xab8a, 0X1, 0x0000, 0X27, 0x7a87, 0X1, 0xbbca, 0XA, 0xb3ca, 0X1, 0xc40b, 0X1, 0x3943, 0X1, 0x59e5, 0X1, 0xc3eb, 0X2, 0xab8a, 0X1, 0x0000, 0X5, 0x4984, 0X1, 0x8ae8, 0X1, 0x20c2, 0X1, 0x0000, 0X18, 0x7a87, 0X1, 0xc40b, 0X1, 0xb3ca, 0X1, 0xbbca, 0X2D, 0xb3ca, 0X1, 0xc3eb, 0X1, 0xa349, 0X1, 0x0000, 0X27, 0x0820, 0X1, 0x7a87, 0X1, 0xc40b, 0X1, 0xb3ca, 0X1, 0xbbca, 0X7, 0xb3ca, 0X1, 0xc40b, 0X1, 0x59c5, 0X1, 0x0820, 0X1, 0x59c5, 0X1, 0x20c2, 0X1, 0x28c2, 0X1, 0x0820, 0X2, 0x0000, 0X1E, 0xab8a, 0X1, 0xc3eb, 
0X1, 0xb3ca, 0X1, 0xbbca, 0X30, 0xab8a, 0X1, 0x4984, 0X1, 0x0000, 0X26, 0x0840, 0X1, 0xb3ca, 0X1, 0xbbeb, 0X1, 0xbbca, 0X7, 0xb3ca, 0X1, 0xc40b, 0X1, 0x8ae8, 0X1, 0x0840, 0X1, 0x0000, 0X1, 0x59e5, 0X1, 0x0820, 0X1, 0x0000, 0X1F, 0x59e5, 0X1, 0xc40b, 0X1, 0xb3ca, 0X1, 0xbbca, 0X31, 0xc40b, 0X1, 0xb3ca, 0X1, 0x0000, 0X27, 0x6205, 0X1, 0xc40b, 0X1, 0xb3ca, 0X1, 0xbbca, 0X8, 0xc3eb, 0X1, 0x59e5, 0X1, 0x0820, 0X1, 0x4984, 0X1, 0x0000, 0X20, 0x0820, 0X1, 0xa349, 0X1, 0xc3eb, 0X1, 0xbbca, 0X31, 0xb3ca, 0X1, 0xc3eb, 0X1, 0x3943, 0X1, 0x0000, 0X26, 0x4984, 0X1, 0xc3eb, 0X1, 0xb3ca, 0X1, 0xbbca, 0X3, 0xb3ca, 
0X1, 0xbbca, 0X5, 0xc40b, 0X1, 0x59c5, 0X1, 0x0000, 0X21, 0x6205, 0X1, 0xc3eb, 0X1, 0xbbca, 0X32, 0xb3ca, 0X1, 0xc40b, 0X1, 0x7a87, 0X1, 0x0000, 0X25, 0x0820, 0X1, 0x9308, 0X1, 0xc40b, 0X1, 0xbbca, 0X2, 0xbbeb, 0X1, 0xc3eb, 0X1, 0xc40b, 0X1, 0xbbeb, 0X2, 0xbbca, 0X2, 0xb3ca, 0X1, 0xbbeb, 0X1, 0xbbca, 0X1, 0x3943, 0X1, 0x0000, 0X1B, 0x0820, 0X1, 0xa349, 0X1, 0x8ae8, 0X1, 0x59c5, 0X1, 0x9308, 0X1, 0xc3eb, 0X1, 0xbbca, 0X34, 0xbbeb, 0X1, 0xab8a, 0X1, 0x0000, 0X26, 0x0820, 0X1, 0x4984, 0X1, 0xb3ca, 0X1, 0xcc4c, 0X1, 0x6205, 0X1, 0x20c2, 0X1, 0x7a87, 0X1, 0x4984, 0X1, 0x3943, 0X1, 0xb3ca, 0X1, 0xbbeb, 
0X1, 0xb3ca, 0X2, 0xbbca, 0X1, 0xc40b, 0X1, 0x8ae8, 0X1, 0x59c5, 0X1, 0x1061, 0X1, 0x0000, 0X16, 0x3103, 0X1, 0x0820, 0X1, 0x7a87, 0X1, 0xc40b, 0X1, 0xc3eb, 0X1, 0xc40b, 0X1, 0xc3eb, 0X1, 0xbbca, 0X35, 0xb3ca, 0X1, 0xc40b, 0X1, 0x7a87, 0X1, 0x0000, 0X27, 0x4984, 0X1, 0x59c5, 0X1, 0x28c2, 0X1, 0x0000, 0X3, 0x0820, 0X1, 0xab8a, 0X1, 0xc3eb, 0X2, 0xc40b, 0X1, 0xbbca, 0X1, 0xc40b, 0X1, 0x8ae8, 0X1, 0x0820, 0X1, 0x28c2, 0X1, 0x59c5, 0X1, 0x0000, 0X14, 0x0820, 0X1, 0x8ae8, 0X1, 0xbbca, 0X1, 0xc3eb, 0X1, 0xbbca, 0X1, 0xb3ca, 0X3, 0xbbca, 0X36, 0xbbeb, 0X1, 0xb3ca, 0X1, 0x0820, 0X1, 0x0000, 0X27, 0x0820, 
0X1, 0x0840, 0X1, 0x0000, 0X3, 0x0820, 0X1, 0x0000, 0X2, 0x6205, 0X1, 0x59e5, 0X1, 0xa349, 0X1, 0xbbeb, 0X1, 0xc3eb, 0X1, 0x3943, 0X1, 0x0000, 0X1, 0x0840, 0X1, 0x0000, 0XC, 0x28c2, 0X1, 0x6205, 0X1, 0x28c2, 0X1, 0x0000, 0X4, 0x28c2, 0X1, 0x0000, 0X2, 0x6205, 0X1, 0xc3eb, 0X1, 0xb3ca, 0X1, 0xbbca, 0X39, 0xb3ca, 0X1, 0xc40b, 0X1, 0x6205, 0X1, 0x0000, 0X2E, 0x28c2, 0X1, 0x0820, 0X1, 0x28c2, 0X1, 0xb3ca, 0X1, 0xc40b, 0X1, 0xc3eb, 0X1, 0x6205, 0X1, 0x0000, 0XE, 0xab8a, 0X1, 0xcc4c, 0X1, 0xc3eb, 0X1, 0x8ae8, 0X1, 0x0820, 0X1, 0x0000, 0X2, 0xa349, 0X1, 0x0000, 0X3, 0xbbca, 0X3B, 0xb3ca, 0X1, 0xc3eb, 
0X1, 0xa349, 0X1, 0x0000, 0X2C, 0x3943, 0X1, 0x28c2, 0X1, 0x7a87, 0X1, 0x3943, 0X1, 0x28c2, 0X1, 0x6205, 0X1, 0x9308, 0X1, 0xc3eb, 0X1, 0x0820, 0X1, 0x0000, 0XE, 0x8ae8, 0X1, 0xc3eb, 0X1, 0xb3ca, 0X1, 0xcc4c, 0X1, 0x7a87, 0X1, 0x0820, 0X1, 0x6205, 0X1, 0xbbca, 0X1, 0x0000, 0X2, 0x7a87, 0X1, 0xbbeb, 0X1, 0xbbca, 0X37, 0xb3ca, 0X1, 0xbbca, 0X4, 0xc3eb, 0X1, 0x6205, 0X1, 0x0000, 0X2C, 0x0840, 0X1, 0x0000, 0X1, 0x28c2, 0X1, 0x0000, 0X1, 0x0820, 0X2, 0xbbca, 0X1, 0x4984, 0X1, 0x0000, 0XE, 0x0820, 0X1, 0x8ae8, 0X1, 0xc3eb, 0X1, 0xbbca, 0X1, 0xb3ca, 0X1, 0xa349, 0X1, 0xc3eb, 0X1, 0xbbeb, 0X1, 0xab8a, 
0X2, 0xc3eb, 0X1, 0xbbca, 0X35, 0xb3ca, 0X2, 0xbbeb, 0X1, 0xc40b, 0X1, 0xc3eb, 0X1, 0xbbeb, 0X1, 0xbbca, 0X3, 0xbbeb, 0X1, 0xb3ca, 0X1, 0x28c2, 0X1, 0x0000, 0X2F, 0x0820, 0X1, 0x59c5, 0X1, 0x0000, 0X10, 0x8ae8, 0X1, 0xc40b, 0X1, 0xb3ca, 0X1, 0xbbca, 0X1, 0xc40b, 0X1, 0xbbca, 0X2, 0xc3eb, 0X1, 0xbbeb, 0X1, 0xbbca, 0X36, 0xc3eb, 0X1, 0xc40b, 0X1, 0xbbca, 0X1, 0x8ae8, 0X1, 0x28c2, 0X1, 0x6205, 0X1, 0xc3eb, 0X1, 0xbbca, 0X1, 0xb3ca, 0X1, 0xc40b, 0X1, 0xa349, 0X1, 0x0000, 0X41, 0x0820, 0X1, 0xb3ca, 0X1, 0xbbeb, 0X1, 0xbbca, 0X5, 0xb3ca, 0X1, 0xbbca, 0X34, 0xb3ca, 0X1, 0xbbeb, 0X1, 0xc40b, 0X1, 0xab8a, 
0X1, 0x6205, 0X1, 0x0000, 0X4, 0x7a87, 0X1, 0xc3eb, 0X1, 0xc40b, 0X1, 0xbbca, 0X1, 0x0840, 0X1, 0x0000, 0X41, 0x7a87, 0X1, 0xc3eb, 0X1, 0xbbca, 0X3A, 0xb3ca, 0X1, 0xc3eb, 0X2, 0x7a87, 0X1, 0x0000, 0X7, 0x28c2, 0X1, 0x82a7, 0X1, 0xa349, 0X1, 0x0000, 0X41, 0x4984, 0X1, 0xc3eb, 0X1, 0xbbca, 0X38, 0xb3ca, 0X3, 0xc40b, 0X1, 0xab8a, 0X1, 0x28c2, 0X1, 0x0000, 0XA, 0xa349, 0X1, 0x28c2, 0X1, 0x0000, 0X3F, 0x28c2, 0X1, 0xc3eb, 0X2, 0xb3ca, 0X1, 0xbbca, 0X37, 0xc3eb, 0X1, 0xc40b, 0X2, 0xa349, 0X1, 0x0820, 0X1, 0x0000, 0XC, 0x1061, 0X1, 0x0000, 0X40, 0x6205, 0X1, 0xbbca, 0X1, 0xc40b, 0X1, 0xb3ca, 0X1, 0xbbca, 
0X34, 0xb3ca, 0X1, 0xbbeb, 0X1, 0xa349, 0X1, 0x6205, 0X1, 0x3943, 0X1, 0x0000, 0XE, 0x0820, 0X1, 0x0000, 0X41, 0x28c2, 0X1, 0xa349, 0X1, 0xc40b, 0X1, 0xb3ca, 0X1, 0xbbca, 0X33, 0xb3ca, 0X1, 0xc40b, 0X1, 0x3943, 0X1, 0x0000, 0X53, 0x0820, 0X1, 0x9308, 0X1, 0xcc4c, 0X1, 0xbbca, 0X1, 0xb3ca, 0X1, 0xbbca, 0X31, 0xb3ca, 0X1, 0xc40b, 0X1, 0x3103, 0X1, 0x0000, 0X12, 0x28c2, 0X1, 0x0000, 0X42, 0x6205, 0X1, 0xc3eb, 0X1, 0xbbeb, 0X1, 0xb3ca, 0X1, 0xbbca, 0X30, 0xb3ca, 0X1, 0xc40b, 0X1, 0x3103, 0X1, 0x0000, 0X56, 0x28c2, 0X1, 0xb3ca, 0X1, 0xc3eb, 0X1, 0xb3ca, 0X1, 0xbbca, 0X2F, 0xb3ca, 0X1, 0xc40b, 0X1, 0x6205, 
0X1, 0x0000, 0X57, 0x28c2, 0X1, 0xbbca, 0X1, 0xbbeb, 0X1, 0xb3ca, 0X1, 0xbbca, 0X2E, 0xb3ca, 0X1, 0xc40b, 0X1, 0x3943, 0X1, 0x0000, 0X58, 0x4984, 0X1, 0xc40b, 0X1, 0xb3ca, 0X1, 0xbbca, 0X2D, 0xb3ca, 0X1, 0xc3eb, 0X1, 0xa349, 0X1, 0x0000, 0X5A, 0xa349, 0X1, 0xc40b, 0X1, 0xb3ca, 0X1, 0xbbca, 0X1A, 0xb3ca, 0X2, 0xbbca, 0X11, 0xc3eb, 0X1, 0x28c2, 0X1, 0x0000, 0X5A, 0x0840, 0X1, 0xbbca, 0X1, 0xbbeb, 0X1, 0xbbca, 0X18, 0xb3ca, 0X1, 0xbbca, 0X1, 0xc40b, 0X1, 0xbbeb, 0X1, 0xb3ca, 0X1, 0xbbca, 0XE, 0xb3ca, 0X1, 0xc40b, 0X1, 0xa349, 0X1, 0x0000, 0X5C, 0x28c2, 0X1, 0xbbeb, 0X1, 0xbbca, 0X17, 0xb3ca, 
0X1, 0xbbeb, 0X1, 0xb3ca, 0X1, 0x8ae8, 0X1, 0xa349, 0X1, 0xc3eb, 0X1, 0xb3ca, 0X1, 0xbbca, 0XC, 0xb3ca, 0X1, 0xbbeb, 0X1, 0xbbca, 0X1, 0x28c2, 0X1, 0x0000, 0X5D, 0xb3ca, 0X1, 0xbbeb, 0X1, 0xbbca, 0XE, 0xb3ca, 0X1, 0xbbeb, 0X3, 0xb3ca, 0X1, 0xbbca, 0X2, 0xb3ca, 0X1, 0xc40b, 0X1, 0xab8a, 0X1, 0x28c2, 0X1, 0x0000, 0X1, 0x28c2, 0X1, 0xc3eb, 0X2, 0xbbca, 0X2, 0xbbeb, 0X1, 0xc3eb, 0X1, 0xbbca, 0X1, 0xb3ca, 0X1, 0xbbca, 0X5, 0xb3ca, 0X1, 0xc3eb, 0X2, 0x4984, 0X1, 0x0000, 0X5D, 0x0820, 0X1, 0xb3ca, 0X1, 0xbbca, 0XF, 0xc3eb, 0X1, 0xb3ca, 0X1, 0xab8a, 0X1, 0xb3ca, 0X1, 0xc3eb, 0X1, 0xbbeb, 0X2, 0xc40b, 
0X1, 0xbbca, 0X1, 0x28c2, 0X1, 0x0000, 0X3, 0x4984, 0X1, 0xbbca, 0X1, 0xc3eb, 0X2, 0xab8a, 0X1, 0xa349, 0X1, 0xc3eb, 0X1, 0xc40b, 0X1, 0xbbca, 0X3, 0xb3ca, 0X1, 0xbbeb, 0X1, 0xc40b, 0X1, 0xa349, 0X1, 0x28c2, 0X1, 0x0000, 0X5E, 0x7a87, 0X1, 0xcc4c, 0X1, 0xbbca, 0X6, 0xbbeb, 0X1, 0xbbca, 0X2, 0xb3ca, 0X1, 0xbbca, 0X3, 0xb3ca, 0X1, 0xc3eb, 0X1, 0x9308, 0X1, 0x0820, 0X1, 0x0000, 0X2, 0x6205, 0X1, 0xc3eb, 0X1, 0xab8a, 0X1, 0x6205, 0X1, 0x0820, 0X1, 0x0000, 0X6, 0x28c2, 0X1, 0x20c2, 0X1, 0x0000, 0X2, 0x28c2, 0X1, 0xa349, 0X1, 0xc40b, 0X1, 0xb3ca, 0X1, 0xbbca, 0X1, 0xc40b, 0X1, 0xbbca, 0X1, 0x6205, 
0X1, 0x0000, 0X60, 0x6205, 0X1, 0xa349, 0X1, 0xbbca, 0X1, 0xbbeb, 0X1, 0xbbca, 0X4, 0xb3ca, 0X1, 0xc3eb, 0X2, 0xc40b, 0X1, 0xbbeb, 0X1, 0xb3ca, 0X1, 0xbbca, 0X2, 0xc3eb, 0X1, 0x28c2, 0X1, 0x0000, 0X4, 0x0820, 0X1, 0x0000, 0XF, 0x7a87, 0X1, 0xc40b, 0X1, 0xc3eb, 0X1, 0x8ae8, 0X1, 0x0820, 0X1, 0x0000, 0X63, 0x28c2, 0X1, 0xab8a, 0X1, 0xbbeb, 0X1, 0xb3ca, 0X1, 0xc40b, 0X1, 0x8ae8, 0X1, 0x0000, 0X1, 0x28c2, 0X1, 0x3943, 0X1, 0x7a87, 0X1, 0xab8a, 0X1, 0xbbeb, 0X1, 0xb3ca, 0X2, 0xc40b, 0X1, 0x3943, 0X1, 0x0000, 0X15, 0x59e5, 0X1, 0x3943, 0X1, 0x0000, 0X66, 0x4984, 0X1, 0xc3eb, 0X1, 0xb3ca, 0X1, 0xc3eb, 0X1, 0x0820, 0X1, 0x0000, 0X4, 0x0820, 0X1, 0xbbca, 0X1, 0xcc4c, 0X1, 0xc40b, 0X1, 0xa349, 0X1, 0x0000, 0X7E, 0x0820, 0X1, 0xc3eb, 0X1, 0xcc4c, 0X1, 0x7a87, 0X1, 0x0000, 0X6, 0x4984, 0X1, 0x9308, 0X1, 0x4984, 0X1, 0x0000, 0X80, 0x59c5, 0X1, 0x4984, 0X1, 0x0000, 0X107
};

static const uint16_t lcd_hanoi[2264] = { 
0x0000, 0XA8, 0x1000, 0X1, 0xb0a3, 0X1, 0x9882, 0X1, 0x7862, 0X1, 0x0800, 0X1, 0x0000, 0X5F, 0xd0c3, 0X1, 0xf8e4, 0X3, 0xe8c4, 0X1, 0x9882, 0X2, 0xd0c3, 0X1, 0x8862, 0X1, 0x0800, 0X1, 0x0000, 0X5A, 0xe8e4, 0X4, 0xf0e4, 0X1, 0xf8e4, 0X1, 0xf0e4, 0X1, 0xf8e4, 0X1, 0xb0a3, 0X1, 0x0000, 0X5A, 0x5041, 0X1, 0xf0e4, 0X1, 0xe8e4, 0X6, 0xf0e4, 0X1, 0x5041, 0X1, 0x0000, 0X5A, 0x5041, 0X1, 0xf0e4, 0X1, 0xe8e4, 0X6, 0xf8e4, 0X1, 0x8862, 0X1, 0x0000, 0X5A, 0x7862, 
0X1, 0xf8e4, 0X1, 0xe8e4, 0X6, 0xf0e4, 0X1, 0xd0c3, 0X1, 0x0800, 0X1, 0x0000, 0X58, 0x6041, 0X1, 0xf0e4, 0X1, 0xe8e4, 0X9, 0xb0a3, 0X1, 0x0000, 0X58, 0xe8c4, 0X1, 0xf0e4, 0X1, 0xe8e4, 0X9, 0xf8e4, 0X1, 0x9882, 0X1, 0x5041, 0X1, 0x2820, 0X1, 0x0000, 0X54, 0x6041, 0X1, 0xf8e4, 0X1, 0xe8e4, 0XB, 0xf0e4, 0X1, 0xf8e4, 0X1, 0xf0e4, 0X2, 0xb0a3, 0X1, 0x0000, 0X51, 0x3821, 0X1, 0xf0e4, 0X1, 0xe8e4, 0XF, 0xf8e4, 0X1, 0x9882, 0X1, 0x0000, 0X51, 0xc0a3, 0X1, 0xf8e4, 0X1, 0xe8e4, 0XF, 0xf0e4, 0X1, 0xb0a3, 0X1, 0x0800, 0X1, 0x0000, 0X1D, 0x6041, 0X1, 0xd8c4, 0X1, 0x9882, 0X1, 0x1000, 0X1, 0x0000, 0X2E, 0x6041, 
0X1, 0xf0e4, 0X1, 0xe8e4, 0X11, 0xf0e4, 0X1, 0xd0c3, 0X1, 0xc0a3, 0X1, 0x0000, 0X1B, 0x6041, 0X1, 0xf0e4, 0X2, 0xf8e4, 0X1, 0xe8c4, 0X1, 0x3821, 0X1, 0x0000, 0X2B, 0x1000, 0X1, 0xd0c3, 0X1, 0xe8e4, 0X14, 0xf8e4, 0X1, 0xf0e4, 0X1, 0xc0a3, 0X1, 0x3821, 0X1, 0x0000, 0X17, 0x6041, 0X1, 0xd0c3, 0X1, 0xf0e4, 0X1, 0xe8e4, 0X3, 0xf0e4, 0X1, 0xe8c4, 0X1, 0x3821, 0X1, 0x0000, 0X2A, 0xc0a3, 0X1, 0xf8e4, 0X1, 0xe8e4, 0X15, 0xf0e4, 0X1, 0xe8c4, 0X1, 0x0000, 
0X17, 0x1000, 0X1, 0xf0e4, 0X1, 0xf8e4, 0X1, 0xe8e4, 0X5, 0xf0e4, 0X1, 0xe8c4, 0X1, 0x3821, 0X1, 0x0000, 0X28, 0x8862, 0X1, 0xf8e4, 0X1, 0xe8e4, 0X16, 0xf8e4, 0X1, 0xc0a3, 0X1, 0x0000, 0X17, 0x3821, 0X1, 0xf0e4, 0X1, 0xe8e4, 0X7, 0xf0e4, 0X1, 0xe8e4, 0X1, 0xc0a3, 0X1, 0x0800, 0X1, 0x0000, 0X25, 0x1000, 0X1, 0xf0e4, 0X2, 0xe8e4, 0X16, 0xf0e4, 0X1, 0xe8c4, 0X1, 0x0800, 0X1, 0x0000, 0X16, 0x5041, 0X1, 0xf0e4, 0X1, 0xe8e4, 0X9, 0xf8e4, 0X1, 0x5041, 0X1, 0x0000, 0X25, 0x9882, 0X1, 0xf8e4, 0X1, 0xe8e4, 0X18, 0xf8e4, 0X1, 0xb0a3, 0X1, 0x0000, 0X16, 0x7862, 0X1, 0xf8e4, 0X1, 0xe8e4, 0X9, 0xf8e4, 0X1, 
0x9882, 0X1, 0x0000, 0X25, 0x7862, 0X1, 0xf8e4, 0X1, 0xe8e4, 0X19, 0xf8e4, 0X1, 0x6041, 0X1, 0x0000, 0X15, 0xb0a3, 0X1, 0xf8e4, 0X1, 0xe8e4, 0X9, 0xf0e4, 0X1, 0xd8c4, 0X1, 0x0000, 0X25, 0x1000, 0X1, 0xe8c4, 0X1, 0xf0e4, 0X1, 0xe8e4, 0X17, 0xf0e4, 0X1, 0xd8c4, 0X1, 0x7862, 0X1, 0x0000, 0X15, 0xd8c4, 0X1, 0xf0e4, 0X1, 0xe8e4, 0XA, 0xf0e4, 0X1, 0x3821, 0X1, 0x0000, 0X1C, 0x0800, 0X1, 0x0000, 0X8, 0x1000, 0X1, 0xd8c4, 0X1, 0xf0e4, 0X1, 0xe8e4, 
0X14, 0xf0e4, 0X1, 0xf8e4, 0X1, 0xf0e4, 0X1, 0x3821, 0X1, 0x0000, 0X15, 0x1000, 0X1, 0xf0e4, 0X1, 0xe8e4, 0XB, 0xf0e4, 0X1, 0xd0c3, 0X1, 0x0000, 0X19, 0x3821, 0X1, 0xd0c3, 0X1, 0xd8c4, 0X1, 0xc0a3, 0X1, 0x1000, 0X2, 0x0800, 0X1, 0x0000, 0X5, 0x6041, 0X1, 0xe8c4, 0X1, 0xf0e4, 0X1, 0xe8e4, 0X13, 0xf0e4, 0X1, 0xc0a3, 0X1, 0x6041, 0X1, 0x3821, 0X1, 0x0000, 0X16, 0x9882, 0X1, 0xf8e4, 0X1, 0xe8e4, 0XC, 0xf8e4, 0X1, 0x7862, 0X1, 0x0000, 0X1A, 0x9882, 0X1, 0xf8e4, 0X1, 0xd8c4, 0X1, 0xe8c4, 0X1, 0x1000, 0X1, 0x0000, 0X3, 0x6041, 0X1, 0xc0a3, 0X1, 0xf0e4, 0X2, 0xe8e4, 0X14, 0xf8e4, 0X1, 0x8862, 0X1, 0x1000, 
0X1, 0x0000, 0X15, 0x0800, 0X1, 0xb0a3, 0X1, 0xf0e4, 0X1, 0xe8e4, 0XD, 0xf8e4, 0X1, 0xc0a3, 0X1, 0x0000, 0X17, 0x1000, 0X1, 0x3821, 0X1, 0x5041, 0X1, 0xc0a3, 0X1, 0xf0e4, 0X3, 0xd8c4, 0X1, 0x6041, 0X1, 0xb0a3, 0X1, 0xd0c3, 0X1, 0xf0e4, 0X1, 0xf8e4, 0X1, 0xe8e4, 0X17, 0xf8e4, 0X1, 0xc0a3, 0X1, 0x0000, 0X14, 0x0800, 0X1, 0xc0a3, 0X1, 0xf8e4, 0X1, 0xe8e4, 0XE, 0xf0e4, 0X1, 0xe8c4, 0X1, 0x0000, 0X15, 0x2820, 0X1, 0x5041, 0X1, 0x3821, 0X1, 0xe8c4, 0X1, 0xf8e4, 0X1, 0xf0e4, 0X1, 0xe8e4, 0X3, 0xf0e4, 0X1, 0xe8e4, 0X1, 0xf8e4, 0X1, 0xf0e4, 0X1, 0xe8e4, 0X19, 0xf8e4, 0X1, 0xb0a3, 0X1, 0x0000, 0X13, 0x0800, 
0X1, 0xc0a3, 0X1, 0xf8e4, 0X1, 0xe8e4, 0X10, 0xf0e4, 0X1, 0x2820, 0X1, 0x0000, 0X14, 0x8862, 0X1, 0xf8e4, 0X1, 0xe8c4, 0X1, 0xe8e4, 0X22, 0xf0e4, 0X1, 0x8862, 0X1, 0x1000, 0X1, 0x0000, 0X12, 0x6041, 0X1, 0xd8c4, 0X1, 0xf8e4, 0X1, 0xe8e4, 0X11, 0xf0e4, 0X1, 0x5041, 0X1, 0x0000, 0X14, 0x1000, 0X1, 0xf0e4, 0X2, 0xe8e4, 0X22, 0xf8e4, 0X1, 0xb0a3, 0X1, 0x0800, 0X1, 0x0000, 0X11, 0x9882, 0X1, 0xf8e4, 0X1, 0xf0e4, 0X1, 0xe8e4, 0X12, 0xf8e4, 0X1, 0x5041, 0X1, 0x0000, 0X15, 0xb0a3, 0X1, 0xf8e4, 0X1, 0xe8e4, 0X23, 0xf8e4, 0X1, 0xc0a3, 0X1, 0x1000, 0X1, 0x0000, 0XF, 0x8862, 0X1, 0xf8e4, 0X1, 0xe8e4, 
0X14, 0xf8e4, 0X1, 0xb0a3, 0X1, 0x0000, 0X13, 0x0800, 0X1, 0x1000, 0X1, 0x9882, 0X1, 0xf8e4, 0X1, 0xe8e4, 0X24, 0xf8e4, 0X1, 0xb0a3, 0X1, 0x0000, 0XE, 0x1000, 0X1, 0xe8c4, 0X1, 0xe8e4, 0X16, 0xf0e4, 0X1, 0x6041, 0X1, 0x0000, 0X10, 0x0800, 0X1, 0xb0a3, 0X1, 0xf0e4, 0X1, 0xe8c4, 0X1, 0xe8e4, 0X26, 0xf0e4, 0X1, 0x6041, 0X1, 0x0000, 0XE, 0x7862, 0X1, 0xf0e4, 0X1, 0xe8e4, 0X16, 0xf0e4, 0X2, 0x8862, 0X1, 0x0000, 0XC, 0x3821, 0X1, 0x7862, 0X1, 0xb0a3, 0X1, 0xe8c4, 0X1, 0xf8e4, 0X1, 0xe8e4, 0X1, 0xf0e4, 0X1, 0xe8e4, 0X26, 0xf0e4, 0X1, 0x6041, 0X1, 0x0000, 0XE, 0x3821, 0X1, 0xf0e4, 0X1, 0xe8e4, 0X18, 
0xf0e4, 0X1, 0xd0c3, 0X1, 0x9882, 0X1, 0x7862, 0X1, 0x2820, 0X1, 0x0000, 0X3, 0x0800, 0X1, 0x5041, 0X1, 0x7862, 0X1, 0x9882, 0X1, 0xc0a3, 0X1, 0xf0e4, 0X1, 0xf8e4, 0X2, 0xf0e4, 0X1, 0xe8e4, 0X29, 0xf8e4, 0X1, 0x9882, 0X1, 0x0000, 0XF, 0xb0a3, 0X1, 0xf8e4, 0X1, 0xe8e4, 0X18, 0xf0e4, 0X1, 0xf8e4, 0X2, 0xf0e4, 0X2, 0xd8c4, 0X1, 0xd0c3, 0X1, 0xe8c4, 0X1, 0xf0e4, 0X1, 0xf8e4, 0X3, 0xe8e4, 0X2D, 0xf0e4, 0X1, 0xc0a3, 0X1, 0x0000, 0X10, 0xc0a3, 0X1, 0xf8e4, 0X1, 0xe8e4, 0X1C, 0xf0e4, 0X3, 0xe8e4, 0X32, 0xf8e4, 0X1, 0x5041, 0X1, 0x0000, 0XF, 0x1000, 0X1, 0xd0c3, 0X1, 0xf0e4, 0X1, 0xe8e4, 0X4F, 0xf8e4, 0X1, 
0xb0a3, 0X1, 0x0800, 0X1, 0x0000, 0X10, 0x3821, 0X1, 0xf0e4, 0X1, 0xe8e4, 0X4E, 0xf0e4, 0X1, 0xc0a3, 0X1, 0x0800, 0X1, 0x0000, 0X12, 0xb0a3, 0X1, 0xf8e4, 0X1, 0xe8e4, 0X4D, 0xf0e4, 0X1, 0xc0a3, 0X1, 0x0800, 0X1, 0x0000, 0X12, 0x3821, 0X1, 0xf0e4, 0X1, 0xe8e4, 0X4E, 0xf0e4, 0X2, 0x6041, 0X1, 0x0000, 0X11, 0x2820, 0X1, 0xf0e4, 0X1, 0xe8e4, 0X4F, 0xf0e4, 0X1, 0xf8e4, 0X1, 0x6041, 0X1, 0x0000, 0X10, 0x5041, 0X1, 0xf8e4, 0X1, 0xe8e4, 0X50, 0xf8e4, 0X1, 0x9882, 0X1, 0x0000, 0XF, 0x0800, 0X1, 0xc0a3, 0X1, 0xf0e4, 0X1, 0xe8e4, 0X50, 0xf0e4, 0X1, 0xe8c4, 0X1, 0x0800, 0X1, 0x0000, 0X1, 0x1000, 
0X1, 0x0000, 0XC, 0x8862, 0X1, 0xf8e4, 0X1, 0xe8e4, 0X52, 0xf0e4, 0X1, 0x9882, 0X1, 0xb0a3, 0X1, 0xe8c4, 0X1, 0x0000, 0XB, 0x3821, 0X1, 0xf0e4, 0X1, 0xe8e4, 0X54, 0xf0e4, 0X1, 0xf8e4, 0X2, 0x9882, 0X1, 0x0000, 0XA, 0xc0a3, 0X1, 0xf8e4, 0X1, 0xe8e4, 0X57, 0xf0e4, 0X1, 0xc0a3, 0X1, 0x9882, 0X1, 0x8862, 0X1, 0x7862, 0X1, 0x8862, 0X1, 0x0000, 0X4, 0x3821, 0X1, 0xf0e4, 0X1, 0xe8e4, 0X59, 0xf8e4, 0X5, 0x6041, 0X1, 0x0000, 0X3, 0x8862, 0X1, 0xf8e4, 0X1, 0xe8e4, 0X5D, 0xf0e4, 0X1, 0xd0c3, 0X1, 0x1000, 0X1, 0x0000, 0X2, 0x9882, 0X1, 0xf8e4, 0X1, 0xe8e4, 0X5E, 0xf8e4, 0X1, 0xd0c3, 0X1, 0x0000, 0X2, 0x5041, 
0X1, 0xf8e4, 0X1, 0xe8e4, 0X5E, 0xf8e4, 0X1, 0xd0c3, 0X1, 0x0000, 0X2, 0x0800, 0X1, 0xe8c4, 0X1, 0xf0e4, 0X1, 0xe8e4, 0X1, 0xf0e4, 0X1, 0xe8e4, 0X6, 0xf0e4, 0X1, 0xf8e4, 0X1, 0xe8e4, 0X52, 0xf0e4, 0X1, 0xc0a3, 0X1, 0x1000, 0X1, 0x0000, 0X3, 0x6041, 0X1, 0xf0e4, 0X1, 0xe8e4, 0X1, 0xc0a3, 0X1, 0xe8e4, 0X1, 0xf8e4, 0X1, 0xf0e4, 0X1, 0xe8e4, 0X1, 0xf0e4, 0X1, 0xf8e4, 0X1, 0xd8c4, 0X1, 0x8862, 0X1, 0xe8e4, 0X52, 0xf0e4, 0X1, 0x2820, 0X1, 0x0000, 0X5, 0x6041, 0X1, 0x8862, 0X1, 0x1000, 0X1, 0xf0e4, 0X1, 0xc0a3, 0X1, 0xd8c4, 0X1, 0xf8e4, 0X1, 0xe8c4, 0X1, 0xc0a3, 0X1, 0x2820, 0X1, 0x0000, 0X1, 0xb0a3, 
0X1, 0xf0e4, 0X1, 0xe8e4, 0X50, 0xe8c4, 0X1, 0x1000, 0X1, 0x0000, 0X8, 0x2820, 0X1, 0x0000, 0X2, 0x6041, 0X1, 0x0800, 0X1, 0x0000, 0X3, 0x5041, 0X1, 0xf8e4, 0X3, 0xe8e4, 0X4B, 0xf8e4, 0X1, 0xf0e4, 0X1, 0xf8e4, 0X1, 0xb0a3, 0X1, 0x1000, 0X1, 0x0000, 0X11, 0x9882, 0X1, 0xc0a3, 0X2, 0xe8e4, 0X49, 0xf0e4, 0X1, 0xe8e4, 0X1, 0xc0a3, 0X1, 0xd8c4, 0X1, 0x8862, 0X1, 0x1000, 0X1, 0x0000, 0X14, 0x0800, 0X1, 0xc0a3, 0X1, 0xf8e4, 0X1, 0xe8e4, 0X47, 0xf0e4, 0X1, 0x8862, 0X1, 0x0000, 0X19, 0x6041, 0X1, 0xf0e4, 0X2, 0xe8e4, 0X40, 0xf0e4, 0X2, 0xe8e4, 0X3, 0xf8e4, 0X1, 0x6041, 0X1, 0x0800, 0X1, 0x0000, 0X1A, 
0x3821, 0X1, 0xd8c4, 0X1, 0xf0e4, 0X1, 0xe8e4, 0X3E, 0xf0e4, 0X1, 0xd8c4, 0X2, 0xf0e4, 0X1, 0xf8e4, 0X3, 0x2820, 0X1, 0x0000, 0X1C, 0x3821, 0X1, 0xf0e4, 0X1, 0xe8e4, 0X3D, 0xf8e4, 0X1, 0xb0a3, 0X1, 0x0000, 0X2, 0x6041, 0X1, 0xc0a3, 0X2, 0xe8c4, 0X1, 0x8862, 0X1, 0x0000, 0X1D, 0xb0a3, 0X1, 0xf8e4, 0X1, 0xe8e4, 0X3C, 0xf0e4, 0X1, 0x2820, 0X1, 0x0000, 0X5, 0x1000, 0X1, 0x3821, 0X1, 0x0000, 0X1D, 0x2820, 0X1, 0xc0a3, 0X1, 0xf8e4, 0X3, 0xf0e4, 0X1, 0xe8e4, 0X37, 0xf8e4, 0X1, 0xc0a3, 0X1, 0x0000, 0X26, 0x0800, 0X1, 0x8862, 0X1, 0xc0a3, 0X1, 0x9882, 0X1, 0xc0a3, 0X1, 0xf0e4, 0X1, 0xe8e4, 0X36, 0xf8e4, 0X1, 
0x8862, 0X1, 0x0000, 0X2A, 0x0800, 0X1, 0xd0c3, 0X1, 0xf8e4, 0X1, 0xe8e4, 0XA, 0xf0e4, 0X1, 0xe8e4, 0X2A, 0xf0e4, 0X1, 0xd8c4, 0X1, 0x2820, 0X1, 0x0000, 0X2A, 0x1000, 0X1, 0xb0a3, 0X1, 0xf0e4, 0X1, 0xf8e4, 0X1, 0xf0e4, 0X1, 0xe8e4, 0X1, 0xf8e4, 0X5, 0xf0e4, 0X3, 0xe8e4, 0X2A, 0xf8e4, 0X1, 0x8862, 0X1, 0x0000, 0X2C, 0x2820, 0X1, 0xd0c3, 0X1, 0xe8c4, 0X1, 0xf0e4, 0X1, 0xb0a3, 0X1, 0x9882, 0X1, 0xb0a3, 0X1, 0x8862, 0X1, 0x7862, 0X1, 0x5041, 0X1, 0x1000, 0X1, 0xd0c3, 0X1, 0xf0e4, 0X1, 0xe8e4, 0X29, 0xf0e4, 0X1, 0x3821, 0X1, 0x0000, 0X2E, 0x1000, 0X1, 0x3821, 0X1, 0x0000, 0X6, 0x0800, 0X1, 0xb0a3, 0X1, 
0xf0e4, 0X1, 0xe8e4, 0X29, 0xf8e4, 0X1, 0xc0a3, 0X1, 0x0000, 0X35, 0x2820, 0X1, 0xb0a3, 0X1, 0xf0e4, 0X1, 0xe8e4, 0X29, 0xf8e4, 0X1, 0xd0c3, 0X1, 0x3821, 0X1, 0x0000, 0X35, 0xb0a3, 0X1, 0xf8e4, 0X1, 0xe8e4, 0X29, 0xf0e4, 0X1, 0xb0a3, 0X1, 0x0800, 0X1, 0x0000, 0X35, 0x1000, 0X1, 0xe8c4, 0X1, 0xe8e4, 0X2A, 0xf0e4, 0X1, 0x1000, 0X1, 0x0000, 0X35, 0x2820, 0X1, 0xe8c4, 0X1, 0xf0e4, 0X1, 0xe8e4, 0X2A, 0xf0e4, 0X1, 0xb0a3, 0X1, 0x1000, 0X1, 0x0000, 0X33, 0x1000, 0X1, 0x8862, 0X1, 0xf0e4, 0X2, 0xe8e4, 0X2B, 0xf8e4, 0X1, 0xf0e4, 0X1, 0xb0a3, 0X1, 0x2820, 0X1, 0x0000, 0X33, 0x3821, 0X1, 
0xd8c4, 0X1, 0xf0e4, 0X1, 0xe8e4, 0X2C, 0xf8e4, 0X1, 0xf0e4, 0X1, 0x8862, 0X1, 0x0000, 0X33, 0x1000, 0X1, 0xd0c3, 0X1, 0xf8e4, 0X1, 0xe8e4, 0X2D, 0xf8e4, 0X1, 0x8862, 0X1, 0x0000, 0X33, 0x1000, 0X1, 0xd8c4, 0X1, 0xf0e4, 0X1, 0xe8e4, 0X2C, 0xf8e4, 0X1, 0xc0a3, 0X1, 0x0000, 0X34, 0x6041, 0X1, 0xf8e4, 0X1, 0xe8e4, 0X2B, 0xf8e4, 0X1, 0xf0e4, 0X1, 0x6041, 0X1, 0x0000, 0X35, 0xe8e4, 0X1, 0xe8c4, 0X1, 0xf0e4, 0X2, 0xe8e4, 0X1, 0xf0e4, 0X2, 0xe8e4, 0X24, 0xf0e4, 0X1, 0xb0a3, 0X1, 0x2820, 0X1, 0x0000, 0X35, 0x9882, 0X1, 0xe8c4, 0X1, 0x1000, 0X1, 0x5041, 0X1, 0xd0c3, 0X1, 0xf0e4, 0X1, 0xc0a3, 0X1, 
0xb0a3, 0X1, 0xf8e4, 0X1, 0xe8e4, 0X22, 0xf8e4, 0X1, 0xc0a3, 0X1, 0x0000, 0X37, 0xd0c3, 0X1, 0x3821, 0X1, 0x0000, 0X3, 0x2820, 0X1, 0x1000, 0X2, 0xe8c4, 0X1, 0xf0e4, 0X1, 0xe8e4, 0X21, 0xf8e4, 0X1, 0x7862, 0X1, 0x0000, 0X35, 0x1000, 0X1, 0x9882, 0X2, 0x0000, 0X6, 0x3821, 0X1, 0xd8c4, 0X1, 0xf0e4, 0X1, 0xe8e4, 0X21, 0xf8e4, 0X1, 0x5041, 0X1, 0x0000, 0X34, 0xc0a3, 0X1, 0xf8e4, 0X1, 0xf0e4, 0X1, 0x2820, 0X1, 0x0000, 0X5, 0x2820, 0X1, 0xf0e4, 0X2, 0xe8e4, 0X22, 0xf8e4, 0X1, 0x9882, 0X1, 0x0000, 0X33, 0x1000, 0X1, 0x8862, 0X1, 0x6041, 0X1, 0x1000, 0X1, 0x0000, 0X7, 0xd8c4, 0X1, 0xf0e4, 0X1, 0xe8e4, 0X22, 
0xf0e4, 0X1, 0xd0c3, 0X1, 0x0000, 0X3E, 0xd0c3, 0X1, 0xf8e4, 0X1, 0xe8e4, 0X23, 0xf0e4, 0X1, 0x2820, 0X1, 0x0000, 0X3D, 0x6041, 0X1, 0x7862, 0X1, 0xd8c4, 0X1, 0xf0e4, 0X1, 0xe8e4, 0X21, 0xf8e4, 0X1, 0xb0a3, 0X1, 0x0000, 0X3F, 0xc0a3, 0X1, 0xf8e4, 0X1, 0xe8e4, 0X22, 0xf0e4, 0X1, 0x9882, 0X1, 0x0800, 0X1, 0x0000, 0X3D, 0xb0a3, 0X1, 0xf8e4, 0X1, 0xe8e4, 0X23, 0xf8e4, 0X1, 0xe8c4, 0X1, 0xd0c3, 0X1, 0xb0a3, 0X1, 0x9882, 0X1, 0x2820, 0X1, 0x0000, 0X39, 0xb0a3, 0X1, 0xf8e4, 0X1, 0xe8e4, 0X24, 0xf0e4, 0X2, 0xf8e4, 0X2, 0xe8c4, 0X1, 0x0800, 0X1, 0x0000, 0X38, 0x9882, 0X1, 0xf8e4, 0X1, 0xe8e4, 0X28, 
0xf0e4, 0X1, 0x0800, 0X1, 0x0000, 0X38, 0x7862, 0X1, 0xf8e4, 0X1, 0xe8e4, 0X29, 0x0000, 0X39, 0x0800, 0X1, 0xe8c4, 0X1, 0xf8e4, 0X1, 0xe8e4, 0X26, 0xf0e4, 0X1, 0xe8e4, 0X1, 0x0000, 0X3A, 0x6041, 0X1, 0xf0e4, 0X1, 0xe8e4, 0X27, 0xf0e4, 0X1, 0x0800, 0X1, 0x0000, 0X3A, 0x9882, 0X1, 0xf8e4, 0X1, 0xe8e4, 0X25, 0xf0e4, 0X1, 0xd8c4, 0X1, 0x0000, 0X3B, 0xc0a3, 0X1, 0xf0e4, 0X1, 0xe8e4, 0X25, 0xf8e4, 0X1, 0x5041, 0X1, 0x0000, 0X3B, 0xb0a3, 0X1, 0xf8e4, 0X1, 0xe8e4, 0X25, 0xf8e4, 0X1, 0x5041, 0X1, 0x0000, 0X3B, 0x0800, 0X1, 0xd0c3, 0X1, 0xf8e4, 0X1, 0xe8e4, 0X24, 0xf8e4, 0X1, 0xb0a3, 0X1, 
0x0000, 0X3C, 0x1000, 0X1, 0xd0c3, 0X1, 0xf0e4, 0X1, 0xe8e4, 0X24, 0xf0e4, 0X1, 0x3821, 0X1, 0x0000, 0X2, 0x2820, 0X1, 0x1000, 0X1, 0x0000, 0X38, 0x1000, 0X1, 0xf0e4, 0X1, 0xe8e4, 0X24, 0xf0e4, 0X1, 0xe8c4, 0X1, 0x9882, 0X1, 0xc0a3, 0X1, 0xe8c4, 0X1, 0x1000, 0X1, 0x0000, 0X38, 0x1000, 0X1, 0xf0e4, 0X1, 0xe8e4, 0X1F, 0xf0e4, 0X1, 0xf8e4, 0X2, 0xf0e4, 0X1, 0xe8e4, 0X2, 0xf0e4, 0X1, 0xf8e4, 0X2, 0x6041, 0X1, 0x0000, 0X38, 0x2820, 0X1, 0xc0a3, 0X1, 0xf0e4, 0X1, 0xe8e4, 0X1D, 0xf8e4, 0X1, 0xf0e4, 0X1, 0xd0c3, 0X1, 0x9882, 0X1, 0x8862, 0X1, 0xd8c4, 0X1, 0xf0e4, 0X1, 0xe8e4, 0X3, 0x8862, 0X1, 0x1000, 
0X1, 0x0000, 0X38, 0xb0a3, 0X1, 0xf0e4, 0X1, 0xe8e4, 0X12, 0xf0e4, 0X2, 0xe8e4, 0X8, 0xf0e4, 0X1, 0xf8e4, 0X1, 0xd0c3, 0X1, 0x6041, 0X1, 0x0000, 0X3, 0x7862, 0X1, 0xf8e4, 0X1, 0xe8e4, 0X1, 0xf8e4, 0X1, 0xb0a3, 0X1, 0x0000, 0X3A, 0x1000, 0X1, 0xb0a3, 0X1, 0xf8e4, 0X1, 0xe8e4, 0X11, 0xd8c4, 0X2, 0xf0e4, 0X1, 0xf8e4, 0X1, 0xe8e4, 0X5, 0xf0e4, 0X1, 0x7862, 0X1, 0x6041, 0X1, 0x0000, 0X5, 0x9882, 0X1, 0xf8e4, 0X1, 0xd8c4, 0X1, 0xb0a3, 0X1, 0x2820, 0X1, 0x0000, 0X3B, 0x9882, 0X1, 0xf8e4, 0X1, 0xe8e4, 0XF, 0xf0e4, 0X1, 0xe8c4, 0X1, 0x1000, 0X1, 0x0000, 0X1, 0x5041, 0X1, 0xc0a3, 0X1, 0xf0e4, 0X1, 0xe8e4, 
0X4, 0xf8e4, 0X1, 0x5041, 0X1, 0x0000, 0X6, 0xd0c3, 0X2, 0x1000, 0X1, 0x0000, 0X3D, 0x8862, 0X1, 0xf8e4, 0X1, 0xe8e4, 0X10, 0xf0e4, 0X1, 0xc0a3, 0X1, 0x2820, 0X1, 0x0000, 0X1, 0x0800, 0X1, 0x9882, 0X1, 0xf8e4, 0X1, 0xf0e4, 0X1, 0xf8e4, 0X2, 0xd0c3, 0X1, 0x2820, 0X1, 0x0000, 0X6, 0x1000, 0X1, 0x3821, 0X1, 0x0000, 0X3E, 0x7862, 0X1, 0xf8e4, 0X1, 0xe8e4, 0X10, 0xf8e4, 0X1, 0xf0e4, 0X1, 0x6041, 0X1, 0x0000, 0X3, 0x3821, 0X1, 0x6041, 0X1, 0x7862, 0X1, 0x8862, 0X1, 0x1000, 0X1, 0x0000, 0X47, 0x0800, 0X1, 0xd0c3, 0X1, 0xf0e4, 0X1, 0xe8e4, 0XE, 0xf0e4, 0X1, 0xb0a3, 0X1, 0x1000, 0X1, 0x0000, 0X4E, 0x2820, 
0X1, 0x3821, 0X1, 0x5041, 0X1, 0xe8e4, 0X1, 0xf8e4, 0X1, 0xf0e4, 0X1, 0xe8e4, 0XC, 0xf0e4, 0X1, 0xd8c4, 0X1, 0x0000, 0X50, 0x6041, 0X1, 0xf0e4, 0X2, 0xc0a3, 0X1, 0x9882, 0X1, 0xc0a3, 0X1, 0xf0e4, 0X1, 0xe8e4, 0XB, 0xf0e4, 0X1, 0xd8c4, 0X1, 0x0000, 0X55, 0x3821, 0X1, 0xf0e4, 0X1, 0xe8e4, 0X1, 0xf0e4, 0X1, 0xe8e4, 0X9, 0xf0e4, 0X1, 0xb0a3, 0X1, 0x0000, 0X55, 0x2820, 0X1, 0xf8e4, 0X2, 0xe8c4, 0X1, 0xf0e4, 0X1, 0xf8e4, 0X1, 0xe8e4, 0X7, 0xf0e4, 0X1, 0x2820, 0X1, 0x0000, 0X56, 0x9882, 0X1, 0xc0a3, 0X1, 0x1000, 0X1, 0x5041, 0X1, 0xb0a3, 0X1, 0xe8e4, 0X1, 0xf0e4, 0X1, 0xe8e4, 0X4, 0xf0e4, 0X1, 0xe8c4, 
0X1, 0x0800, 0X1, 0x0000, 0X5B, 0x6041, 0X1, 0xf0e4, 0X1, 0xe8e4, 0X4, 0xf8e4, 0X1, 0x9882, 0X1, 0x0000, 0X5D, 0x6041, 0X1, 0xf0e4, 0X1, 0xe8e4, 0X3, 0xf0e4, 0X1, 0x5041, 0X1, 0x0000, 0X5E, 0x6041, 0X1, 0xf0e4, 0X2, 0xf8e4, 0X1, 0xf0e4, 0X1, 0x0800, 0X1, 0x0000, 0X5F, 0xb0a3, 0X1, 0xf0e4, 0X1, 0xd8c4, 0X1, 0x9882, 0X1, 0x0000, 0X60, 0x0800, 0X1, 0x1000, 0X1, 0x0000, 0X21
};

static const uint16_t lcd_hcmc[1786] = { 
0x0000, 0X20B, 0xb3f2, 0X1, 0xed17, 0X1, 0xb3f2, 0X1, 0x3925, 0X1, 0x59e8, 0X1, 0xed17, 0X1, 0x59e8, 0X1, 0x0000, 0X32, 0x28e4, 0X1, 0x4166, 0X1, 0x0000, 0X3D, 0xe4d6, 0X1, 0xe4f6, 0X2, 0xecf7, 0X1, 0xed17, 0X1, 0xecf7, 0X1, 0x28e4, 0X1, 0x0000, 0X31, 0xa390, 0X1, 0xfd58, 0X1, 0xb3f2, 0X1, 0x0000, 
0X3C, 0x4166, 0X1, 0xe4f6, 0X1, 0xdcb5, 0X3, 0xed17, 0X1, 0xa390, 0X1, 0x0000, 0XA, 0x59e8, 0X1, 0x3925, 0X1, 0x0000, 0X25, 0x932e, 0X1, 0xfd58, 0X1, 0xe4f6, 0X1, 0xc433, 0X1, 0x0000, 0X2F, 0xa390, 0X1, 0xd474, 0X1, 0xc433, 0X6, 0xb3f2, 0X5, 0xdcb5, 0X5, 0xed17, 0X1, 0x4166, 0X1, 0x0000, 0XA, 0xc433, 0X1, 0xf517, 0X1, 0xa390, 0X1, 0x28e4, 0X1, 0x0000, 0X22, 0x59e8, 0X1, 0xf517, 0X1, 0xdcb5, 0X3, 0x0000, 0X2E, 0x3925, 0X1, 0xf517, 0X1, 0xe4f6, 0X2, 0xed17, 0X2, 0xe4f6, 0X1, 0xed17, 0X1, 0xe4f6, 0X1, 0xed17, 0X5, 0xdcb5, 0X4, 0xe4f6, 0X1, 0xc433, 0X1, 0x0000, 0XB, 0xa390, 0X1, 0xe4f6, 0X2, 0xf517, 
0X1, 0x932e, 0X1, 0x0000, 0XE, 0x28e4, 0X1, 0x0000, 0X11, 0x28e4, 0X1, 0xed17, 0X1, 0xe4f6, 0X1, 0xdcb5, 0X2, 0xecf7, 0X1, 0x28e4, 0X1, 0x0000, 0X2D, 0xb3f2, 0X1, 0xed17, 0X1, 0xdcb5, 0X10, 0xed17, 0X1, 0x932e, 0X1, 0x0000, 0XB, 0x82cc, 0X1, 0xfd58, 0X1, 0xdcb5, 0X1, 0xe4f6, 0X1, 0xe4d6, 0X1, 0x0000, 0XD, 0x1062, 0X1, 0xed17, 0X1, 0x4166, 0X1, 0x0000, 0X10, 0xd474, 0X1, 0xed17, 0X1, 0xdcb5, 0X3, 0xed17, 0X1, 0x4166, 0X1, 0x0000, 0X2C, 0x4166, 0X1, 0xf517, 0X1, 0xdcb5, 0X12, 0xe4d6, 0X1, 0x28e4, 0X1, 0x0000, 0XA, 0x1062, 0X1, 0xb3f2, 0X1, 0xf517, 0X1, 0xed17, 0X1, 0xdcb5, 0X1, 0x0000, 0XD, 0x932e, 
0X1, 0xed17, 0X1, 0xe4d6, 0X1, 0x3925, 0X1, 0x0000, 0XE, 0x932e, 0X1, 0xed17, 0X1, 0xdcb5, 0X4, 0xed17, 0X1, 0x6a4a, 0X1, 0x0000, 0X2C, 0xd474, 0X1, 0xe4f6, 0X1, 0xdcb5, 0X12, 0xe4f6, 0X1, 0xdcb5, 0X1, 0x1062, 0X1, 0x0000, 0XB, 0x4166, 0X1, 0xd474, 0X1, 0xed17, 0X1, 0xa390, 0X1, 0x4166, 0X1, 0x28e4, 0X1, 0x0000, 0XA, 0xdcb5, 0X2, 0xed17, 0X1, 0xb3f2, 0X1, 0x0000, 0XD, 0x59e8, 0X1, 0xed17, 0X1, 0xdcb5, 0X5, 0xed17, 0X1, 0x932e, 0X1, 0x0000, 0X2B, 0x932e, 0X1, 0xed17, 0X1, 0xdcb5, 0X14, 0xed17, 0X1, 0xc433, 0X1, 0x0000, 0XC, 0x1062, 0X1, 0xdcb5, 0X1, 0xed17, 0X2, 0xf517, 0X1, 0xc433, 0X1, 0x0000, 
0X9, 0xd474, 0X1, 0xe4f6, 0X1, 0xdcb5, 0X2, 0x0000, 0XC, 0x28e4, 0X1, 0xed17, 0X1, 0xdcb5, 0X6, 0xed17, 0X1, 0xb3f2, 0X1, 0x0000, 0X2A, 0x59e8, 0X1, 0xf517, 0X1, 0xdcb5, 0X16, 0xed17, 0X1, 0xa390, 0X1, 0x0000, 0XB, 0x28e4, 0X1, 0xe4d6, 0X1, 0xdcb5, 0X4, 0x1062, 0X1, 0x0000, 0X8, 0xc433, 0X1, 0xe4f6, 0X1, 0xdcb5, 0X1, 0xecf7, 0X1, 0x28e4, 0X1, 0x0000, 0X5, 0x3925, 0X2, 0x4166, 0X2, 0x59e8, 0X1, 0x6a4a, 0X1, 0xd474, 0X1, 0xe4f6, 0X1, 0xdcb5, 0X6, 0xe4f6, 0X1, 0xd474, 0X1, 0x0000, 0X29, 0x28e4, 0X1, 0xe4d6, 0X1, 0xe4f6, 0X1, 0xdcb5, 0X17, 0xf517, 0X1, 0x82cc, 0X1, 0x0000, 0X9, 0x59e8, 0X1, 0xdcb5, 
0X1, 0xe4f6, 0X1, 0xdcb5, 0X3, 0xed17, 0X1, 0x932e, 0X1, 0x0000, 0X8, 0xc433, 0X1, 0xe4f6, 0X1, 0xdcb5, 0X1, 0xed17, 0X1, 0x59e8, 0X1, 0x0000, 0X4, 0x6a4a, 0X1, 0xfd58, 0X1, 0xecf7, 0X1, 0xed17, 0X1, 0xf517, 0X1, 0xed17, 0X2, 0xe4f6, 0X1, 0xdcb5, 0X8, 0xe4d6, 0X1, 0x1062, 0X1, 0x0000, 0X28, 0xc433, 0X1, 0xed17, 0X1, 0xdcb5, 0X19, 0xed17, 0X1, 0x59e8, 0X1, 0x0000, 0X6, 0x28e4, 0X1, 0xb3f2, 0X1, 0xf517, 0X1, 0xe4f6, 0X1, 0xdcb5, 0X5, 0xe4d6, 0X1, 0x0000, 0X7, 0x3925, 0X1, 0xdcb5, 0X3, 0xed17, 0X1, 0xb3f2, 0X1, 0x0000, 0X4, 0xd474, 0X1, 0xe4f6, 0X1, 0xdcb5, 0XE, 0xecf7, 0X1, 0x3925, 0X1, 0x0000, 
0X27, 0x932e, 0X1, 0xed17, 0X1, 0xdcb5, 0X1B, 0xe4d6, 0X1, 0xa390, 0X1, 0x932e, 0X1, 0xa390, 0X3, 0xb3f2, 0X1, 0xecf7, 0X1, 0xed17, 0X1, 0xdcb5, 0X7, 0xed17, 0X1, 0x932e, 0X1, 0x0000, 0X3, 0x28e4, 0X1, 0x6a4a, 0X1, 0xb3f2, 0X1, 0xecf7, 0X1, 0xe4f6, 0X1, 0xdcb5, 0X4, 0xd474, 0X1, 0xc433, 0X1, 0xa390, 0X1, 0xc433, 0X1, 0xe4f6, 0X1, 0xdcb5, 0XF, 0xed17, 0X1, 0x59e8, 0X1, 0x0000, 0X26, 0x59e8, 0X1, 0xed17, 0X1, 0xdcb5, 0X1D, 0xed17, 0X6, 0xdcb5, 0XA, 0xecf7, 0X1, 0x82cc, 0X1, 0x6a4a, 0X1, 0xb3f2, 0X1, 0xe4d6, 0X1, 0xed17, 0X2, 0xdcb5, 0X6, 0xe4f6, 0X2, 0xed17, 0X1, 0xe4f6, 0X1, 0xdcb5, 0X10, 0xed17, 
0X1, 0xa390, 0X1, 0x0000, 0X25, 0x28e4, 0X1, 0xed17, 0X1, 0xdcb5, 0X2F, 0xed17, 0X3, 0xdcb5, 0X1E, 0xf517, 0X1, 0x4166, 0X1, 0x0000, 0X24, 0xc433, 0X1, 0xed17, 0X1, 0xdcb5, 0X50, 0xe4f6, 0X1, 0xd474, 0X1, 0x0000, 0X24, 0x59e8, 0X1, 0xf517, 0X1, 0xdcb5, 0X51, 0xed17, 0X1, 0x82cc, 0X1, 0x0000, 0X24, 0x932e, 0X1, 0xed17, 0X1, 0xdcb5, 0X51, 0xecf7, 0X1, 0x28e4, 0X1, 0x0000, 0X24, 0xc433, 0X1, 0xe4f6, 0X1, 0xdcb5, 0X50, 0xed17, 0X1, 0xb3f2, 0X1, 0x0000, 0X24, 0x4166, 0X1, 0xed17, 0X1, 0xdcb5, 0X51, 0xf517, 0X1, 0x59e8, 0X1, 0x0000, 0X23, 0x932e, 0X1, 0xed17, 0X1, 0xdcb5, 0X51, 0xe4f6, 0X1, 
0xdcb5, 0X1, 0x0000, 0X22, 0x59e8, 0X1, 0xf517, 0X1, 0xdcb5, 0X53, 0xed17, 0X1, 0x932e, 0X1, 0x0000, 0X20, 0x28e4, 0X1, 0xe4d6, 0X1, 0xe4f6, 0X1, 0xdcb5, 0X54, 0xf517, 0X1, 0x6a4a, 0X1, 0x0000, 0X1F, 0xc433, 0X1, 0xed17, 0X1, 0xdcb5, 0X56, 0xf517, 0X1, 0x4166, 0X1, 0x0000, 0X1D, 0x932e, 0X1, 0xed17, 0X1, 0xdcb5, 0X58, 0xed17, 0X1, 0x3925, 0X1, 0x0000, 0X1B, 0x59e8, 0X1, 0xf517, 0X1, 0xdcb5, 0X59, 0xe4f6, 0X1, 0xe4d6, 0X1, 0x0000, 0X16, 0x3925, 0X1, 0xa390, 0X1, 0x6a4a, 0X1, 0x59e8, 0X1, 0x6a4a, 0X1, 0xdcb5, 0X1, 0xe4f6, 0X1, 0xdcb5, 0X5A, 0xe4f6, 0X1, 0xd474, 0X1, 0x1062, 0X1, 0x0000, 
0X13, 0x4166, 0X1, 0xed17, 0X5, 0xdcb5, 0X5D, 0xed17, 0X1, 0xc433, 0X1, 0x0000, 0X12, 0x4166, 0X1, 0xed17, 0X1, 0xe4f6, 0X1, 0xdcb5, 0X62, 0xed17, 0X1, 0xb3f2, 0X1, 0x0000, 0X11, 0xd474, 0X1, 0xed17, 0X1, 0xdcb5, 0X64, 0xed17, 0X1, 0xa390, 0X1, 0x0000, 0X10, 0x3925, 0X1, 0xecf7, 0X1, 0xdcb5, 0X65, 0xed17, 0X1, 0x0000, 0X10, 0x1062, 0X1, 0xe4d6, 0X1, 0xdcb5, 0X64, 0xe4f6, 0X1, 0xdcb5, 0X1, 0x0000, 0X11, 0xd474, 0X1, 0xe4f6, 0X1, 0xdcb5, 0X62, 0xe4f6, 0X1, 0xecf7, 0X1, 0x3925, 0X1, 0x0000, 0X11, 0xb3f2, 0X1, 0xed17, 0X1, 0xdcb5, 0X61, 0xe4f6, 0X1, 0xecf7, 0X1, 0x4166, 0X1, 0x0000, 0X12, 
0x932e, 0X1, 0xed17, 0X1, 0xdcb5, 0X60, 0xe4f6, 0X1, 0xecf7, 0X1, 0x4166, 0X1, 0x0000, 0X13, 0x6a4a, 0X1, 0xed17, 0X1, 0xdcb5, 0X5F, 0xe4f6, 0X1, 0xf517, 0X1, 0x59e8, 0X1, 0x0000, 0X14, 0x4166, 0X1, 0xed17, 0X1, 0xdcb5, 0X5F, 0xed17, 0X1, 0x59e8, 0X1, 0x0000, 0X15, 0x28e4, 0X1, 0xecf7, 0X1, 0xdcb5, 0X5E, 0xed17, 0X1, 0x59e8, 0X1, 0x0000, 0X17, 0xdcb5, 0X4F, 0xe4f6, 0X1, 0xed17, 0X5, 0xe4f6, 0X1, 0xdcb5, 0X9, 0xe4d6, 0X1, 0x1062, 0X1, 0x0000, 0X17, 0xd474, 0X1, 0xe4f6, 0X1, 0xdcb5, 0X4C, 0xed17, 0X1, 0xc433, 0X1, 0xa390, 0X5, 0xc433, 0X1, 0xe4f6, 0X1, 0xdcb5, 0X3, 0xe4f6, 0X2, 0xdcb5, 
0X3, 0xed17, 0X1, 0x6a4a, 0X1, 0x0000, 0X17, 0xb3f2, 0X1, 0xed17, 0X1, 0xdcb5, 0X4B, 0xed17, 0X1, 0xb3f2, 0X1, 0x0000, 0X7, 0xc433, 0X1, 0xe4f6, 0X1, 0xdcb5, 0X1, 0xed17, 0X1, 0xc433, 0X2, 0xed17, 0X1, 0xe4f6, 0X1, 0xdcb5, 0X1, 0xe4f6, 0X1, 0xc433, 0X1, 0x0000, 0X17, 0x82cc, 0X1, 0xed17, 0X1, 0xdcb5, 0X4A, 0xe4f6, 0X1, 0xdcb5, 0X1, 0x1062, 0X1, 0x0000, 0X7, 0xa390, 0X1, 0xed17, 0X2, 0xa390, 0X1, 0x0000, 0X2, 0x6a4a, 0X1, 0xdcb5, 0X1, 0xed17, 0X1, 0xdcb5, 0X1, 0xecf7, 0X1, 0x3925, 0X1, 0x0000, 0X16, 0xa390, 0X1, 0xed17, 0X1, 0xdcb5, 0X4A, 0xecf7, 0X1, 0x3925, 0X1, 0x0000, 0X8, 0xa390, 0X1, 0xfd58, 
0X1, 0xa390, 0X1, 0x0000, 0X5, 0x82cc, 0X1, 0xdcb5, 0X1, 0xfd58, 0X1, 0x932e, 0X1, 0x0000, 0X15, 0x932e, 0X1, 0xecf7, 0X1, 0xdcb5, 0X4A, 0xed17, 0X1, 0x59e8, 0X1, 0x0000, 0X9, 0xb3f2, 0X1, 0xd474, 0X1, 0x0000, 0X7, 0x1062, 0X1, 0x932e, 0X1, 0xe4d6, 0X1, 0x1062, 0X1, 0x0000, 0X12, 0x1062, 0X1, 0xb3f2, 0X1, 0xed17, 0X1, 0xdcb5, 0X4A, 0xed17, 0X1, 0x932e, 0X1, 0x0000, 0XA, 0x932e, 0X1, 0x1062, 0X1, 0x0000, 0X9, 0x3925, 0X1, 0x28e4, 0X1, 0x0000, 0X11, 0x3925, 0X1, 0xdcb5, 0X1, 0xed17, 0X1, 0xdcb5, 0X4A, 0xed17, 0X1, 0xb3f2, 0X1, 0x0000, 0X28, 0x59e8, 0X1, 0xed17, 0X1, 0xe4f6, 0X1, 0xdcb5, 0X49, 0xed17, 0X1, 0xf517, 0X1, 0xb3f2, 0X1, 0x1062, 0X1, 0x0000, 0X27, 0x932e, 0X1, 0xf517, 0X1, 0xdcb5, 0X48, 0xe4f6, 0X1, 0xed17, 0X1, 0xecf7, 0X1, 0xa390, 
0X1, 0x3925, 0X1, 0x0000, 0X28, 0x3925, 0X1, 0xf517, 0X1, 0xdcb5, 0X47, 0xe4f6, 0X1, 0xed17, 0X1, 0xdcb5, 0X1, 0x932e, 0X1, 0x28e4, 0X1, 0x0000, 0X2B, 0x82cc, 0X1, 0xed17, 0X1, 0xdcb5, 0X44, 0xed17, 0X1, 0xf517, 0X1, 0xd474, 0X1, 0x6a4a, 0X1, 0x1062, 0X1, 0x0000, 0X2D, 0x82cc, 0X1, 0xed17, 0X1, 0xdcb5, 0X41, 0xe4f6, 0X1, 0xed17, 0X1, 0xf517, 0X1, 0xc433, 0X1, 0x59e8, 0X1, 0x0000, 0X2F, 0x82cc, 0X1, 0xecf7, 0X1, 0xdcb5, 0X3E, 0xe4f6, 0X1, 0xed17, 0X2, 0xecf7, 0X1, 0xd474, 0X1, 0x932e, 0X1, 0x3925, 0X1, 0x0000, 0X2F, 0x4166, 0X1, 0xd474, 0X1, 0xed17, 0X1, 0xdcb5, 0X3D, 0xed17, 0X1, 0xf517, 0X1, 0xdcb5, 0X1, 0xb3f2, 0X1, 0x6a4a, 0X1, 0x28e4, 0X1, 0x0000, 0X30, 0x1062, 0X1, 0xa390, 0X1, 0xf517, 0X1, 0xe4f6, 0X1, 0xdcb5, 0X2A, 0xe4f6, 0X1, 0xed17, 0X1, 
0xe4f6, 0X1, 0xdcb5, 0X10, 0xe4f6, 0X1, 0xa390, 0X1, 0x3925, 0X1, 0x0000, 0X34, 0xc433, 0X1, 0xed17, 0X1, 0xdcb5, 0X29, 0xe4f6, 0X1, 0xed17, 0X2, 0xdcb5, 0X1, 0xa390, 0X1, 0xc433, 0X1, 0xe4f6, 0X1, 0xdcb5, 0XF, 0xecf7, 0X1, 0x0000, 0X36, 0xdcb5, 0X1, 0xe4f6, 0X1, 0xdcb5, 0X25, 0xe4f6, 0X1, 0xed17, 0X1, 0xf517, 0X1, 0xe4d6, 0X1, 0xc433, 0X1, 0x82cc, 0X1, 0x3925, 0X1, 0x0000, 0X3, 0xdcb5, 0X1, 0xe4f6, 0X1, 0xdcb5, 0XE, 0xecf7, 0X1, 0x82cc, 0X1, 0x0000, 0X35, 0xa390, 0X1, 0xe4d6, 0X1, 0xed17, 0X3, 0xdcb5, 0X1E, 0xe4f6, 0X1, 0xed17, 0X2, 0xecf7, 0X1, 0xd474, 0X1, 0xa390, 0X1, 0x59e8, 0X1, 0x1062, 0X1, 0x0000, 0X6, 0xd474, 0X1, 0xe4f6, 0X1, 0xdcb5, 0XF, 0xed17, 0X1, 0xc433, 0X1, 0x4166, 0X1, 0x0000, 0X34, 0x1062, 0X1, 0x4166, 0X1, 0x82cc, 0X1, 
0xc433, 0X1, 0xe4d6, 0X1, 0xed17, 0X2, 0xe4f6, 0X1, 0xdcb5, 0X17, 0xe4f6, 0X1, 0xed17, 0X2, 0xdcb5, 0X1, 0xb3f2, 0X1, 0x6a4a, 0X1, 0x28e4, 0X1, 0x0000, 0X9, 0x28e4, 0X1, 0xecf7, 0X1, 0xdcb5, 0X11, 0xfd58, 0X1, 0x6a4a, 0X1, 0x0000, 0X38, 0x1062, 0X1, 0x4166, 0X1, 0x932e, 0X1, 0xc433, 0X1, 0xe4d6, 0X1, 0xed17, 0X2, 0xe4f6, 0X1, 0xdcb5, 0X10, 0xed17, 0X2, 0xecf7, 0X1, 0xc433, 0X1, 0x932e, 0X1, 0x4166, 0X1, 0x1062, 0X1, 0x0000, 0XC, 0x6a4a, 0X1, 0xed17, 0X1, 0xdcb5, 0X10, 0xed17, 0X1, 0xb3f2, 0X1, 0x0000, 0X3D, 0x1062, 0X1, 0x59e8, 0X1, 0x932e, 0X1, 0xd474, 0X1, 0xe4f6, 0X1, 0xdcb5, 0XD, 0xe4f6, 0X1, 
0xdcb5, 0X1, 0xa390, 0X1, 0x59e8, 0X1, 0x1062, 0X1, 0x0000, 0X10, 0xa390, 0X1, 0xe4f6, 0X1, 0xdcb5, 0X10, 0xecf7, 0X1, 0x28e4, 0X1, 0x0000, 0X41, 0xb3f2, 0X1, 0xed17, 0X1, 0xdcb5, 0XB, 0xe4f6, 0X1, 0xdcb5, 0X1, 0x28e4, 0X1, 0x0000, 0X13, 0xed17, 0X1, 0xfd58, 0X1, 0xed17, 0X2, 0xe4f6, 0X2, 0xdcb5, 0XB, 0xed17, 0X1, 0x932e, 0X1, 0x0000, 0X42, 0x4166, 0X1, 0xed17, 0X1, 0xdcb5, 0XB, 0xed17, 0X1, 0x6a4a, 0X1, 0x0000, 0X14, 0x59e8, 0X1, 0x82cc, 0X1, 0x932e, 0X1, 0xb3f2, 0X1, 0xc433, 0X1, 0xdcb5, 0X1, 0xe4d6, 0X1, 0xe4f6, 0X1, 0xf517, 0X1, 0xed17, 0X2, 0xe4f6, 0X1, 0xdcb5, 0X4, 0xe4f6, 0X1, 0xdcb5, 
0X1, 0x1062, 0X1, 0x0000, 0X43, 0xc433, 0X1, 0xe4f6, 0X1, 0xdcb5, 0X9, 0xed17, 0X1, 0xd474, 0X1, 0x0000, 0X1B, 0x1062, 0X1, 0x28e4, 0X1, 0x4166, 0X1, 0x6a4a, 0X1, 0x82cc, 0X1, 0xdcb5, 0X5, 0xed17, 0X1, 0x6a4a, 0X1, 0x0000, 0X44, 0x59e8, 0X1, 0xed17, 0X1, 0xdcb5, 0X9, 0xf517, 0X1, 0x4166, 0X1, 0x0000, 0X20, 0x59e8, 0X1, 0xed17, 0X1, 0xdcb5, 0X3, 0xecf7, 0X1, 0x28e4, 0X1, 0x0000, 0X45, 0xd474, 0X1, 0xe4f6, 0X1, 0xdcb5, 0X7, 0xed17, 0X1, 0xa390, 0X1, 0x0000, 0X21, 0x28e4, 0X1, 0xecf7, 0X1, 0xdcb5, 0X3, 0xf517, 0X1, 0x3925, 0X1, 0x0000, 0X45, 0x59e8, 0X1, 0xf517, 0X1, 0xdcb5, 0X7, 0xe4d6, 0X1, 0x28e4, 
0X1, 0x0000, 0X21, 0x1062, 0X1, 0xe4d6, 0X1, 0xdcb5, 0X3, 0xed17, 0X1, 0x59e8, 0X1, 0x0000, 0X46, 0xdcb5, 0X1, 0xe4f6, 0X1, 0xdcb5, 0X5, 0xed17, 0X1, 0x82cc, 0X1, 0x0000, 0X23, 0xdcb5, 0X3, 0xe4f6, 0X1, 0xfd58, 0X1, 0x6a4a, 0X1, 0x0000, 0X46, 0x6a4a, 0X1, 0xed17, 0X1, 0xdcb5, 0X4, 0xe4f6, 0X1, 0xdcb5, 0X1, 0x0000, 0X24, 0xc433, 0X1, 0xed17, 0X1, 0xdcb5, 0X1, 0xb3f2, 0X2, 0x59e8, 0X1, 0x0000, 0X46, 0x28e4, 0X1, 0xecf7, 0X1, 0xdcb5, 0X4, 0xed17, 0X1, 0x59e8, 0X1, 0x0000, 0X24, 0xb3f2, 0X1, 0xf517, 0X1, 0x4166, 0X1, 0x0000, 0X48, 0x3925, 0X1, 0xd474, 0X1, 0xfd58, 0X1, 0xed17, 0X2, 0xe4d6, 0X1, 0xf517, 
0X1, 0xb3f2, 0X1, 0x0000, 0X25, 0xa390, 0X2, 0x0000, 0X48, 0x1062, 0X1, 0x82cc, 0X1, 0x6a4a, 0X1, 0x59e8, 0X1, 0x4166, 0X1, 0x3925, 0X1, 0x28e4, 0X2, 0x1062, 0X1, 0x0000, 0X25, 0x1062, 0X1, 0x0000, 0X290
};

static const uint16_t lcd_hue[2060] = { 
0x0000, 0X9C, 0x08e1, 0X1, 0x3c88, 0X1, 0x2b45, 0X1, 0x0020, 0X1, 0x0000, 0X73, 0x08e1, 0X1, 0x4d89, 0X1, 0x4dca, 0X2, 0x4509, 0X1, 0x08e1, 0X1, 0x0000, 0X72, 0x3c88, 0X1, 0x4dca, 0X1, 0x4549, 0X2, 0x4dca, 0X1, 0x4549, 0X1, 0x1142, 0X1, 0x0000, 0X70, 0x08e1, 0X1, 0x4d89, 0X2, 0x4549, 0X1, 0x4569, 0X1, 0x4549, 0X1, 0x4daa, 0X2, 0x2b45, 0X1, 0x0020, 0X1, 0x0000, 0X6D, 0x0020, 0X1, 0x2b45, 0X1, 0x4569, 0X5, 0x4549, 0X1, 0x4569, 0X1, 0x4dca, 0X1, 0x3407, 
0X1, 0x0060, 0X1, 0x0000, 0X6B, 0x0020, 0X1, 0x3407, 0X1, 0x4dea, 0X1, 0x4569, 0X6, 0x4549, 0X2, 0x4dca, 0X1, 0x4509, 0X1, 0x1142, 0X1, 0x0000, 0X6A, 0x1a44, 0X1, 0x4dea, 0X1, 0x4549, 0X1, 0x4569, 0X8, 0x4549, 0X1, 0x4daa, 0X1, 0x4d89, 0X1, 0x1a44, 0X1, 0x0000, 0X68, 0x08e1, 0X1, 0x4549, 0X1, 0x4d89, 0X1, 0x4549, 0X1, 0x4569, 0X9, 0x4549, 0X1, 0x4d89, 0X1, 0x4daa, 0X1, 0x2b45, 0X1, 0x0020, 0X1, 0x0000, 0X66, 0x1a44, 0X1, 0x4569, 0XD, 0x4549, 0X1, 0x4569, 0X1, 0x4dca, 0X1, 0x3407, 0X1, 0x0060, 0X1, 0x0000, 0X64, 0x1142, 0X1, 0x08e1, 0X1, 0x3c88, 0X1, 0x4dca, 0X1, 0x4549, 0X1, 0x4569, 0XC, 0x4549, 
0X1, 0x4dca, 0X1, 0x4509, 0X1, 0x08e1, 0X1, 0x0000, 0X63, 0x1142, 0X1, 0x4d89, 0X1, 0x4549, 0X1, 0x4d89, 0X1, 0x4569, 0XE, 0x4549, 0X1, 0x4daa, 0X1, 0x4d89, 0X1, 0x1a44, 0X1, 0x0000, 0X62, 0x1a44, 0X1, 0x4d89, 0X1, 0x4daa, 0X1, 0x4549, 0X1, 0x4569, 0XF, 0x4549, 0X1, 0x4d89, 0X1, 0x4dca, 0X1, 0x3407, 0X1, 0x0060, 0X1, 0x0000, 0X61, 0x22a4, 0X1, 0x4daa, 0X1, 0x4549, 0X1, 0x4569, 0X10, 0x4549, 0X1, 0x4569, 0X1, 0x4dca, 0X1, 0x4509, 0X1, 0x1a44, 0X1, 0x0000, 0X60, 0x0060, 0X1, 0x4d89, 0X1, 0x4569, 0X13, 0x4549, 0X1, 0x4daa, 0X2, 0x2b45, 0X1, 0x0060, 0X1, 0x0000, 0X5D, 0x08e1, 0X1, 0x4509, 0X1, 
0x4d89, 0X1, 0x4549, 0X1, 0x4569, 0X13, 0x4549, 0X1, 0x4569, 0X1, 0x4dca, 0X1, 0x4509, 0X1, 0x1a44, 0X1, 0x0000, 0X55, 0x08e1, 0X1, 0x0000, 0X4, 0x0020, 0X1, 0x1a44, 0X1, 0x4549, 0X1, 0x4daa, 0X1, 0x4549, 0X1, 0x4569, 0X16, 0x4549, 0X1, 0x4daa, 0X2, 0x3407, 0X1, 0x08e1, 0X1, 0x0000, 0X49, 0x0020, 0X1, 0x08e1, 0X1, 0x1a44, 0X1, 0x2b45, 0X1, 0x3407, 0X1, 0x4509, 0X1, 0x3c88, 0X2, 0x3407, 0X1, 0x4549, 0X1, 0x4d89, 0X1, 0x1a44, 0X1, 0x0000, 0X2, 0x08e1, 0X1, 0x3c88, 0X1, 0x4dca, 0X1, 0x4d89, 0X1, 0x4549, 0X1, 0x4569, 0X18, 0x4549, 0X1, 0x4569, 0X1, 0x4dca, 0X1, 0x4d89, 0X1, 0x2b45, 0X1, 0x08e1, 0X1, 
0x0000, 0X45, 0x0020, 0X1, 0x2b45, 0X1, 0x4549, 0X1, 0x4d89, 0X1, 0x4daa, 0X1, 0x4dca, 0X2, 0x4daa, 0X2, 0x4dca, 0X2, 0x4d89, 0X2, 0x4daa, 0X1, 0x3c88, 0X1, 0x3407, 0X1, 0x4daa, 0X2, 0x4549, 0X2, 0x4569, 0X1B, 0x4549, 0X1, 0x4d89, 0X1, 0x4dca, 0X1, 0x4549, 0X1, 0x2b45, 0X1, 0x08e1, 0X1, 0x0000, 0X41, 0x0020, 0X2, 0x2b45, 0X1, 0x4dea, 0X1, 0x4d89, 0X1, 0x4569, 0X2, 0x4549, 0X8, 0x4569, 0X1, 0x4daa, 0X1, 0x4dca, 0X1, 0x4569, 0X1, 0x4549, 0X1, 0x4569, 
0X1E, 0x4549, 0X2, 0x4d89, 0X1, 0x4dca, 0X1, 0x4d89, 0X1, 0x3407, 0X1, 0x08e1, 0X1, 0x0000, 0X3B, 0x08e1, 0X2, 0x22a4, 0X1, 0x3c88, 0X1, 0x4509, 0X2, 0x4549, 0X1, 0x4569, 0X1, 0x4549, 0X1, 0x4569, 0XB, 0x4549, 0X2, 0x4569, 0X22, 0x4549, 0X2, 0x4569, 0X1, 0x4dca, 0X1, 0x4d89, 0X1, 0x2b45, 0X1, 0x0060, 0X1, 0x0000, 0X39, 0x3407, 0X1, 0x4d89, 0X1, 0x4daa, 0X1, 0x4dca, 0X1, 0x4daa, 0X2, 0x4569, 0X35, 0x4549, 0X1, 0x4569, 0X1, 0x4dca, 0X1, 0x4509, 0X1, 0x1a44, 0X1, 0x0000, 0X37, 0x0020, 0X1, 0x4549, 0X1, 0x4dca, 0X1, 0x4549, 0X5, 0x4569, 0X36, 0x4549, 0X1, 0x4daa, 0X2, 0x2b45, 0X1, 0x0020, 0X1, 0x0000, 
0X36, 0x1a44, 0X1, 0x4549, 0X1, 0x4daa, 0X2, 0x4569, 0X1, 0x4549, 0X1, 0x4569, 0X38, 0x4549, 0X1, 0x4569, 0X1, 0x4dca, 0X1, 0x4509, 0X1, 0x08e1, 0X1, 0x0000, 0X37, 0x1a44, 0X1, 0x3407, 0X1, 0x4dca, 0X1, 0x4daa, 0X1, 0x4569, 0X3A, 0x4549, 0X1, 0x4daa, 0X1, 0x4d89, 0X1, 0x1a44, 0X1, 0x0000, 0X37, 0x0060, 0X1, 0x1a44, 0X1, 0x3c88, 0X1, 0x4daa, 0X1, 0x4569, 0X3A, 0x4549, 0X1, 0x4d89, 0X1, 0x4daa, 0X1, 0x2b45, 0X1, 0x0020, 0X1, 0x0000, 0X37, 0x0020, 0X1, 0x2b45, 0X1, 0x4daa, 0X1, 0x4549, 0X1, 0x4569, 0X39, 0x4549, 0X1, 0x4569, 0X1, 0x4dca, 0X1, 0x3c88, 0X1, 0x08e1, 0X1, 0x0000, 0X37, 0x0020, 0X1, 
0x4509, 0X1, 0x4daa, 0X1, 0x4549, 0X1, 0x4569, 0X3A, 0x4549, 0X1, 0x4dca, 0X1, 0x4549, 0X1, 0x1142, 0X1, 0x0000, 0X37, 0x22a4, 0X1, 0x4dca, 0X1, 0x4549, 0X1, 0x4569, 0X3B, 0x4549, 0X1, 0x4daa, 0X1, 0x4d89, 0X1, 0x1a44, 0X1, 0x0000, 0X36, 0x11a2, 0X1, 0x4daa, 0X1, 0x4569, 0X3D, 0x4549, 0X1, 0x4d89, 0X1, 0x4daa, 0X1, 0x2b45, 0X1, 0x0020, 0X1, 0x0000, 0X2D, 0x3407, 0X1, 0x3c88, 0X2, 0x1a44, 0X1, 0x0020, 0X1, 0x0000, 0X1, 0x08e1, 0X1, 0x4509, 0X1, 0x4daa, 0X1, 0x4549, 0X1, 0x4569, 0X3D, 0x4549, 0X1, 0x4569, 0X1, 0x4dca, 0X1, 0x3407, 0X1, 0x0060, 0X1, 0x0000, 0X2B, 0x22a4, 0X1, 0x4dea, 0X1, 0x4daa, 0X1, 
0x4dca, 0X1, 0x4daa, 0X1, 0x4509, 0X1, 0x4549, 0X1, 0x4d89, 0X1, 0x4daa, 0X1, 0x4569, 0X41, 0x4549, 0X1, 0x4dea, 0X1, 0x3c88, 0X1, 0x0060, 0X1, 0x0000, 0X2A, 0x2b45, 0X1, 0x4dca, 0X1, 0x4549, 0X2, 0x4569, 0X1, 0x4daa, 0X1, 0x4d89, 0X2, 0x4549, 0X1, 0x4569, 0X42, 0x4549, 0X1, 0x4dca, 0X1, 0x4509, 0X1, 0x08e1, 0X1, 0x0000, 0X29, 0x0060, 0X1, 0x3c88, 0X1, 0x4daa, 0X1, 0x4549, 0X1, 0x4569, 0X1, 0x4549, 0X3, 0x4569, 0X43, 0x4549, 0X2, 0x4dca, 0X1, 0x4549, 0X1, 0x1142, 0X1, 0x0000, 0X29, 0x2b45, 0X1, 0x4dca, 0X1, 0x4549, 0X1, 0x4569, 0X49, 0x4549, 0X1, 0x4daa, 0X1, 0x4d89, 0X1, 0x1a44, 0X1, 0x0000, 0X27, 
0x0060, 0X1, 0x4549, 0X1, 0x4d89, 0X1, 0x4549, 0X1, 0x4569, 0X4A, 0x4549, 0X1, 0x4daa, 0X1, 0x4d89, 0X1, 0x1a44, 0X1, 0x0000, 0X26, 0x1a44, 0X1, 0x4daa, 0X1, 0x4549, 0X1, 0x4569, 0X4C, 0x4549, 0X1, 0x4d89, 0X1, 0x4dca, 0X1, 0x2b45, 0X1, 0x0020, 0X1, 0x0000, 0X22, 0x0020, 0X1, 0x2b45, 0X1, 0x4dca, 0X1, 0x4549, 0X1, 0x4569, 0X4E, 0x4549, 0X1, 0x4569, 0X1, 0x4dca, 0X1, 0x3407, 0X1, 0x0060, 0X1, 0x0000, 0X20, 0x1a44, 0X1, 0x4509, 0X1, 0x4d89, 0X1, 0x4569, 0X53, 0x4dca, 0X1, 0x4509, 0X1, 0x1a44, 0X1, 0x0020, 0X1, 0x0000, 0X1E, 0x2b45, 0X1, 0x4dea, 0X1, 0x4549, 0X1, 0x4569, 0X53, 0x4549, 0X1, 0x4daa, 0X1, 
0x4dca, 0X1, 0x3407, 0X1, 0x08e1, 0X1, 0x0000, 0X1D, 0x1a44, 0X1, 0x4dca, 0X1, 0x4549, 0X1, 0x4569, 0X54, 0x4549, 0X2, 0x4dca, 0X1, 0x4d89, 0X1, 0x2b45, 0X1, 0x08e1, 0X1, 0x0000, 0X7, 0x0020, 0X1, 0x0000, 0X13, 0x22a4, 0X1, 0x4dca, 0X1, 0x4549, 0X1, 0x4569, 0X2, 0x4549, 0X3, 0x4569, 0X51, 0x4549, 0X1, 0x4d89, 0X1, 0x4daa, 0X1, 0x4dea, 0X1, 0x2b45, 0X1, 0x0000, 0X5, 0x0020, 0X1, 0x2b45, 0X1, 0x0060, 0X1, 0x0000, 0X12, 0x22a4, 0X1, 0x4dea, 0X1, 0x4549, 0X1, 0x4569, 0X2, 0x4daa, 0X1, 0x4dca, 0X1, 0x4d89, 0X1, 0x4549, 0X1, 0x4569, 0X51, 0x4549, 0X1, 0x4569, 0X2, 0x4daa, 0X1, 0x2b45, 0X1, 0x0020, 0X1, 
0x0000, 0X4, 0x22a4, 0X1, 0x3407, 0X1, 0x0000, 0X12, 0x08e1, 0X1, 0x4509, 0X1, 0x4dca, 0X1, 0x4d89, 0X1, 0x4daa, 0X1, 0x3c88, 0X1, 0x2b45, 0X1, 0x4549, 0X1, 0x4dca, 0X1, 0x4569, 0X1, 0x4549, 0X1, 0x4569, 0X53, 0x4dca, 0X1, 0x3c88, 0X1, 0x22a4, 0X1, 0x11a2, 0X1, 0x0060, 0X1, 0x1a44, 0X1, 0x4d89, 0X1, 0x3c88, 0X1, 0x0000, 0X13, 0x0060, 0X1, 0x2b45, 0X1, 0x11a2, 0X1, 0x08e1, 0X1, 0x0000, 0X2, 0x0060, 0X1, 0x3407, 0X1, 0x4daa, 0X1, 0x4d89, 0X1, 0x4549, 0X1, 0x4569, 0X52, 0x4549, 0X1, 0x4daa, 0X1, 0x4dca, 0X1, 0x4daa, 0X1, 0x4d89, 0X1, 0x4daa, 0X1, 0x4dca, 0X1, 0x3c88, 0X1, 0x0020, 0X1, 0x0000, 0X19, 
0x0020, 0X1, 0x1a44, 0X1, 0x4d89, 0X1, 0x4dca, 0X1, 0x4549, 0X1, 0x4569, 0X52, 0x4549, 0X2, 0x4569, 0X2, 0x4549, 0X2, 0x4dca, 0X1, 0x1a44, 0X1, 0x0000, 0X1B, 0x08e1, 0X1, 0x3407, 0X1, 0x4dca, 0X1, 0x4549, 0X1, 0x4569, 0X56, 0x4549, 0X1, 0x4d89, 0X1, 0x4549, 0X1, 0x0060, 0X1, 0x0000, 0X1B, 0x0020, 0X1, 0x2b45, 0X1, 0x4dca, 0X1, 0x4549, 0X1, 0x4569, 0X56, 0x4549, 0X1, 0x4dca, 0X1, 0x3407, 0X1, 0x0000, 0X1C, 0x0020, 0X1, 0x3407, 0X1, 0x4daa, 0X1, 0x4549, 0X1, 0x4569, 0X56, 0x4549, 0X1, 0x4daa, 0X1, 0x1a44, 0X1, 0x0000, 0X1C, 0x1142, 0X1, 0x4d89, 0X1, 0x4569, 0X57, 0x4549, 0X1, 0x4d89, 0X1, 0x4549, 0X1, 
0x0060, 0X1, 0x0000, 0X1B, 0x1a44, 0X1, 0x4daa, 0X1, 0x4549, 0X1, 0x4569, 0X57, 0x4549, 0X1, 0x4dca, 0X1, 0x3407, 0X1, 0x0000, 0X1B, 0x1a44, 0X1, 0x4daa, 0X1, 0x4549, 0X1, 0x4569, 0X47, 0x4549, 0X1, 0x4569, 0X8, 0x4549, 0X2, 0x4569, 0X7, 0x4daa, 0X1, 0x1a44, 0X1, 0x0000, 0X1A, 0x3407, 0X1, 0x4daa, 0X1, 0x4549, 0X1, 0x4569, 0X46, 0x4549, 0X1, 0x4d89, 0X1, 0x4daa, 0X2, 0x4569, 0X1, 0x4549, 0X1, 0x4569, 0X4, 0x4dca, 0X1, 0x4daa, 0X1, 0x4569, 0X1, 0x4549, 0X1, 0x4569, 0X4, 0x4549, 0X1, 0x4d89, 0X2, 0x2b45, 0X1, 0x0020, 0X1, 0x0000, 0X17, 0x0060, 0X1, 0x4d89, 0X2, 0x4549, 0X1, 0x4569, 0X45, 0x4d89, 
0X1, 0x4daa, 0X1, 0x4d89, 0X1, 0x2b45, 0X1, 0x1a44, 0X1, 0x4daa, 0X1, 0x4d89, 0X1, 0x4549, 0X3, 0x4daa, 0X1, 0x2b45, 0X1, 0x3407, 0X1, 0x4daa, 0X1, 0x4d89, 0X1, 0x4549, 0X3, 0x4569, 0X4, 0x4dca, 0X1, 0x4509, 0X1, 0x22a4, 0X1, 0x1a44, 0X2, 0x22a4, 0X1, 0x2b45, 0X1, 0x0060, 0X1, 0x0020, 0X1, 0x1142, 0X1, 0x0000, 0XF, 0x0020, 0X1, 0x4509, 0X1, 0x4daa, 0X1, 0x4549, 0X1, 0x4569, 0X45, 0x4d89, 0X1, 0x3407, 0X1, 0x08e1, 0X1, 0x0000, 0X2, 0x1a44, 0X1, 0x4d89, 0X1, 0x4daa, 0X1, 0x4dca, 0X1, 0x4dea, 0X1, 0x3407, 0X1, 0x0000, 0X2, 0x1142, 0X1, 0x4549, 0X1, 0x4dca, 0X2, 0x4d89, 0X1, 0x4549, 0X1, 0x4569, 
0X1, 0x4549, 0X3, 0x4dca, 0X1, 0x4d89, 0X1, 0x4daa, 0X1, 0x4dea, 0X1, 0x4509, 0X1, 0x2b45, 0X1, 0x1142, 0X2, 0x0060, 0X1, 0x0000, 0X10, 0x3c88, 0X1, 0x4dca, 0X1, 0x4549, 0X1, 0x4569, 0X43, 0x4549, 0X1, 0x4dca, 0X1, 0x22a4, 0X1, 0x0000, 0X5, 0x0020, 0X1, 0x1a44, 0X1, 0x3407, 0X1, 0x22a4, 0X1, 0x0020, 0X1, 0x0000, 0X3, 0x08e1, 0X1, 0x1a44, 0X1, 0x3407, 0X1, 0x4509, 0X1, 0x4dca, 0X1, 0x4daa, 0X1, 0x4dca, 0X2, 0x4daa, 0X1, 0x4d89, 0X1, 0x4dca, 0X1, 0x4daa, 0X1, 0x2b45, 0X1, 0x0020, 0X1, 0x0000, 0X14, 0x22a4, 0X1, 0x4daa, 0X1, 0x4549, 0X1, 0x4569, 0X42, 0x4549, 0X1, 0x4daa, 0X1, 0x3c88, 0X1, 0x0060, 
0X1, 0x0000, 0X10, 0x0060, 0X1, 0x2b45, 0X1, 0x22a4, 0X1, 0x11a2, 0X1, 0x2b45, 0X1, 0x1a44, 0X1, 0x08e1, 0X1, 0x22a4, 0X1, 0x1a44, 0X1, 0x0000, 0X16, 0x0020, 0X1, 0x4509, 0X1, 0x4dca, 0X1, 0x4549, 0X2, 0x4569, 0X3, 0x4549, 0X2, 0x4569, 0X3B, 0x4549, 0X1, 0x4569, 0X1, 0x4d89, 0X1, 0x0060, 0X1, 0x0000, 0X30, 0x0020, 0X1, 0x2b45, 0X1, 0x4dca, 0X1, 0x4d89, 0X1, 0x4569, 0X2, 0x4549, 0X1, 0x4d89, 0X2, 0x4549, 0X1, 0x4569, 0X3B, 0x4d89, 0X2, 0x1a44, 0X1, 0x0000, 0X31, 0x0020, 0X1, 0x1a44, 0X1, 0x4d89, 0X1, 0x4daa, 0X2, 0x4dca, 0X1, 0x4d89, 0X1, 0x4549, 0X1, 0x4daa, 0X1, 0x4569, 0X39, 0x4549, 0X1, 0x4daa, 
0X1, 0x4509, 0X1, 0x08e1, 0X1, 0x0000, 0X34, 0x0020, 0X1, 0x08e1, 0X1, 0x22a4, 0X1, 0x3407, 0X1, 0x0060, 0X1, 0x08e1, 0X1, 0x4549, 0X1, 0x4daa, 0X1, 0x4549, 0X2, 0x4569, 0X36, 0x4549, 0X1, 0x4dca, 0X1, 0x3407, 0X1, 0x0000, 0X3C, 0x22a4, 0X1, 0x4dca, 0X1, 0x4d89, 0X1, 0x4569, 0X36, 0x4549, 0X1, 0x4dca, 0X1, 0x3407, 0X1, 0x0000, 0X3C, 0x0060, 0X1, 0x4509, 0X1, 0x4549, 0X1, 0x4d89, 0X1, 0x4549, 0X1, 0x4569, 0X34, 0x4549, 0X1, 0x4dea, 0X1, 0x22a4, 0X1, 0x0000, 0X3D, 0x0020, 0X1, 0x08e1, 0X1, 0x4509, 0X1, 0x4daa, 0X1, 0x4549, 0X1, 0x4569, 0XC, 0x4549, 0X2, 0x4569, 0X24, 0x4549, 0X1, 0x4daa, 0X1, 
0x4d89, 0X1, 0x11a2, 0X1, 0x0000, 0X3F, 0x1a44, 0X1, 0x4dca, 0X1, 0x4549, 0X1, 0x4569, 0X8, 0x4549, 0X4, 0x4daa, 0X1, 0x4d89, 0X1, 0x4569, 0X23, 0x4549, 0X1, 0x4daa, 0X1, 0x3c88, 0X1, 0x08e1, 0X1, 0x0000, 0X41, 0x3407, 0X1, 0x4dca, 0X1, 0x4549, 0X1, 0x4569, 0X4, 0x4549, 0X2, 0x4569, 0X1, 0x4daa, 0X1, 0x4dca, 0X1, 0x4daa, 0X1, 0x4dea, 0X1, 0x3c88, 0X1, 0x4549, 0X1, 0x4daa, 0X1, 0x4569, 0X1F, 0x4549, 0X1, 0x4569, 0X1, 0x4549, 0X1, 0x4daa, 0X1, 0x4509, 0X1, 0x0060, 0X1, 0x0000, 0X42, 0x08e1, 0X1, 0x4549, 0X1, 0x4dea, 0X1, 0x4549, 0X3, 0x4569, 0X1, 0x4dca, 0X1, 0x4d89, 0X2, 0x3407, 0X1, 0x1a44, 0X1, 
0x3c88, 0X1, 0x2b45, 0X1, 0x0060, 0X1, 0x08e1, 0X1, 0x4d89, 0X1, 0x4569, 0XB, 0x4549, 0X5, 0x4569, 0XF, 0x4d89, 0X1, 0x4569, 0X2, 0x4d89, 0X1, 0x08e1, 0X1, 0x0000, 0X44, 0x08e1, 0X1, 0x3c88, 0X1, 0x4d89, 0X1, 0x4dca, 0X2, 0x4daa, 0X1, 0x2b45, 0X1, 0x3c88, 0X1, 0x4daa, 0X1, 0x0020, 0X1, 0x0000, 0X1, 0x0020, 0X1, 0x0000, 0X2, 0x0020, 0X1, 0x3407, 0X1, 0x4dca, 0X1, 0x4549, 0X1, 0x4569, 0X6, 0x4549, 0X2, 0x4569, 0X1, 0x4d89, 0X2, 0x4daa, 0X1, 0x4dca, 0X1, 0x4d89, 0X1, 0x4569, 0XE, 0x4d89, 0X2, 0x4daa, 0X2, 0x4d89, 0X1, 0x0020, 0X1, 0x0000, 0X45, 0x0020, 0X1, 0x3407, 0X2, 0x1a44, 0X2, 0x0000, 0X1, 0x0020, 0X1, 0x1a44, 0X1, 0x0000, 0X5, 0x2b45, 0X1, 0x4daa, 0X1, 0x4549, 0X3, 0x4569, 0X5, 0x4d89, 0X1, 0x4daa, 0X2, 0x4d89, 0X1, 0x4549, 0X1, 0x4509, 
0X1, 0x2b45, 0X1, 0x3c88, 0X1, 0x4daa, 0X1, 0x4549, 0X1, 0x4569, 0X8, 0x4549, 0X2, 0x4569, 0X1, 0x4daa, 0X1, 0x1a44, 0X1, 0x0020, 0X1, 0x22a4, 0X1, 0x4549, 0X1, 0x4509, 0X1, 0x0000, 0X47, 0x0020, 0X1, 0x0000, 0XB, 0x4daa, 0X1, 0x4569, 0X2, 0x4daa, 0X2, 0x4569, 0X4, 0x4d89, 0X2, 0x2b45, 0X1, 0x1142, 0X1, 0x0060, 0X2, 0x0000, 0X2, 0x08e1, 0X1, 0x4daa, 0X1, 0x4549, 0X1, 0x4569, 0X7, 0x4549, 0X1, 0x4d89, 0X1, 0x4dca, 0X1, 0x4daa, 0X1, 0x3407, 0X1, 0x0020, 0X1, 0x0000, 0X2, 0x08e1, 0X1, 0x1142, 0X1, 0x0000, 0X53, 0x4549, 0X1, 0x4daa, 0X2, 0x3c88, 0X2, 0x4daa, 0X1, 0x4549, 0X2, 0x4569, 0X1, 0x4daa, 0X1, 0x1a44, 0X1, 0x0000, 0X6, 0x22a4, 0X1, 0x4dea, 0X1, 0x4569, 0X1, 0x4549, 0X2, 0x4569, 0X5, 0x4daa, 0X1, 0x4549, 0X1, 0x2b45, 0X1, 0x08e1, 0X1, 
0x0000, 0X59, 0x08e1, 0X1, 0x4509, 0X1, 0x1a44, 0X1, 0x0000, 0X1, 0x0020, 0X1, 0x3407, 0X1, 0x4dca, 0X1, 0x4569, 0X1, 0x4549, 0X1, 0x4daa, 0X1, 0x22a4, 0X1, 0x0000, 0X6, 0x1a44, 0X1, 0x3c88, 0X1, 0x4d89, 0X1, 0x4dca, 0X1, 0x4daa, 0X1, 0x4569, 0X3, 0x4549, 0X1, 0x4d89, 0X1, 0x3c88, 0X1, 0x08e1, 0X1, 0x0000, 0X5C, 0x0020, 0X1, 0x0000, 0X3, 0x08e1, 0X1, 0x4549, 0X1, 0x4d89, 0X1, 0x4daa, 0X1, 0x4dea, 0X1, 0x3c88, 0X1, 0x0000, 0X8, 0x08e1, 0X1, 0x3c88, 0X1, 0x4549, 0X1, 0x4daa, 0X1, 0x4549, 0X1, 0x4569, 0X1, 0x4549, 0X1, 0x4dca, 0X1, 0x2b45, 0X1, 0x0000, 0X62, 0x0020, 0X1, 0x0060, 0X1, 0x11a2, 0X1, 0x3407, 0X1, 0x0060, 0X1, 0x0000, 0XA, 0x0060, 0X1, 0x3c88, 0X1, 0x4dea, 0X1, 0x4569, 0X2, 0x4dea, 0X1, 0x2b45, 0X1, 0x0000, 0X72, 0x08e1, 0X1, 0x4509, 0X1, 0x4daa, 0X1, 0x4d89, 0X1, 0x2b45, 0X1, 0x0000, 0X74, 0x0020, 0X1, 0x11a2, 0X1, 0x0020, 0X1, 0x0000, 0X32
};
#define LCD_HUE_SIZE 2060

static const uint16_t lcd_longan[1800] = { 
0x0000, 0X92, 0x2126, 0X1, 0x31a9, 0X1, 0x0000, 0X71, 0x0020, 0X1, 0x4a6e, 0X1, 0x73d5, 0X1, 0x8417, 0X1, 0x7bf6, 0X1, 0x8438, 0X2, 0x0862, 0X1, 0x0000, 0X2D, 0x0862, 0X1, 0x31a9, 0X1, 0x6b74, 0X1, 0x4a6d, 0X1, 0x0020, 0X1, 0x0000, 0X3D, 0x0862, 0X1, 0x73d5, 0X1, 0x8c59, 0X1, 0x8458, 0X1, 0x8438, 0X2, 0x7c17, 0X1, 0x8c59, 0X1, 0x4a6e, 0X1, 0x0000, 0X2D, 0x0862, 0X1, 0x6352, 0X1, 0x8c9a, 0X1, 0x8c59, 0X1, 0x7bf6, 0X1, 0x4a6e, 0X1, 0x0020, 0X1, 0x0000, 
0X39, 0x0021, 0X1, 0x31a9, 0X1, 0x7bf6, 0X1, 0x8458, 0X1, 0x7c17, 0X5, 0x8438, 0X1, 0x7bf6, 0X1, 0x0020, 0X1, 0x0000, 0X2D, 0x0020, 0X1, 0x8417, 0X1, 0x7c17, 0X1, 0x8438, 0X1, 0x8c59, 0X1, 0x6b74, 0X1, 0x2106, 0X1, 0x0000, 0X36, 0x0021, 0X1, 0x2106, 0X1, 0x6352, 0X1, 0x8438, 0X2, 0x7c17, 0X7, 0x8458, 0X1, 0x6b74, 0X1, 0x0021, 0X1, 0x0000, 0X28, 0x0862, 0X2, 0x0021, 0X1, 0x0000, 0X1, 0x2126, 0X1, 0x8438, 0X1, 0x7c17, 0X3, 0x8458, 0X1, 0x8438, 0X1, 
0x39ca, 0X1, 0x0000, 0X31, 0x0021, 0X1, 0x2126, 0X1, 0x4a6d, 0X1, 0x6b74, 0X1, 0x7bf6, 0X1, 0x8438, 0X1, 0x8c59, 0X1, 0x7c17, 0XA, 0x8c59, 0X1, 0x39ca, 0X1, 0x0000, 0X1F, 0x0862, 0X1, 0x4a6e, 0X1, 0x0000, 0X4, 0x0862, 0X1, 0x31a9, 0X1, 0x6352, 0X1, 0x8438, 0X2, 0x73d5, 0X1, 0x6b74, 0X1, 0x8417, 0X1, 0x8438, 0X1, 0x7c17, 0X4, 0x8438, 0X1, 0x8417, 0X1, 0x0862, 0X1, 0x0000, 0X2D, 0x0020, 0X1, 0x31a9, 0X1, 0x5af0, 0X1, 0x7bf6, 0X1, 0x8438, 0X1, 0x8c59, 
0X1, 0x8458, 0X1, 0x8438, 0X1, 0x7c17, 0XC, 0x8438, 0X1, 0x73d5, 0X1, 0x0020, 0X1, 0x0000, 0X1E, 0x2126, 0X1, 0x8c9a, 0X1, 0x2106, 0X1, 0x0020, 0X1, 0x2126, 0X1, 0x6b74, 0X1, 0x8417, 0X1, 0x8c59, 0X2, 0x7c17, 0X2, 0x8458, 0X2, 0x7c17, 0X7, 0x8458, 0X1, 0x6b74, 0X1, 0x5af0, 0X1, 0x6b74, 0X1, 0x73d5, 0X1, 0x6b74, 0X1, 0x2106, 0X1, 0x0000, 0X24, 0x0862, 0X1, 0x4a6e, 0X1, 0x6b74, 0X1, 0x73d5, 0X1, 0x8417, 0X1, 0x8458, 0X1, 0x8c59, 0X1, 0x8438, 0X1, 
0x7c17, 0X11, 0x8c59, 0X1, 0x6352, 0X1, 0x0021, 0X1, 0x0000, 0X1D, 0x0021, 0X1, 0x8417, 0X2, 0x73d5, 0X1, 0x8438, 0X1, 0x8c59, 0X1, 0x7c17, 0XF, 0x8458, 0X1, 0x8c59, 0X2, 0x8458, 0X2, 0x8438, 0X1, 0x39ca, 0X1, 0x0000, 0X20, 0x39ca, 0X1, 0x6b74, 0X2, 0x8417, 0X1, 0x8c59, 0X2, 0x8458, 0X1, 0x8438, 0X1, 0x7c17, 0X15, 0x8c59, 0X1, 0x4a6e, 0X1, 0x0000, 0X1E, 0x6b74, 0X1, 0x8c59, 0X1, 0x8438, 0X1, 0x7c17, 0X16, 0x8438, 0X1, 0x8458, 0X1, 0x5af0, 0X1, 0x0020, 0X1, 0x0000, 0X1E, 0x2126, 0X1, 0x8c59, 0X2, 0x7c17, 0X1B, 0x8438, 0X1, 0x2106, 0X1, 0x0000, 0X1C, 0x0021, 0X1, 0x6b74, 0X1, 0x8458, 0X1, 
0x7c17, 0X19, 0x8c59, 0X1, 0x73d5, 0X1, 0x39ca, 0X1, 0x0020, 0X1, 0x0000, 0X1D, 0x4a6e, 0X1, 0x7bf6, 0X1, 0x8458, 0X2, 0x7c17, 0X19, 0x8438, 0X1, 0x7bf6, 0X1, 0x0862, 0X1, 0x0000, 0X1B, 0x39ca, 0X1, 0x8458, 0X1, 0x7c17, 0X1B, 0x8458, 0X2, 0x73d5, 0X1, 0x39ca, 0X1, 0x0021, 0X1, 0x0000, 0X1C, 0x0020, 0X1, 0x39ca, 0X1, 0x6b74, 0X1, 0x8458, 0X2, 0x7c17, 0X18, 0x8c59, 0X1, 0x6352, 0X1, 0x0000, 0X8, 0x0862, 0X1, 0x0020, 0X1, 0x0000, 0X11, 0x6352, 0X1, 0x8c59, 0X1, 0x7c17, 0X1D, 0x8458, 0X1, 0x8c59, 0X1, 0x73d5, 0X1, 0x39ca, 0X1, 0x0020, 0X1, 0x0000, 0X1C, 0x0020, 0X1, 0x39ca, 0X1, 0x73d5, 0X1, 
0x8458, 0X1, 0x7c17, 0X18, 0x8458, 0X1, 0x31a9, 0X1, 0x0000, 0X7, 0x0862, 0X1, 0x4a6e, 0X1, 0x0020, 0X1, 0x0000, 0X10, 0x0862, 0X1, 0x7bf6, 0X1, 0x8458, 0X1, 0x7c17, 0X1E, 0x8458, 0X2, 0x73d5, 0X1, 0x2106, 0X1, 0x0000, 0X1D, 0x0021, 0X1, 0x4a6d, 0X1, 0x8458, 0X1, 0x7c17, 0X17, 0x8c59, 0X1, 0x39ca, 0X1, 0x0000, 0X8, 0x4a6d, 0X1, 0x73d5, 0X1, 0x0020, 0X1, 0x0000, 0X10, 0x2106, 0X1, 0x8438, 0X1, 0x7c17, 0X20, 0x8c9a, 0X1, 0x4a6d, 0X1, 0x0000, 0X1E, 0x0021, 0X1, 0x73d5, 0X1, 0x8458, 0X1, 0x7c17, 0X15, 0x8458, 0X1, 0x73d5, 0X1, 0x0021, 0X1, 0x0000, 0X8, 0x31a9, 0X1, 0x8c9a, 0X1, 0x6b74, 0X1, 0x0020, 
0X1, 0x0000, 0X10, 0x5af0, 0X1, 0x8c59, 0X1, 0x7c17, 0X1F, 0x8438, 0X1, 0x2126, 0X1, 0x0000, 0X1F, 0x31a9, 0X1, 0x8c59, 0X1, 0x7c17, 0X15, 0x8c59, 0X1, 0x31a9, 0X1, 0x0000, 0X8, 0x39ca, 0X1, 0x8417, 0X1, 0x7c17, 0X1, 0x8c59, 0X1, 0x6b74, 0X1, 0x0020, 0X1, 0x0000, 0XF, 0x0862, 0X1, 0x7bf6, 0X1, 0x8438, 0X1, 0x7c17, 0X1D, 0x8438, 0X1, 0x7bf6, 0X1, 0x0021, 0X1, 0x0000, 0X20, 0x73d5, 0X1, 0x8458, 0X1, 0x7c17, 0X14, 0x8438, 0X1, 0x4a6e, 0X1, 0x0862, 0X1, 0x0000, 0X6, 0x4a6e, 0X1, 0x8c59, 0X1, 0x8438, 0X1, 0x7c17, 0X2, 0x8c59, 0X1, 0x6b74, 0X1, 0x0020, 0X1, 0x0000, 0XF, 0x4a6d, 0X1, 0x8c59, 0X1, 0x7c17, 
0X1D, 0x8c59, 0X1, 0x6b74, 0X1, 0x0000, 0X21, 0x31a9, 0X1, 0x8c59, 0X1, 0x7c17, 0X15, 0x8c59, 0X1, 0x8438, 0X1, 0x6b74, 0X1, 0x31a9, 0X1, 0x0020, 0X1, 0x0000, 0X3, 0x31a9, 0X1, 0x8458, 0X1, 0x7c17, 0X4, 0x8c59, 0X1, 0x6b74, 0X1, 0x0862, 0X1, 0x0000, 0XE, 0x0020, 0X1, 0x7bf6, 0X1, 0x8438, 0X1, 0x7c17, 0X1C, 0x8c59, 0X1, 0x4a6d, 0X1, 0x0000, 0X22, 0x6b74, 0X1, 0x8458, 0X1, 0x7c17, 0X16, 0x8458, 0X2, 0x7bf6, 0X1, 0x5af0, 0X1, 0x4a6d, 0X1, 0x2126, 0X1, 0x2106, 0X1, 0x7c17, 0X6, 0x8c59, 0X1, 0x8417, 0X1, 0x39ca, 0X1, 0x0000, 0XE, 0x4a6d, 0X1, 0x8c59, 0X1, 0x7c17, 0X1C, 0x8438, 0X1, 0x2126, 0X1, 0x0000, 
0X21, 0x2106, 0X1, 0x73d5, 0X1, 0x8438, 0X1, 0x7c17, 0X18, 0x8438, 0X1, 0x8c59, 0X2, 0x8458, 0X1, 0x8438, 0X1, 0x7c17, 0X7, 0x8438, 0X1, 0x8458, 0X1, 0x5af0, 0X1, 0x0020, 0X1, 0x0000, 0XC, 0x31a9, 0X1, 0x8c59, 0X1, 0x7c17, 0X1B, 0x8438, 0X1, 0x7bf6, 0X1, 0x0021, 0X1, 0x0000, 0X21, 0x0020, 0X1, 0x6352, 0X1, 0x8c59, 0X1, 0x7c17, 0X26, 0x8c59, 0X1, 0x73d5, 0X1, 0x2106, 0X1, 0x0000, 0XB, 0x2106, 0X1, 0x8458, 0X1, 0x7c17, 0X1B, 0x8458, 0X1, 0x6b74, 0X1, 0x0000, 0X23, 0x0020, 0X1, 0x6352, 0X1, 0x8c59, 0X1, 0x7c17, 0X26, 0x8458, 0X1, 0x8438, 0X1, 0x5af0, 0X1, 0x31a9, 0X1, 0x2126, 0X1, 0x2968, 0X2, 0x2106, 
0X1, 0x31a9, 0X1, 0x2968, 0X1, 0x4a6e, 0X1, 0x2106, 0X1, 0x0000, 0X1, 0x2968, 0X1, 0x8458, 0X1, 0x7c17, 0X1B, 0x8c59, 0X1, 0x4a6d, 0X1, 0x0000, 0X24, 0x0021, 0X1, 0x5af0, 0X1, 0x8c59, 0X1, 0x7c17, 0X27, 0x8c59, 0X2, 0x8458, 0X1, 0x8438, 0X1, 0x8458, 0X3, 0x8c59, 0X2, 0x8438, 0X1, 0x31a9, 0X1, 0x0862, 0X1, 0x8438, 0X1, 0x7c17, 0X1B, 0x8c59, 0X1, 0x2126, 0X1, 0x0000, 0X26, 0x4a6e, 0X1, 0x8c59, 0X1, 0x7c17, 0X2F, 0x8438, 0X1, 0x7c17, 0X1, 0x6b74, 0X1, 0x7c17, 0X1B, 0x8c59, 0X1, 0x6352, 0X1, 0x0021, 0X1, 0x0000, 0X27, 0x4a6e, 0X1, 0x8438, 0X1, 0x7c17, 0X30, 0x8458, 0X1, 0x7c17, 0X19, 0x8438, 0X1, 
0x8458, 0X1, 0x4a6e, 0X1, 0x0021, 0X1, 0x0000, 0X29, 0x39ca, 0X1, 0x8438, 0X1, 0x7c17, 0X49, 0x7bf6, 0X1, 0x39ca, 0X1, 0x0000, 0X2C, 0x39ca, 0X1, 0x8458, 0X1, 0x8438, 0X1, 0x7c17, 0X46, 0x8c59, 0X1, 0x39ca, 0X1, 0x0000, 0X2E, 0x39ca, 0X1, 0x8438, 0X2, 0x7c17, 0X45, 0x8438, 0X1, 0x73d5, 0X1, 0x0862, 0X1, 0x0000, 0X2E, 0x2106, 0X1, 0x8417, 0X1, 0x8438, 0X1, 0x7c17, 0X45, 0x8c59, 0X1, 0x73d5, 0X1, 0x0020, 0X1, 0x0000, 0X2E, 0x2106, 0X1, 0x8417, 0X1, 0x8458, 0X1, 0x7c17, 0X45, 0x8458, 0X1, 0x6b74, 0X1, 0x4a6d, 0X1, 0x0020, 0X2, 0x0000, 0X2C, 0x2106, 0X1, 0x7bf6, 0X1, 0x8458, 0X1, 0x7c17, 
0X45, 0x8458, 0X1, 0x8c59, 0X1, 0x73d5, 0X1, 0x7bf6, 0X1, 0x2106, 0X1, 0x0000, 0X2C, 0x0862, 0X1, 0x73d5, 0X1, 0x8458, 0X1, 0x7c17, 0X46, 0x8438, 0X1, 0x8c59, 0X1, 0x31a9, 0X1, 0x0000, 0X2D, 0x0862, 0X1, 0x73d5, 0X1, 0x8c59, 0X1, 0x7c17, 0X46, 0x8458, 0X1, 0x5af0, 0X1, 0x0021, 0X1, 0x0000, 0X2D, 0x0862, 0X1, 0x73d5, 0X1, 0x8c59, 0X1, 0x7c17, 0X47, 0x6b74, 0X1, 0x2126, 0X1, 0x0000, 0X2D, 0x0020, 0X1, 0x6b74, 0X1, 0x8c9a, 0X1, 0x8458, 0X1, 0x8438, 0X1, 0x7c17, 0X44, 0x8c9a, 0X1, 0x5af0, 0X1, 0x0000, 0X2E, 0x0020, 0X1, 0x4a6e, 0X1, 0x6b74, 0X1, 0x7bf6, 0X1, 0x8c59, 0X1, 0x8438, 0X1, 0x7c17, 0X42, 
0x8458, 0X1, 0x39ca, 0X1, 0x0000, 0X31, 0x0020, 0X1, 0x4a6d, 0X1, 0x7bf6, 0X1, 0x8458, 0X1, 0x7c17, 0X41, 0x8438, 0X1, 0x6b74, 0X1, 0x31a9, 0X1, 0x4a6d, 0X1, 0x39ca, 0X2, 0x5af0, 0X2, 0x0000, 0X6, 0x2126, 0X1, 0x31a9, 0X1, 0x2106, 0X1, 0x0000, 0X24, 0x0862, 0X1, 0x6352, 0X1, 0x8c59, 0X1, 0x7c17, 0X41, 0x8458, 0X5, 0x8c59, 0X2, 0x39ca, 0X1, 0x0000, 0X2, 0x0862, 0X1, 0x2106, 0X1, 0x5af0, 0X1, 0x8c59, 0X1, 0x8458, 0X1, 0x8c59, 0X1, 0x6352, 0X1, 0x0000, 0X24, 0x0862, 0X1, 0x73d5, 0X1, 0x8458, 0X1, 0x7c17, 0X46, 0x8438, 0X1, 0x7bf6, 0X1, 0x0020, 0X1, 0x31a9, 0X1, 0x73d5, 0X1, 0x8c59, 0X1, 0x8458, 0X1, 
0x7c17, 0X3, 0x8c59, 0X1, 0x2106, 0X1, 0x0000, 0X24, 0x2106, 0X1, 0x8438, 0X1, 0x7c17, 0X48, 0x7bf6, 0X1, 0x8438, 0X1, 0x8458, 0X1, 0x7c17, 0X5, 0x8458, 0X1, 0x2126, 0X1, 0x0000, 0X25, 0x39ca, 0X1, 0x8c59, 0X1, 0x7c17, 0X47, 0x8438, 0X1, 0x7c17, 0X6, 0x8c59, 0X1, 0x4a6d, 0X1, 0x0020, 0X1, 0x0000, 0X26, 0x6352, 0X1, 0x8c59, 0X1, 0x7c17, 0X1B, 0x8438, 0X5, 0x8458, 0X1, 0x8c59, 0X4, 0x8458, 0X1, 0x8438, 0X1, 0x7c17, 0X26, 0x8c59, 0X1, 0x31a9, 0X1, 0x0000, 0X27, 0x0020, 0X1, 0x73d5, 0X1, 0x8458, 0X1, 0x7c17, 0X13, 0x8458, 0X3, 0x8438, 0X2, 0x7c17, 0X2, 0x7bf6, 0X5, 0x6b74, 0X2, 0x5af0, 0X1, 0x4a6d, 0X1, 
0x31a9, 0X1, 0x39ca, 0X1, 0x73d5, 0X1, 0x8c59, 0X1, 0x8438, 0X1, 0x7c17, 0X24, 0x8458, 0X1, 0x6b74, 0X1, 0x0020, 0X1, 0x0000, 0X27, 0x2106, 0X1, 0x8438, 0X1, 0x7c17, 0X13, 0x4a6d, 0X1, 0x2968, 0X2, 0x2126, 0X1, 0x2106, 0X1, 0x0021, 0X1, 0x0000, 0X1, 0x0021, 0X1, 0x0020, 0X1, 0x0021, 0X1, 0x0020, 0X1, 0x0000, 0X7, 0x0862, 0X1, 0x73d5, 0X1, 0x8417, 0X1, 0x8438, 0X1, 0x7c17, 0X24, 0x8438, 0X1, 0x5af0, 0X1, 0x2106, 0X1, 0x0000, 0X27, 0x39ca, 0X1, 0x8c59, 0X1, 0x7c17, 0X10, 0x8438, 0X1, 0x8417, 0X1, 0x0000, 0X13, 0x0021, 0X1, 0x0862, 0X1, 0x4a6d, 0X1, 0x8c59, 0X1, 0x7c17, 0X24, 0x8c9a, 0X1, 0x4a6e, 0X1, 
0x0000, 0X28, 0x5af0, 0X1, 0x8c9a, 0X1, 0x7c17, 0X1, 0x8438, 0X1, 0x7c17, 0XE, 0x8417, 0X1, 0x0021, 0X1, 0x0000, 0X15, 0x5af0, 0X1, 0x8c59, 0X1, 0x7c17, 0X23, 0x8c59, 0X1, 0x4a6d, 0X1, 0x0000, 0X28, 0x0020, 0X1, 0x6b74, 0X1, 0x8417, 0X1, 0x7bf6, 0X1, 0x8438, 0X3, 0x8c59, 0X5, 0x8458, 0X2, 0x8438, 0X2, 0x7c17, 0X3, 0x0862, 0X1, 0x0000, 0X15, 0x0021, 0X1, 0x4a6e, 0X1, 0x8438, 0X1, 0x7c17, 0X22, 0x8c59, 0X1, 0x6b74, 0X1, 0x0000, 0X2B, 0x0862, 0X1, 0x0021, 0X1, 0x2968, 0X1, 0x2106, 0X1, 0x2968, 0X1, 0x31a9, 0X1, 0x39ca, 0X1, 0x4a6d, 0X1, 0x5af0, 0X1, 0x6b74, 0X1, 0x73d5, 0X1, 0x7bf6, 0X1, 0x8417, 0X1, 0x8438, 0X1, 0x8458, 0X1, 0x8c59, 0X1, 0x2106, 0X1, 0x0000, 0X16, 0x0862, 0X1, 0x8c59, 0X1, 0x8458, 0X1, 0x7c17, 0X21, 0x8438, 0X1, 0x7bf6, 0X1, 
0x0021, 0X1, 0x0000, 0X34, 0x0021, 0X1, 0x0000, 0X1, 0x0862, 0X1, 0x0021, 0X1, 0x2106, 0X1, 0x2968, 0X1, 0x0021, 0X1, 0x0000, 0X17, 0x39ca, 0X1, 0x6b74, 0X1, 0x8438, 0X1, 0x7c17, 0X21, 0x7bf6, 0X1, 0x0862, 0X1, 0x0000, 0X53, 0x2106, 0X1, 0x8458, 0X1, 0x7c17, 0X20, 0x8c59, 0X1, 0x7bf6, 0X1, 0x0000, 0X54, 0x0021, 0X1, 0x8417, 0X1, 0x7c17, 0X1, 0x8458, 0X1, 0x8c59, 0X1, 0x7c17, 0X1C, 0x8458, 0X1, 0x8438, 0X1, 0x4a6e, 0X1, 0x0000, 0X54, 0x0020, 0X1, 0x73d5, 0X1, 0x8c9a, 0X1, 0x4a6e, 0X1, 0x4a6d, 0X1, 0x8438, 0X2, 0x7c17, 0X12, 0x8438, 0X4, 0x7c17, 0X3, 0x8458, 0X1, 0x73d5, 0X1, 0x2106, 0X1, 0x0000, 0X56, 0x2106, 0X1, 0x4a6e, 0X1, 0x0021, 0X1, 0x0000, 0X1, 0x39ca, 0X1, 0x8438, 0X2, 0x7c17, 0X10, 0x8458, 0X1, 0x73d5, 0X1, 0x2106, 0X1, 0x31a9, 0X1, 0x8438, 
0X1, 0x7c17, 0X2, 0x8c59, 0X1, 0x73d5, 0X1, 0x0862, 0X1, 0x0000, 0X5C, 0x2106, 0X1, 0x7bf6, 0X1, 0x8c59, 0X1, 0x7c17, 0XF, 0x8c59, 0X1, 0x39ca, 0X1, 0x0000, 0X2, 0x73d5, 0X1, 0x8438, 0X2, 0x73d5, 0X1, 0x0862, 0X1, 0x0000, 0X5E, 0x2126, 0X1, 0x7bf6, 0X1, 0x7c17, 0XE, 0x8c59, 0X1, 0x8438, 0X1, 0x0862, 0X1, 0x0000, 0X2, 0x6b74, 0X1, 0x8438, 0X2, 0x2106, 0X1, 0x0000, 0X5F, 0x0020, 0X1, 0x5af0, 0X1, 0x8458, 0X1, 0x7c17, 0X5, 0x8438, 0X1, 0x7c17, 0X4, 0x8438, 0X1, 0x8c59, 0X1, 0x8438, 0X1, 0x6352, 0X1, 0x2126, 0X1, 0x0000, 0X3, 0x6b74, 0X1, 0x8c9a, 0X1, 0x5af0, 0X1, 0x0000, 0X5F, 0x0862, 0X1, 0x6b74, 0X1, 0x8458, 0X1, 0x7c17, 0X4, 0x8458, 0X2, 0x7bf6, 0X1, 0x8458, 0X1, 0x8c59, 0X1, 0x8438, 0X1, 0x7c17, 0X1, 0x73d5, 0X1, 0x5af0, 0X1, 0x39ca, 0X1, 
0x0021, 0X1, 0x0000, 0X4, 0x0862, 0X1, 0x39ca, 0X1, 0x0000, 0X5F, 0x39ca, 0X1, 0x8438, 0X1, 0x8c9a, 0X1, 0x7c17, 0X4, 0x8c59, 0X1, 0x6352, 0X1, 0x39ca, 0X1, 0x0862, 0X1, 0x4a6e, 0X2, 0x73d5, 0X1, 0x8c9a, 0X1, 0x6352, 0X1, 0x0020, 0X1, 0x0000, 0X67, 0x2126, 0X1, 0x6b74, 0X1, 0x6352, 0X1, 0x7bf6, 0X1, 0x8438, 0X1, 0x7c17, 0X1, 0x8458, 0X1, 0x4a6e, 0X1, 0x0020, 0X1, 0x0000, 0X4, 0x2106, 0X1, 0x73d5, 0X1, 0x4a6e, 0X1, 0x0000, 0X69, 0x0021, 0X1, 0x0000, 0X1, 0x0862, 0X1, 0x73d5, 0X1, 0x8438, 0X1, 0x39ca, 0X1, 0x0000, 0X74, 0x0020, 0X1, 0x0862, 0X2, 0x0000, 0X92
};

static const uint16_t lcd_nghean[2368] = { 
0x0000, 0XB8, 0x7370, 0X1, 0x8c13, 0X2, 0x1082, 0X1, 0x0000, 0X73, 0x0841, 0X1, 0xce1d, 0X1, 0xdebf, 0X1, 0xde7f, 0X1, 0xad39, 0X1, 0x62cd, 0X1, 0x0000, 0X70, 0x0020, 0X1, 0x4a4a, 0X1, 0xbd9a, 0X1, 0xd63e, 0X1, 0xc5fc, 0X2, 0xd65e, 0X1, 0xde7f, 0X1, 0x8c13, 0X1, 0x2105, 0X1, 0x0000, 0X6D, 0x39a8, 0X1, 0xbd9a, 0X1, 0xd65e, 0X1, 0xd63e, 0X1, 0xc5fc, 0X1, 0xcdfc, 0X2, 0xc5fc, 0X2, 0xd65e, 0X2, 0xa4d7, 0X1, 0x2105, 0X1, 0x0020, 0X1, 0x39a8, 0X1, 0x4a4a, 
0X1, 0x1082, 0X1, 0x0000, 0X67, 0x8c13, 0X1, 0xdebf, 0X1, 0xc5fc, 0X2, 0xcdfc, 0X5, 0xc5fc, 0X2, 0xd65e, 0X1, 0xc5fc, 0X2, 0xd63e, 0X1, 0xd65e, 0X1, 0xc5fc, 0X1, 0x7370, 0X1, 0x62cd, 0X1, 0x2105, 0X1, 0x0000, 0X64, 0x8c13, 0X1, 0xd65e, 0X1, 0xc5fc, 0X1, 0xcdfc, 0X8, 0xc5fc, 0X1, 0xce1d, 0X2, 0xc5fc, 0X2, 0xce1d, 0X1, 0xd65e, 0X1, 0xdebf, 0X1, 0xad39, 0X1, 0x0000, 0X64, 0xa4d7, 0X1, 0xd65e, 0X1, 0xc5fc, 0X1, 0xcdfc, 0X9, 0xc5fc, 0X2, 0xcdfc, 0X2, 0xc5fc, 0X3, 0xce1d, 0X1, 0x39a8, 0X1, 0x0000, 0X63, 0x7370, 0X1, 0xd65e, 0X1, 0xc5fc, 0X1, 0xcdfc, 0XE, 0xc5fc, 0X1, 0xcdfc, 0X1, 0xde7f, 0X1, 0x9495, 
0X1, 0x0000, 0X62, 0x0020, 0X1, 0xad39, 0X1, 0xd65e, 0X1, 0xc5fc, 0X1, 0xcdfc, 0XD, 0xc5fc, 0X1, 0xde7f, 0X1, 0x8c13, 0X1, 0x39a8, 0X1, 0x2105, 0X1, 0x0000, 0X63, 0x8c13, 0X1, 0xd65e, 0X1, 0xc5fc, 0X1, 0xcdfc, 0XC, 0xc5fc, 0X1, 0xce1d, 0X1, 0xc5bb, 0X1, 0x2105, 0X1, 0x0000, 0X64, 0x2105, 0X1, 0xce1d, 0X1, 0xcdfc, 0X1, 0xc5fc, 0X1, 0xcdfc, 0XC, 0xc5fc, 0X1, 0xde7f, 0X1, 0x62cd, 0X1, 0x0000, 0X65, 0x18c3, 0X1, 0xce1d, 0X1, 0xcdfc, 0XE, 0xc5fc, 0X1, 0xd63e, 0X1, 0x39a8, 0X1, 0x0000, 0X62, 0x0020, 0X1, 0x39a8, 0X1, 0x1082, 0X1, 0x8c13, 0X1, 0xd63e, 0X1, 0xc5fc, 0X1, 0xcdfc, 0XD, 0xc5fc, 0X1, 0xd65e, 
0X1, 0x4a4a, 0X1, 0x0000, 0X61, 0x39a8, 0X1, 0xc5bb, 0X1, 0xd65e, 0X1, 0xce1d, 0X1, 0xd63e, 0X1, 0xcdfc, 0XF, 0xc5fc, 0X1, 0xde7f, 0X1, 0x8c13, 0X1, 0x0000, 0X5E, 0x1082, 0X1, 0x18c3, 0X1, 0x0841, 0X1, 0xad39, 0X1, 0xde7f, 0X1, 0xc5fc, 0X1, 0xcdfc, 0X1, 0xc5fc, 0X1, 0xcdfc, 0XF, 0xc5fc, 0X1, 0xde7f, 0X1, 0x8c13, 0X1, 0x0000, 0X5D, 0x0841, 0X1, 0xc5bb, 0X1, 0xc5fc, 0X1, 0xc5bb, 0X1, 0xce1d, 0X1, 0xc5fc, 0X1, 0xcdfc, 0X1, 0xc5fc, 0X1, 0xcdfc, 0X10, 0xc5fc, 0X1, 0xd65e, 0X1, 0xa4d7, 0X1, 0x0020, 0X1, 0x0000, 0X5B, 0x0841, 0X1, 0xad39, 0X1, 0xde7f, 0X1, 0xcdfc, 0X1, 0xce1d, 0X1, 0xc5fc, 0X1, 0xcdfc, 
0X14, 0xc5fc, 0X1, 0xd65e, 0X1, 0xa4d7, 0X1, 0x0020, 0X1, 0x0000, 0X3D, 0x18c3, 0X1, 0x39a8, 0X1, 0x2105, 0X1, 0x0000, 0X9, 0x0841, 0X1, 0x0000, 0XF, 0x2105, 0X1, 0xc5bb, 0X1, 0xd65e, 0X1, 0xc5fc, 0X3, 0xcdfc, 0X15, 0xc5fc, 0X1, 0xce1d, 0X1, 0xc5bb, 0X1, 0x1082, 0X1, 0x0000, 0X3A, 0x4a4a, 0X1, 0x62cd, 0X1, 0x8c13, 0X1, 0xc5bb, 0X1, 0xd65e, 0X1, 0xd63e, 0X1, 0xc5bb, 0X1, 0x8c13, 0X1, 0x9495, 0X1, 0x4a4a, 0X1, 0x0000, 0X1, 0x1082, 0X1, 0x7370, 0X1, 0x9495, 0X1, 0xa4d7, 0X1, 0xbd9a, 0X1, 0x0000, 0XF, 0x62cd, 0X1, 0xde7f, 0X1, 0xc5fc, 0X1, 0xcdfc, 0X19, 0xc5fc, 0X1, 0xd65e, 0X1, 0x4a4a, 0X1, 0x0000, 0X35, 0x2105, 0X1, 0x0000, 0X4, 0xa4d7, 0X1, 0xdebf, 0X1, 0xd65e, 0X1, 0xce1d, 0X1, 0xc5fc, 0X1, 0xcdfc, 0X1, 0xd63e, 0X1, 0xd65e, 0X1, 0xdebf, 0X1, 
0xa4d7, 0X1, 0x2105, 0X1, 0xad39, 0X1, 0xdebf, 0X1, 0xd65e, 0X3, 0x62cd, 0X1, 0x0841, 0X1, 0x0000, 0XD, 0x9495, 0X1, 0xd65e, 0X1, 0xc5fc, 0X1, 0xcdfc, 0X19, 0xc5fc, 0X1, 0xce1d, 0X1, 0xc5bb, 0X1, 0x8c13, 0X1, 0x2105, 0X1, 0x0000, 0X32, 0x4a4a, 0X1, 0xd65e, 0X1, 0xa4d7, 0X1, 0x7370, 0X2, 0xa4d7, 0X1, 0xc5fc, 0X4, 0xcdfc, 0X2, 0xc5fc, 0X2, 0xcdfc, 0X1, 0xc5bb, 0X1, 0xc5fc, 0X1, 0xd65e, 0X1, 0xc5fc, 0X4, 0xde7f, 0X1, 0xa4d7, 0X1, 0x0020, 0X2, 0x0000, 0XA, 0x4a4a, 0X1, 0xce1d, 0X2, 0xc5fc, 0X1, 0xcdfc, 0X1A, 0xc5fc, 0X1, 0xce1d, 0X1, 0xde7f, 0X1, 0xce1d, 0X1, 0x62cd, 0X1, 0x0000, 0X1, 0x0020, 0X1, 
0x0000, 0X2F, 0x39a8, 0X1, 0xce1d, 0X1, 0xd65e, 0X1, 0xde7f, 0X2, 0xd65e, 0X1, 0xcdfc, 0X8, 0xc5fc, 0X1, 0xce1d, 0X2, 0xc5fc, 0X1, 0xcdfc, 0X4, 0xc5fc, 0X1, 0xce1d, 0X1, 0xbd9a, 0X1, 0xc5fc, 0X1, 0x9495, 0X1, 0x0000, 0X9, 0x7370, 0X1, 0xde7f, 0X1, 0xc5fc, 0X1, 0xcdfc, 0X1C, 0xc5fc, 0X2, 0xd63e, 0X1, 0xce1d, 0X1, 0xa4d7, 0X1, 0xbd9a, 0X1, 0x1082, 0X1, 0x0000, 0X2E, 0x62cd, 0X1, 0xd65e, 0X1, 0xc5fc, 0X4, 0xcdfc, 0X9, 0xc5fc, 0X2, 0xcdfc, 0X6, 0xc5fc, 0X1, 0xd63e, 0X1, 0xce1d, 0X1, 0xd63e, 0X1, 0x4a4a, 0X1, 0x0000, 0X3, 0x0020, 0X1, 0x8c13, 0X1, 0xa4d7, 0X1, 0x7370, 0X1, 0x2105, 0X1, 0xa4d7, 0X1, 
0xd63e, 0X1, 0xc5fc, 0X1, 0xcdfc, 0X1D, 0xc5fc, 0X2, 0xcdfc, 0X1, 0xd63e, 0X1, 0xdebf, 0X1, 0x7370, 0X1, 0x0000, 0X2E, 0x2105, 0X1, 0xc5fc, 0X1, 0xd63e, 0X1, 0xc5fc, 0X1, 0xcdfc, 0X14, 0xc5fc, 0X2, 0xcdfc, 0X1, 0xce1d, 0X1, 0xa4d7, 0X1, 0x9495, 0X1, 0x8c13, 0X1, 0xa4d7, 0X1, 0xde7f, 0X1, 0xd65e, 0X2, 0xce1d, 0X1, 0xd63e, 0X1, 0xc5fc, 0X1, 0xcdfc, 0X21, 0xc5fc, 0X1, 0xce1d, 0X1, 0xc5bb, 0X1, 0x2105, 0X1, 0x0000, 0X2E, 0x4a4a, 0X1, 0xd65e, 0X1, 0xce1d, 0X1, 0xc5fc, 0X1, 0xcdfc, 0X17, 0xd65e, 0X4, 0xc5fc, 0X3, 0xcdfc, 0X1, 0xc5fc, 0X1, 0xcdfc, 0X23, 0xc5fc, 0X1, 0xd65e, 0X1, 0x4a4a, 0X1, 0x0000, 0X2F, 0x2105, 0X1, 0xc5bb, 0X1, 0xce1d, 0X1, 0xc5fc, 0X1, 0xcdfc, 0X15, 0xc5fc, 0X5, 0xcdfc, 0X28, 0xc5fc, 0X1, 0xd65e, 0X1, 0x62cd, 0X1, 0x0000, 0X30, 
0xad39, 0X1, 0xd65e, 0X1, 0xc5fc, 0X1, 0xcdfc, 0X41, 0xc5fc, 0X1, 0xce1d, 0X2, 0x2105, 0X1, 0x0000, 0X30, 0x9495, 0X1, 0xd65e, 0X1, 0xc5fc, 0X1, 0xcdfc, 0X41, 0xc5fc, 0X1, 0xd63e, 0X1, 0xbd9a, 0X1, 0x0000, 0X4, 0x1082, 0X1, 0x0000, 0X2C, 0xa4d7, 0X1, 0xde7f, 0X1, 0xc5fc, 0X1, 0xcdfc, 0X41, 0xc5fc, 0X1, 0xd65e, 0X1, 0xad39, 0X1, 0x0000, 0X4, 0xad39, 0X1, 0x62cd, 0X1, 0x0000, 0X2B, 0x2105, 0X1, 0xc5fc, 0X1, 0xce1d, 0X1, 0xc5fc, 0X1, 0xcdfc, 0X40, 0xc5fc, 0X1, 0xce1d, 0X1, 0xc5fc, 0X1, 0x1082, 0X1, 0x0000, 0X2, 0x7370, 0X1, 0xdebf, 0X1, 0x62cd, 0X1, 0x0000, 0X2A, 0x18c3, 0X1, 0x39a8, 0X1, 0xc5fc, 0X1, 0xce1d, 0X1, 0xc5fc, 0X1, 0xcdfc, 0X41, 0xc5fc, 0X1, 0xd63e, 0X1, 0x7370, 0X1, 0x0000, 0X1, 0x4a4a, 0X1, 0xd65e, 0X1, 0xce1d, 0X1, 0xbd9a, 0X1, 0x0841, 
0X1, 0x0000, 0X29, 0xbd9a, 0X1, 0xd65e, 0X1, 0xce1d, 0X1, 0xc5fc, 0X1, 0xcdfc, 0X44, 0xce1d, 0X1, 0x7370, 0X1, 0xc5bb, 0X1, 0xd63e, 0X1, 0xc5fc, 0X1, 0xde7f, 0X1, 0xa4d7, 0X1, 0x0000, 0X28, 0x62cd, 0X1, 0xd63e, 0X1, 0xc5fc, 0X2, 0xcdfc, 0X46, 0xd65e, 0X1, 0xce1d, 0X1, 0xc5fc, 0X1, 0xcdfc, 0X1, 0xc5fc, 0X1, 0xd63e, 0X1, 0x2105, 0X1, 0x0020, 0X1, 0x1082, 0X1, 0x0000, 0X4, 0x4a4a, 0X2, 0x0000, 0X1F, 0xad39, 0X1, 0xd65e, 0X1, 0xc5fc, 0X1, 0xcdfc, 0X47, 0xc5fc, 0X2, 0xcdfc, 0X3, 0xce1d, 0X1, 0xad39, 0X2, 0xce1d, 0X1, 0x4a4a, 0X1, 0x62cd, 0X1, 0xad39, 0X1, 0xa4d7, 0X1, 0xd65e, 0X1, 0xdebf, 0X1, 0x4a4a, 0X1, 0x0000, 0X1D, 0x0020, 0X1, 0xad39, 0X1, 0xd65e, 0X1, 0xc5fc, 0X1, 0xcdfc, 0X4D, 0xd65e, 0X2, 0xd63e, 0X1, 0xce1d, 0X2, 0xd65e, 0X2, 0xc5fc, 0X1, 
0xd63e, 0X1, 0xad39, 0X1, 0x0020, 0X1, 0x0000, 0X19, 0x0020, 0X1, 0x8c13, 0X1, 0xad39, 0X1, 0x9495, 0X1, 0xc5fc, 0X1, 0xce1d, 0X1, 0xc5fc, 0X1, 0xcdfc, 0X4D, 0xc5fc, 0X7, 0xcdfc, 0X1, 0xc5fc, 0X1, 0xde7f, 0X1, 0x8c13, 0X1, 0x0000, 0X16, 0x1082, 0X1, 0x7370, 0X1, 0xad39, 0X2, 0xde7f, 0X1, 0xd65e, 0X2, 0xce1d, 0X1, 0xc5fc, 0X1, 0xcdfc, 0X57, 0xc5fc, 0X1, 0xd63e, 0X1, 0x7370, 0X1, 0x0000, 0X15, 0x9495, 0X1, 0xdebf, 0X1, 0xd63e, 0X2, 0xc5fc, 0X4, 0xcdfc, 0X58, 0xc5fc, 0X1, 0xce1d, 0X2, 0x18c3, 0X1, 0x0000, 0X1, 0x39a8, 0X1, 0x0000, 0X11, 0x0841, 0X1, 0xc5bb, 0X1, 0xce1d, 0X1, 0xc5fc, 0X2, 0xcdfc, 0X5D, 0xc5fc, 0X1, 0xcdfc, 0X1, 0xbd9a, 0X1, 0xa4d7, 0X1, 0xc5fc, 0X1, 0x39a8, 0X1, 0x0000, 0XF, 0x4a4a, 0X1, 0xbd9a, 0X1, 0xd63e, 0X1, 0xc5fc, 0X1, 0xcdfc, 
0X60, 0xc5fc, 0X1, 0xd63e, 0X1, 0xd65e, 0X1, 0xd63e, 0X1, 0xce1d, 0X1, 0x4a4a, 0X1, 0x0000, 0XB, 0x1082, 0X1, 0x7370, 0X1, 0x9495, 0X1, 0xd65e, 0X1, 0xd63e, 0X1, 0xc5fc, 0X1, 0xcdfc, 0X62, 0xc5fc, 0X3, 0xd65e, 0X1, 0xc5bb, 0X1, 0x0841, 0X1, 0x0000, 0XA, 0x7370, 0X1, 0xa4d7, 0X1, 0xc5fc, 0X1, 0xce1d, 0X1, 0xc5fc, 0X1, 0xcdfc, 0X65, 0xc5fc, 0X1, 0xce1d, 0X1, 0xc5bb, 0X1, 0x62cd, 0X1, 0x0000, 0X2, 0x0020, 0X1, 0x62cd, 0X1, 0x0020, 0X1, 0x0000, 0X7, 0x2105, 0X1, 0xd65e, 0X1, 0xce1d, 0X1, 0xc5fc, 0X1, 0xcdfc, 0X65, 0xc5fc, 0X1, 0xce1d, 0X1, 0xd65e, 0X1, 0x9495, 0X2, 0xc5bb, 0X1, 0xd65e, 0X1, 0x8c13, 0X1, 0x1082, 0X1, 0x4a4a, 0X1, 0x2105, 0X1, 0x0000, 0X5, 0x62cd, 0X1, 0xce1d, 0X2, 0xc5fc, 0X7, 0xcdfc, 0X5F, 0xc5fc, 0X2, 0xd65e, 0X2, 0xd63e, 0X1, 
0xc5fc, 0X1, 0xd65e, 0X1, 0xce1d, 0X1, 0xad39, 0X1, 0x4a4a, 0X1, 0x0000, 0X6, 0x4a4a, 0X1, 0xce1d, 0X1, 0xde7f, 0X1, 0xce1d, 0X1, 0xd63e, 0X1, 0xd65e, 0X1, 0xde7f, 0X1, 0xd65e, 0X1, 0xd63e, 0X1, 0xc5fc, 0X2, 0xcdfc, 0X5F, 0xc5fc, 0X4, 0xce1d, 0X1, 0xad39, 0X1, 0x0020, 0X1, 0x0000, 0X8, 0x2105, 0X1, 0x8c13, 0X1, 0xc5bb, 0X2, 0x9495, 0X1, 0x8c13, 0X1, 0x7370, 0X1, 0xad39, 0X1, 0xd65e, 0X1, 0xce1d, 0X1, 0xc5fc, 0X2, 0xcdfc, 0X5F, 0xc5fc, 0X1, 0xce1d, 0X1, 0xdebf, 0X1, 0x8c13, 0X1, 0x0000, 0XB, 0x0020, 0X1, 0x0000, 0X4, 0x0020, 0X1, 0x8c13, 0X1, 0xc5bb, 0X1, 0xce1d, 0X2, 0xc5fc, 0X3, 0xcdfc, 0X5B, 
0xc5fc, 0X1, 0xce1d, 0X1, 0xc5bb, 0X1, 0x62cd, 0X1, 0x2105, 0X1, 0x0000, 0X12, 0x0841, 0X1, 0x9495, 0X1, 0xd63e, 0X2, 0xd65e, 0X1, 0xce1d, 0X1, 0xc5fc, 0X1, 0xcdfc, 0X5A, 0xc5fc, 0X1, 0xd65e, 0X1, 0x4a4a, 0X1, 0x0000, 0X16, 0x2105, 0X1, 0x39a8, 0X1, 0x62cd, 0X1, 0xc5fc, 0X1, 0xcdfc, 0X1, 0xc5fc, 0X1, 0xcdfc, 0X59, 0xce1d, 0X2, 0x18c3, 0X1, 0x0000, 0X19, 0x7370, 0X1, 0xdebf, 0X1, 0xcdfc, 0X1, 0xc5fc, 0X1, 0xcdfc, 0X57, 0xc5fc, 0X1, 0xd63e, 0X1, 0xc5bb, 0X1, 0x0020, 0X1, 0x0000, 0X19, 0x1082, 0X1, 0x9495, 0X1, 0xc5bb, 0X1, 0xce1d, 0X1, 0xc5fc, 0X2, 0xcdfc, 0X55, 0xc5fc, 0X1, 0xce1d, 0X1, 0xc5fc, 0X1, 0x0020, 0X1, 0x0000, 0X1B, 0x8c13, 0X1, 0xd65e, 0X1, 0xc5fc, 0X1, 0xcdfc, 0X1, 0xc5fc, 0X2, 0xcdfc, 0X53, 0xc5fc, 0X1, 0xd63e, 0X1, 0xc5bb, 0X1, 
0x0000, 0X1B, 0x0020, 0X1, 0xc5bb, 0X1, 0xdebf, 0X1, 0xd63e, 0X1, 0xce1d, 0X1, 0xd65e, 0X1, 0xce1d, 0X1, 0xc5fc, 0X1, 0xcdfc, 0X50, 0xc5fc, 0X3, 0xce1d, 0X1, 0xbd9a, 0X1, 0x0000, 0X1C, 0x4a4a, 0X1, 0x62cd, 0X1, 0x39a8, 0X1, 0x2105, 0X1, 0x62cd, 0X1, 0xc5fc, 0X1, 0xcdfc, 0X1, 0xc5fc, 0X3, 0xcdfc, 0X4C, 0xc5fc, 0X1, 0xce1d, 0X1, 0xde7f, 0X1, 0xd63e, 0X1, 0xde7f, 0X1, 0xce1d, 0X1, 0x0841, 0X1, 0x0000, 0X20, 0x8c13, 0X1, 0xdebf, 0X1, 0xd63e, 0X2, 0xcdfc, 0X1, 0xc5fc, 0X1, 0xcdfc, 0X4A, 0xc5fc, 0X1, 0xd63e, 0X1, 0xce1d, 0X1, 0x8c13, 0X1, 0xad39, 0X2, 0x4a4a, 0X1, 0x0020, 0X1, 0x0000, 0X21, 0x4a4a, 0X1, 
0xad39, 0X1, 0xc5bb, 0X1, 0xcdfc, 0X1, 0xd65e, 0X1, 0xcdfc, 0X49, 0xc5fc, 0X1, 0xce1d, 0X2, 0x39a8, 0X1, 0x0000, 0X1, 0x0841, 0X1, 0x0020, 0X1, 0x0000, 0X26, 0x39a8, 0X1, 0xad39, 0X1, 0xc5fc, 0X1, 0xcdfc, 0X48, 0xc5fc, 0X1, 0xde7f, 0X1, 0x7370, 0X1, 0x0000, 0X2C, 0xa4d7, 0X1, 0xde7f, 0X1, 0xc5fc, 0X1, 0xcdfc, 0X45, 0xc5fc, 0X1, 0xd63e, 0X1, 0xc5bb, 0X1, 0x0020, 0X1, 0x0000, 0X2C, 0x4a4a, 0X1, 0xce1d, 0X1, 0xcdfc, 0X1, 0xc5fc, 0X2, 0xcdfc, 0X1, 0xc5fc, 0X1, 0xcdfc, 0X41, 0xc5fc, 0X1, 0xd65e, 0X1, 0x7370, 0X1, 0x0000, 0X2E, 0x62cd, 0X1, 0xde7f, 0X1, 0xcdfc, 0X1, 0xd63e, 0X1, 0xce1d, 0X1, 0xd63e, 0X1, 
0xc5fc, 0X2, 0xcdfc, 0X3F, 0xc5fc, 0X1, 0xd63e, 0X1, 0x39a8, 0X1, 0x0000, 0X2E, 0x0020, 0X1, 0x9495, 0X1, 0xde7f, 0X1, 0x8c13, 0X1, 0x2105, 0X1, 0xa4d7, 0X1, 0xdebf, 0X1, 0xd63e, 0X1, 0xcdfc, 0X3F, 0xc5fc, 0X1, 0xd63e, 0X1, 0x18c3, 0X1, 0x0000, 0X30, 0x2105, 0X1, 0x0000, 0X2, 0x1082, 0X1, 0x7370, 0X1, 0x9495, 0X1, 0xd63e, 0X1, 0xc5fc, 0X1, 0xcdfc, 0X3C, 0xc5fc, 0X1, 0xce1d, 0X1, 0xc5fc, 0X1, 0x18c3, 0X1, 0x0000, 0X35, 0x0841, 0X1, 0xce1d, 0X1, 0xcdfc, 0X1, 0xc5fc, 0X1, 0xcdfc, 0X3D, 0xce1d, 0X1, 0x18c3, 0X1, 0x0000, 0X35, 0x0020, 0X1, 0xa4d7, 0X1, 0xd65e, 0X1, 0xc5fc, 0X1, 0xcdfc, 0X3C, 0xc5fc, 0X1, 0xd63e, 0X1, 0x39a8, 0X1, 0x0000, 0X36, 0x1082, 0X1, 0xbd9a, 0X1, 0xd63e, 0X1, 0xc5fc, 0X2, 0xcdfc, 0X3A, 0xc5fc, 0X1, 0xd65e, 0X1, 0x7370, 0X1, 0x0000, 
0X37, 0x4a4a, 0X1, 0xde7f, 0X1, 0xd65e, 0X1, 0xce1d, 0X1, 0xc5fc, 0X1, 0xcdfc, 0X39, 0xc5fc, 0X1, 0xd65e, 0X1, 0xa4d7, 0X1, 0x0000, 0X38, 0x4a4a, 0X1, 0xa4d7, 0X1, 0xc5fc, 0X1, 0xcdfc, 0X1, 0xc5fc, 0X1, 0xcdfc, 0X38, 0xc5fc, 0X1, 0xce1d, 0X1, 0xc5fc, 0X1, 0x0841, 0X1, 0x0000, 0X39, 0x1082, 0X1, 0xc5fc, 0X1, 0xde7f, 0X1, 0xc5fc, 0X1, 0xcdfc, 0X38, 0xc5fc, 0X1, 0xd63e, 0X1, 0xbd9a, 0X1, 0x39a8, 0X1, 0x0000, 0X39, 0x39a8, 0X1, 0xa4d7, 0X1, 0xd63e, 0X1, 0xc5fc, 0X1, 0xcdfc, 0X38, 0xc5fc, 0X1, 0xd63e, 0X1, 0xd65e, 0X1, 0xbd9a, 0X1, 0x62cd, 0X1, 0x0000, 0X39, 0x8c13, 0X1, 0xdebf, 0X1, 0xce1d, 0X1, 0xcdfc, 
0X1, 0xc5fc, 0X1, 0xcdfc, 0X36, 0xc5fc, 0X2, 0xd63e, 0X1, 0xd65e, 0X1, 0x4a4a, 0X1, 0x0000, 0X39, 0x62cd, 0X1, 0x39a8, 0X1, 0x9495, 0X1, 0xdebf, 0X1, 0xc5fc, 0X3, 0xcdfc, 0X35, 0xc5fc, 0X1, 0xce1d, 0X2, 0x1082, 0X1, 0x0000, 0X3A, 0x2105, 0X1, 0xad39, 0X1, 0xde7f, 0X1, 0xd65e, 0X2, 0xc5fc, 0X9, 0xcdfc, 0X2D, 0xc5fc, 0X1, 0xd63e, 0X1, 0x39a8, 0X1, 0x0000, 0X3B, 0x0841, 0X1, 0xa4d7, 0X1, 0x9495, 0X2, 0xde7f, 0X1, 0xd65e, 0X1, 0xde7f, 0X1, 0xd65e, 0X2, 0xde7f, 0X1, 0xd65e, 0X1, 0xd63e, 0X2, 0xc5fc, 0X1, 0xcdfc, 0X2C, 0xc5fc, 0X1, 0xd65e, 0X1, 0x9495, 0X1, 0x0000, 0X3F, 0x8c13, 0X1, 0x9495, 0X1, 0x7370, 0X1, 0xad39, 0X1, 0xa4d7, 0X1, 0x7370, 0X1, 0x62cd, 0X1, 0x4a4a, 0X1, 0xc5bb, 0X1, 0xd63e, 0X1, 0xc5fc, 0X1, 0xcdfc, 0X2, 0xc5fc, 0X2, 0xcdfc, 0X28, 
0xc5fc, 0X1, 0xd65e, 0X1, 0x62cd, 0X1, 0x0000, 0X41, 0x0020, 0X1, 0x0000, 0X4, 0x2105, 0X1, 0xc5fc, 0X1, 0xce1d, 0X1, 0xcdfc, 0X1, 0xc5fc, 0X1, 0xce1d, 0X1, 0xcdfc, 0X1, 0xc5fc, 0X1, 0xcdfc, 0X29, 0xd65e, 0X1, 0x4a4a, 0X1, 0x0000, 0X45, 0x0020, 0X1, 0xc5bb, 0X1, 0xde7f, 0X1, 0xce1d, 0X1, 0xd63e, 0X1, 0xc5bb, 0X1, 0xc5fc, 0X1, 0xd65e, 0X1, 0xcdfc, 0X1, 0xc5fc, 0X1, 0xcdfc, 0X1, 0xc5fc, 0X2, 0xcdfc, 0X22, 0xc5fc, 0X1, 0xce1d, 0X1, 0xc5bb, 0X1, 0x4a4a, 0X1, 0x0000, 0X46, 0x39a8, 0X2, 0x2105, 0X1, 0x39a8, 0X1, 0x2105, 0X1, 0x9495, 0X1, 0xc5bb, 0X1, 0xc5fc, 0X1, 0xcdfc, 0X1, 0xc5fc, 0X1, 0xce1d, 0X1, 0xd63e, 0X1, 0xc5fc, 0X1, 0xcdfc, 0X21, 0xc5fc, 0X1, 0xd65e, 0X1, 0xa4d7, 0X1, 0x0000, 0X4C, 0x0020, 0X1, 0x0841, 0X1, 0xa4d7, 0X1, 0xdebf, 0X1, 0xd65e, 
0X1, 0xc5bb, 0X1, 0xbd9a, 0X1, 0xce1d, 0X1, 0xcdfc, 0X21, 0xc5fc, 0X1, 0xcdfc, 0X1, 0xce1d, 0X1, 0x2105, 0X1, 0x0000, 0X4D, 0x4a4a, 0X2, 0x62cd, 0X1, 0x1082, 0X1, 0x0000, 0X1, 0x8c13, 0X1, 0xd65e, 0X1, 0xc5fc, 0X1, 0xcdfc, 0X1F, 0xc5fc, 0X2, 0xd65e, 0X1, 0x7370, 0X1, 0x0000, 0X52, 0x8c13, 0X1, 0xde7f, 0X1, 0xc5fc, 0X2, 0xcdfc, 0X1F, 0xd65e, 0X1, 0xde7f, 0X1, 0xce1d, 0X1, 0x1082, 0X1, 0x0000, 0X51, 0x2105, 0X1, 0x8c13, 0X1, 0xd65e, 0X1, 0xce1d, 0X1, 0xc5fc, 0X1, 0xcdfc, 0X1E, 0x8c13, 0X1, 0x7370, 0X1, 0x9495, 0X1, 0x1082, 0X1, 0x0000, 0X53, 0x39a8, 0X1, 0xbd9a, 0X1, 0xce1d, 0X1, 0xc5fc, 0X1, 0xcdfc, 0X1, 0xc5fc, 0X3, 0xcdfc, 0XA, 0xc5fc, 0X2, 0xcdfc, 0XA, 0xc5fc, 0X1, 0xd65e, 0X1, 0xbd9a, 0X1, 0x0000, 0X58, 0x39a8, 0X1, 0xce1d, 0X1, 0xc5fc, 0X2, 0xd65e, 0X3, 0xcdfc, 0X1, 0xc5fc, 0X1, 0xcdfc, 0X6, 0xc5fc, 0X2, 0xcdfc, 0X1, 0xce1d, 0X1, 0xc5fc, 0X2, 0xcdfc, 0X7, 0xc5fc, 0X1, 0xcdfc, 0X1, 0xce1d, 
0X1, 0x62cd, 0X1, 0x0000, 0X58, 0x62cd, 0X1, 0xde7f, 0X1, 0xcdfc, 0X1, 0xd65e, 0X1, 0xad39, 0X1, 0x7370, 0X1, 0x8c13, 0X1, 0xce1d, 0X1, 0xde7f, 0X1, 0xc5fc, 0X6, 0xce1d, 0X1, 0xde7f, 0X1, 0xcdfc, 0X1, 0xce1d, 0X1, 0xd63e, 0X1, 0xce1d, 0X1, 0xc5fc, 0X1, 0xcdfc, 0X6, 0xc5fc, 0X1, 0xd65e, 0X1, 0x7370, 0X1, 0x0000, 0X59, 0x4a4a, 0X1, 0xc5fc, 0X2, 0x62cd, 0X1, 0x0020, 0X1, 0x0000, 0X1, 0x0020, 0X1, 0x62cd, 0X1, 0xa4d7, 0X1, 0xd63e, 0X1, 0xd65e, 0X1, 0xce1d, 0X1, 0xd63e, 0X1, 0xd65e, 0X1, 0xde7f, 0X1, 0xc5bb, 0X1, 0xa4d7, 0X1, 0x39a8, 0X1, 0x2105, 0X1, 0x62cd, 0X1, 0xce1d, 0X1, 0xcdfc, 0X1, 0xc5fc, 0X1, 0xcdfc, 0X1, 0xc5fc, 0X1, 0xcdfc, 0X1, 0xc5fc, 0X2, 0xce1d, 0X1, 0xdebf, 0X1, 0x7370, 0X1, 0x0000, 0X5B, 0x2105, 0X1, 0x0000, 0X6, 0x62cd, 0X1, 
0xbd9a, 0X1, 0xce1d, 0X1, 0xc5fc, 0X1, 0x9495, 0X1, 0x8c13, 0X1, 0x2105, 0X1, 0x0000, 0X4, 0x9495, 0X1, 0xd65e, 0X1, 0xc5fc, 0X2, 0xd65e, 0X1, 0xd63e, 0X1, 0xd65e, 0X1, 0xde7f, 0X1, 0xc5bb, 0X2, 0x4a4a, 0X1, 0x0000, 0X64, 0x1082, 0X1, 0x0020, 0X1, 0x0000, 0X7, 0x2105, 0X1, 0xce1d, 0X1, 0xde7f, 0X2, 0x9495, 0X1, 0x39a8, 0X1, 0x7370, 0X1, 0xa4d7, 0X1, 0x1082, 0X1, 0x0020, 0X1, 0x0000, 0X6F, 0x62cd, 0X2, 0x39a8, 0X1, 0x0000, 0X3, 0x0020, 0X1, 0x0000, 0X83
};

static const uint16_t lcd_khanhhoa[3404] = { 
0x0000, 0XBB, 0x0840, 0X1, 0x0000, 0X61, 0x0820, 0X1, 0x6b20, 0X1, 0xce00, 0X1, 0x0820, 0X1, 0x0000, 0X5F, 0x5280, 0X1, 0xff80, 0X1, 0xffa0, 0X1, 0xffe0, 0X1, 0xc5c0, 0X1, 0x18e0, 0X1, 0x0000, 0X5A, 0x0820, 0X1, 0x0000, 0X1, 0x5280, 0X1, 0xf720, 0X1, 0xffa0, 0X1, 0xffe0, 0X1, 0xffc0, 0X2, 0xffa0, 0X1, 0x5280, 0X1, 0x0000, 0X53, 0x6b20, 0X1, 0x5280, 0X1, 0x0820, 0X1, 0x0000, 0X1, 0x2120, 0X1, 0xad00, 0X1, 0xe6c0, 0X1, 0xd640, 0X1, 0x9ca0, 0X1, 
0xffa0, 0X1, 0xffe0, 0X1, 0xff80, 0X1, 0xffc0, 0X1, 0xbd80, 0X1, 0x39c0, 0X1, 0x0820, 0X1, 0x0000, 0X49, 0x20e0, 0X1, 0x39c0, 0X1, 0x4a40, 0X1, 0x8c00, 0X1, 0x9ca0, 0X2, 0x18e0, 0X1, 0x0000, 0X3, 0x6b20, 0X1, 0xffe0, 0X1, 0xffc0, 0X1, 0xff80, 0X2, 0xffa0, 0X1, 0xffe0, 0X4, 0xffa0, 0X1, 0xff60, 0X1, 0xff80, 0X1, 0xffa0, 0X1, 0x0020, 0X1, 0x0000, 0X4B, 0xf720, 0X1, 0xffe0, 0X1, 0xffc0, 0X1, 0xffe0, 0X3, 0xc5c0, 0X1, 0x0000, 0X1, 0x0020, 0X1, 0xbd80, 0X1, 0xffe0, 0X1, 0xff80, 0X2, 0xffc0, 0X1, 0xffa0, 0X2, 0xff60, 0X4, 0xff80, 0X1, 0xff60, 0X1, 0xff80, 0X2, 0x18e0, 0X1, 0x0000, 0X4A, 0x8c00, 0X1, 0xffe0, 0X1, 0xff60, 0X1, 0xff80, 0X1, 0xff60, 0X3, 0xffc0, 0X1, 0xc5c0, 0X1, 0xe6c0, 0X1, 0xffe0, 0X1, 0xff80, 0XB, 0xffa0, 0X1, 0xffe0, 0X2, 0x4a60, 
0X1, 0x0000, 0X49, 0x0820, 0X1, 0xff80, 0X1, 0xffa0, 0X1, 0xff80, 0X6, 0xffe0, 0X1, 0xffc0, 0X1, 0xff60, 0X1, 0xff80, 0XA, 0xffe0, 0X1, 0xff80, 0X1, 0xde80, 0X1, 0xef20, 0X1, 0x39c0, 0X1, 0x0000, 0X45, 0x4a40, 0X1, 0x2920, 0X1, 0x0000, 0X2, 0xad00, 0X1, 0xffe0, 0X1, 0xff60, 0X1, 0xff80, 0X6, 0xff60, 0X1, 0xff80, 0XB, 0xffc0, 0X1, 0xe6c0, 0X1, 0x2120, 0X1, 0x0000, 0X1, 0x2120, 0X1, 0x39c0, 0X1, 0x0000, 0X44, 0x0020, 0X1, 0xff80, 0X2, 0x0840, 0X1, 0x18e0, 0X1, 0xffa0, 0X2, 0xff80, 0X12, 0xff60, 0X1, 0xffe0, 0X1, 0x8c00, 0X1, 0x0000, 0X3, 0x4a40, 0X1, 0x0000, 0X44, 0x8c00, 0X1, 0xffe0, 0X1, 0xffc0, 
0X1, 0xe6c0, 0X2, 0xffc0, 0X1, 0xff80, 0X12, 0xff60, 0X1, 0xff80, 0X1, 0xffe0, 0X1, 0x6b20, 0X1, 0x0000, 0X3, 0xc5c0, 0X1, 0x0000, 0X43, 0x0820, 0X1, 0xe6c0, 0X1, 0xffa0, 0X1, 0xff60, 0X1, 0xffc0, 0X2, 0xff80, 0X12, 0xff60, 0X1, 0xffe0, 0X1, 0xffa0, 0X1, 0xf720, 0X1, 0x20e0, 0X1, 0x0000, 0X2, 0x20e0, 0X1, 0xffa0, 0X1, 0x2120, 0X1, 0x0000, 0X41, 0x5280, 0X1, 0xe6c0, 0X1, 0xffe0, 0X1, 0xff80, 0X15, 0xff60, 0X1, 0xffe0, 0X1, 0xc5c0, 0X1, 0x39c0, 0X1, 0x0000, 0X5, 0xffa0, 0X1, 0xad00, 0X1, 0x0000, 0X41, 0xc5c0, 0X1, 0xffe0, 0X1, 0xff60, 0X1, 0xff80, 0X14, 0xff60, 0X1, 0xffe0, 0X1, 0xce00, 0X1, 0x0020, 
0X1, 0x0000, 0X6, 0x9ca0, 0X1, 0xff80, 0X1, 0x0820, 0X1, 0x0000, 0X3A, 0x2120, 0X1, 0x18e0, 0X1, 0x8c00, 0X1, 0xbd80, 0X1, 0x0020, 0X1, 0x0820, 0X1, 0xe6c0, 0X1, 0xffa0, 0X1, 0xff80, 0X14, 0xff60, 0X1, 0xffe0, 0X1, 0xf720, 0X1, 0x0840, 0X1, 0x0000, 0X7, 0x39c0, 0X1, 0xffe0, 0X1, 0x7360, 0X1, 0x0000, 0X39, 0x4a40, 0X1, 0xffe0, 0X1, 0xffa0, 0X2, 0xffe0, 0X1, 0xf720, 0X1, 0xef20, 0X1, 0xffa0, 0X1, 0xff80, 0X16, 0xef20, 0X1, 0x4a40, 0X1, 0x0000, 0X9, 0xbd80, 0X1, 0xff80, 0X1, 0x0000, 0X36, 0x0820, 0X1, 0x9ca0, 0X1, 0xe6c0, 0X1, 0xff80, 0X1, 0xffa0, 0X1, 0xff80, 0X2, 0xff60, 0X1, 0xffc0, 0X2, 0xff80, 
0X14, 0xff60, 0X1, 0xffe0, 0X1, 0xce00, 0X1, 0x0820, 0X1, 0x0000, 0XA, 0x2920, 0X1, 0xffe0, 0X1, 0x7360, 0X1, 0x0000, 0X35, 0x0840, 0X1, 0xe6c0, 0X1, 0xffe0, 0X1, 0xff80, 0X19, 0xff60, 0X2, 0xffc0, 0X1, 0xff80, 0X1, 0x2920, 0X1, 0x0000, 0XC, 0xad00, 0X1, 0xff80, 0X1, 0x0820, 0X1, 0x0000, 0X33, 0x6b20, 0X1, 0xef20, 0X1, 0xff60, 0X2, 0xff80, 0X19, 0xffc0, 0X1, 0xffe0, 0X2, 0x6b20, 0X1, 0x0000, 0XE, 0xff80, 0X1, 0xad00, 0X1, 0x0000, 0X31, 0x0020, 0X1, 0xad00, 0X1, 0xffe0, 0X2, 0xff80, 0X19, 0xffa0, 0X1, 0xffe0, 0X1, 0xe6c0, 0X1, 0xbd80, 0X1, 0x7360, 0X1, 0x0000, 0XE, 0x39c0, 0X1, 0xff80, 0X1, 0xffc0, 
0X1, 0x2920, 0X1, 0x0000, 0X30, 0x8c00, 0X1, 0xffe0, 0X1, 0xff60, 0X1, 0xff80, 0X1A, 0xffa0, 0X1, 0x8c00, 0X1, 0x0000, 0X11, 0xff80, 0X1, 0xffc0, 0X1, 0xffa0, 0X1, 0xef20, 0X1, 0x6b20, 0X1, 0x0020, 0X1, 0x0000, 0X27, 0x0840, 0X1, 0x9ca0, 0X1, 0x39c0, 0X1, 0x0000, 0X4, 0x9ca0, 0X1, 0xffe0, 0X1, 0xff60, 0X1, 0xff80, 0X18, 0xff60, 0X1, 0xffe0, 0X1, 0xad00, 0X1, 0x0020, 0X1, 0x0000, 0XE, 0x2120, 0X2, 0x5280, 0X1, 0xffa0, 0X1, 0xff60, 0X2, 0xffe0, 0X1, 0xd640, 0X1, 0x0000, 0X27, 0x8c00, 0X1, 0xf720, 0X1, 0xffe0, 0X1, 0xffc0, 0X1, 0xde80, 0X1, 0xbd80, 0X1, 0x7360, 0X1, 0xbd80, 0X1, 0xffc0, 0X1, 0xff80, 
0X1A, 0xffc0, 0X1, 0xff80, 0X1, 0x2120, 0X1, 0x0000, 0XF, 0xce00, 0X1, 0xffe0, 0X1, 0xffc0, 0X1, 0xffe0, 0X2, 0x7360, 0X1, 0xc5c0, 0X1, 0xffe0, 0X1, 0x4a40, 0X1, 0x0000, 0X23, 0x0020, 0X1, 0xce00, 0X1, 0xff80, 0X1, 0xffe0, 0X2, 0xff60, 0X1, 0xff80, 0X1, 0xffe0, 0X4, 0xff80, 0X1B, 0xffa0, 0X1, 0x5280, 0X1, 0x0000, 0X10, 0xff60, 0X1, 0xffe0, 0X1, 0x9ca0, 0X1, 0x8c00, 0X1, 0xc5c0, 0X1, 0x10a0, 0X1, 0x2920, 0X1, 0xef20, 0X1, 0xf720, 0X1, 0x0820, 0X1, 0x0000, 0X23, 0x5280, 0X1, 0xffa0, 0X1, 0xff60, 0X1, 0xff80, 0X3, 0xff60, 0X4, 0xff80, 0X19, 0xff60, 0X1, 0xffe0, 0X1, 0xc5c0, 0X1, 0x0000, 0XF, 0x0840, 
0X1, 0x10a0, 0X1, 0xe6c0, 0X1, 0xffc0, 0X1, 0x18e0, 0X1, 0x0000, 0X4, 0x7360, 0X1, 0xffe0, 0X1, 0xd640, 0X1, 0xad00, 0X1, 0x6b20, 0X1, 0x5280, 0X1, 0x0000, 0X21, 0xbd80, 0X1, 0xffe0, 0X1, 0xff60, 0X1, 0xff80, 0X1F, 0xff60, 0X1, 0xffe0, 0X1, 0xff80, 0X1, 0x0020, 0X1, 0x0000, 0XE, 0x10a0, 0X1, 0x0840, 0X1, 0x0020, 0X1, 0xf720, 0X1, 0x4a60, 0X1, 0x0000, 0X4, 0x4a60, 0X1, 0xffc0, 0X2, 0xffe0, 0X2, 0xffc0, 0X1, 0x6b20, 0X1, 0x0000, 0X20, 0xd640, 0X1, 0xffe0, 0X1, 0xff60, 0X1, 0xff80, 0X1F, 0xffe0, 0X1, 0xce00, 0X1, 0x7360, 0X1, 0x2120, 0X1, 0x0000, 0X11, 0x10a0, 0X1, 0x0840, 0X1, 0x0000, 0X4, 0x18e0, 
0X1, 0xffa0, 0X2, 0xff80, 0X1, 0x9ca0, 0X1, 0x4a60, 0X1, 0x2920, 0X1, 0x0000, 0X1F, 0x0820, 0X1, 0xef20, 0X1, 0xffc0, 0X1, 0xff80, 0X1E, 0xff60, 0X1, 0xffe0, 0X1, 0xde80, 0X1, 0x0020, 0X1, 0x0000, 0X19, 0x2120, 0X1, 0xffa0, 0X1, 0xffe0, 0X1, 0xbd80, 0X1, 0x0000, 0X21, 0x0820, 0X1, 0xd640, 0X1, 0xffe0, 0X1, 0xff80, 0X20, 0xffe0, 0X1, 0x5280, 0X1, 0x0000, 0XE, 0x4a40, 0X1, 0xce00, 0X1, 0xad00, 0X1, 0x39c0, 0X1, 0x0000, 0X7, 0x39c0, 0X1, 0x8c00, 0X1, 0xff60, 0X1, 0xffe0, 0X1, 0x9ca0, 0X1, 0x0000, 0X1E, 0x2120, 0X1, 0x39c0, 0X1, 0x18e0, 0X1, 0xbd80, 0X1, 0xffe0, 0X1, 0xff60, 0X1, 0xff80, 0X20, 0xffc0, 
0X1, 0x5280, 0X1, 0x0000, 0XD, 0x39c0, 0X1, 0xffe0, 0X4, 0xbd80, 0X1, 0x6b20, 0X1, 0xce00, 0X1, 0xf720, 0X1, 0x9ca0, 0X1, 0x0020, 0X1, 0x2920, 0X1, 0xffa0, 0X1, 0xffc0, 0X1, 0xff60, 0X1, 0xffe0, 0X1, 0x9ca0, 0X1, 0x0000, 0X1D, 0x4a40, 0X1, 0xffa0, 0X2, 0xff80, 0X1, 0xffe0, 0X1, 0xff60, 0X1, 0xff80, 0X21, 0xffa0, 0X2, 0xad00, 0X1, 0x0000, 0XC, 0x39c0, 0X1, 0xffa0, 0X1, 0xffe0, 0X1, 0xffc0, 0X1, 0xffe0, 0X4, 0xffc0, 0X1, 0xffe0, 0X1, 0x5280, 0X1, 0x0020, 0X1, 0xde80, 0X1, 0xffe0, 0X1, 0xff60, 0X1, 0xffe0, 0X1, 0xc5c0, 0X1, 0x0000, 0X1D, 0xe6c0, 0X1, 0xffe0, 0X1, 0xff60, 0X1, 0xffa0, 0X1, 0xff80, 
0X23, 0xff60, 0X1, 0xffe0, 0X1, 0xbd80, 0X1, 0x0000, 0XD, 0x39c0, 0X1, 0xad00, 0X1, 0x6b20, 0X1, 0xc5c0, 0X1, 0xffc0, 0X1, 0xff60, 0X1, 0xff80, 0X1, 0xff60, 0X1, 0xffc0, 0X1, 0x5280, 0X1, 0x0000, 0X1, 0x7360, 0X1, 0xf720, 0X1, 0xff80, 0X1, 0xffe0, 0X1, 0x8c00, 0X1, 0x0000, 0X1C, 0x20e0, 0X1, 0xffc0, 0X1, 0xffe0, 0X1, 0xff60, 0X1, 0xff80, 0X24, 0xff60, 0X1, 0xffe0, 0X1, 0x9ca0, 0X1, 0x0000, 0X10, 0x0020, 0X1, 0xef20, 0X1, 0xffc0, 0X1, 0xff60, 0X2, 0xffe0, 0X1, 0xc5c0, 0X1, 0x0000, 0X2, 0x0020, 0X1, 0x8c00, 0X1, 0xffa0, 0X1, 0x0020, 0X1, 0x0000, 0X1D, 0x9ca0, 0X1, 0xef20, 0X1, 0xffe0, 0X1, 0xffa0, 
0X1, 0xff80, 0X23, 0xff60, 0X1, 0xffe0, 0X1, 0xde80, 0X1, 0x0000, 0X3, 0x0820, 0X1, 0x0000, 0XD, 0xce00, 0X1, 0xffe0, 0X2, 0xff80, 0X2, 0xffe0, 0X1, 0x9ca0, 0X1, 0x0000, 0X2, 0x9ca0, 0X1, 0xffe0, 0X1, 0x7360, 0X1, 0x0000, 0X1E, 0x0820, 0X1, 0xc5c0, 0X1, 0xffa0, 0X1, 0xff80, 0X23, 0xff60, 0X1, 0xffe0, 0X1, 0x8c00, 0X1, 0x0000, 0X2, 0x39c0, 0X1, 0xff80, 0X1, 0x9ca0, 0X1, 0x0000, 0XD, 0x5280, 0X1, 0xde80, 0X1, 0xffe0, 0X1, 0xff60, 0X1, 0xffe0, 0X1, 0xde80, 0X1, 0x0000, 0X2, 0xad00, 0X1, 0xffe0, 0X1, 0xe6c0, 0X1, 0x0000, 0X20, 0x4a40, 0X1, 0xffc0, 0X1, 0xff80, 0X22, 0xffe0, 0X1, 0xf720, 0X1, 0x0020, 
0X1, 0x0000, 0X1, 0x0820, 0X1, 0xd640, 0X1, 0xffe0, 0X1, 0xad00, 0X1, 0x0000, 0XF, 0xad00, 0X1, 0xffe0, 0X2, 0xf720, 0X1, 0x0020, 0X1, 0x0000, 0X1, 0x2120, 0X1, 0xad00, 0X1, 0xff80, 0X1, 0x39c0, 0X1, 0x0000, 0X1F, 0x0820, 0X1, 0xff80, 0X1, 0xffa0, 0X1, 0xff80, 0X21, 0xffc0, 0X1, 0xef20, 0X1, 0x39c0, 0X1, 0x4a60, 0X1, 0xc5c0, 0X1, 0xffe0, 0X1, 0xc5c0, 0X1, 0x0000, 0X10, 0x0020, 0X1, 0x9ca0, 0X1, 0xd640, 0X1, 0xffc0, 0X1, 0x4a40, 0X1, 0x0000, 0X3, 0x8c00, 0X1, 0x39c0, 0X1, 0x0000, 0X1F, 0x0020, 0X1, 0xf720, 0X1, 0xffe0, 0X1, 0xff60, 0X1, 0xff80, 0X21, 0xffa0, 0X2, 0xffe0, 0X1, 0xffc0, 0X1, 0xffe0, 
0X1, 0x7360, 0X1, 0x0000, 0X12, 0x0820, 0X1, 0xde80, 0X1, 0xffe0, 0X1, 0x6b20, 0X1, 0x0000, 0X2, 0x0020, 0X1, 0x0000, 0X20, 0x2120, 0X1, 0xffc0, 0X1, 0xff80, 0X26, 0xff60, 0X1, 0xffc0, 0X1, 0x39c0, 0X1, 0x0000, 0X13, 0x0840, 0X1, 0xc5c0, 0X1, 0x8c00, 0X1, 0x0000, 0X22, 0x0020, 0X1, 0xbd80, 0X1, 0xffe0, 0X1, 0xff60, 0X1, 0xff80, 0X26, 0xffc0, 0X1, 0x20e0, 0X1, 0x0000, 0X38, 0xce00, 0X1, 0xffe0, 0X1, 0xff60, 0X1, 0xff80, 0X27, 0xffc0, 0X1, 0x39c0, 0X1, 0x0000, 0X37, 0x8c00, 0X1, 0xffe0, 0X1, 0xff60, 0X1, 0xff80, 0X28, 0xffe0, 0X1, 0x5280, 0X1, 0x0000, 0X37, 0x8c00, 0X1, 0xffe0, 0X1, 0xff80, 0X28, 0xff60, 0X1, 0xffe0, 0X1, 0xd640, 0X1, 0x0000, 0X37, 0x7360, 0X1, 0xffe0, 0X1, 0xff60, 0X1, 0xff80, 0X29, 0xffa0, 0X1, 0x18e0, 0X1, 
0x0000, 0X29, 0x2120, 0X2, 0x0000, 0XA, 0x0840, 0X1, 0xef20, 0X1, 0xffc0, 0X1, 0xff80, 0X2B, 0xde80, 0X1, 0xbd80, 0X1, 0x0820, 0X1, 0x0000, 0X25, 0x7360, 0X1, 0x9ca0, 0X1, 0xffa0, 0X2, 0xbd80, 0X1, 0x0820, 0X1, 0x0000, 0X7, 0x2120, 0X1, 0xff80, 0X1, 0xffe0, 0X1, 0xff80, 0X2C, 0xffe0, 0X2, 0xe6c0, 0X1, 0x39c0, 0X1, 0x0000, 0X23, 0x20e0, 0X1, 0xffe0, 0X2, 0xff80, 0X1, 0xffa0, 0X1, 0xffe0, 0X1, 0x39c0, 0X1, 0x0000, 0X7, 0x0020, 0X1, 0x9ca0, 0X1, 0xffa0, 0X2, 0xff80, 0X2C, 0xff60, 0X1, 0xffe0, 0X2, 0x7360, 0X1, 0x39c0, 0X1, 0x0000, 0X1D, 0x6b20, 0X1, 0x39c0, 0X1, 0x0000, 0X2, 0x7360, 0X1, 0xffa0, 0X1, 0xff60, 0X1, 0xff80, 0X1, 0xff60, 0X1, 0xffc0, 0X1, 0xbd80, 0X1, 0x6b20, 0X1, 0x9ca0, 0X1, 0x0000, 0X7, 0x5280, 0X1, 0xffc0, 0X1, 0xff80, 0X2D, 
0xff60, 0X1, 0xffa0, 0X2, 0xffe0, 0X1, 0xbd80, 0X1, 0x0020, 0X1, 0x0000, 0X19, 0x20e0, 0X1, 0xd640, 0X1, 0xffe0, 0X1, 0xffa0, 0X1, 0xe6c0, 0X1, 0xde80, 0X1, 0xffa0, 0X1, 0xff80, 0X5, 0xffe0, 0X3, 0xad00, 0X1, 0x0820, 0X1, 0x0000, 0X5, 0x5280, 0X1, 0xffc0, 0X1, 0xff80, 0X23, 0xff60, 0X2, 0xff80, 0XC, 0xffe0, 0X1, 0x39c0, 0X1, 0x0000, 0X19, 0x4a40, 0X1, 0xffe0, 0X1, 0xff60, 0X1, 0xff80, 0X1, 0xffe0, 0X2, 0xff80, 0X6, 0xff60, 0X1, 0xff80, 0X1, 0xff60, 0X1, 0xffe0, 0X1, 0xf720, 0X1, 0x2920, 0X1, 0x0000, 0X3, 0x0820, 0X1, 0xf720, 0X1, 0xffc0, 0X1, 0xff80, 0X23, 0xffe0, 0X2, 0xff60, 0X1, 0xff80, 0XA, 0xffa0, 0X1, 0xef20, 0X1, 0x0000, 0X19, 0x0820, 0X1, 0xde80, 0X1, 0xffa0, 0X1, 0xff80, 0X2, 0xff60, 0X2, 0xff80, 0XA, 0xffc0, 0X1, 0xffa0, 0X1, 0xde80, 
0X1, 0x6b20, 0X1, 0x0020, 0X1, 0x39c0, 0X1, 0xffe0, 0X1, 0xff80, 0X23, 0xffc0, 0X1, 0xd640, 0X1, 0xce00, 0X1, 0xffe0, 0X1, 0xff80, 0X1, 0xff60, 0X1, 0xff80, 0X7, 0xff60, 0X1, 0xffe0, 0X1, 0x8c00, 0X1, 0x0000, 0X19, 0xd640, 0X1, 0xffe0, 0X1, 0xff80, 0X10, 0xffa0, 0X1, 0xffe0, 0X2, 0xef20, 0X2, 0xff80, 0X22, 0xff60, 0X1, 0xffc0, 0X1, 0xf720, 0X1, 0x0020, 0X2, 0x8c00, 0X1, 0xffc0, 0X1, 0xffe0, 0X1, 0xff80, 0X8, 0xffc0, 0X1, 0x5280, 0X1, 0x0000, 0X18, 0x7360, 0X1, 0xffe0, 0X1, 0xff60, 0X1, 0xff80, 0X13, 0xffc0, 0X2, 0xff80, 0X23, 0xffc0, 0X1, 0x4a40, 0X1, 0x0000, 0X3, 0x5280, 0X1, 0xbd80, 0X1, 0xffc0, 0X1, 0xff80, 0X6, 0xffa0, 0X1, 0xff80, 0X1, 0x0020, 0X1, 0x0000, 0X17, 0x6b20, 0X1, 0xffa0, 0X1, 0xff80, 0X38, 0xff60, 0X1, 0xffe0, 0X1, 0x9ca0, 0X1, 
0x0000, 0X6, 0x8c00, 0X1, 0xffe0, 0X1, 0xff60, 0X1, 0xff80, 0X5, 0xffe0, 0X1, 0x5280, 0X1, 0x0000, 0X17, 0xce00, 0X1, 0xffe0, 0X1, 0xff60, 0X1, 0xff80, 0X38, 0xffa0, 0X1, 0x18e0, 0X1, 0x0000, 0X7, 0x6b20, 0X1, 0xffe0, 0X1, 0xffa0, 0X1, 0xff80, 0X3, 0xff60, 0X1, 0xffe0, 0X1, 0xd640, 0X1, 0x2920, 0X1, 0x0000, 0X16, 0x18e0, 0X1, 0xf720, 0X1, 0xffc0, 0X1, 0xff80, 0X38, 0xffe0, 0X1, 0x4a60, 0X1, 0x0000, 0X8, 0xad00, 0X1, 0xffa0, 0X2, 0xff80, 0X4, 0xffa0, 0X1, 0xff80, 0X1, 0x8c00, 0X1, 0x6b20, 0X1, 0x4a40, 0X1, 0x0000, 0X14, 0xe6c0, 0X1, 0xffe0, 0X1, 0xff80, 0X37, 0xff60, 0X1, 0xffe0, 0X1, 0x9ca0, 0X1, 
0x0020, 0X1, 0x0000, 0X8, 0x6b20, 0X1, 0xffa0, 0X1, 0xff60, 0X1, 0xff80, 0X4, 0xffa0, 0X1, 0xffe0, 0X3, 0x5280, 0X1, 0x0840, 0X1, 0x0000, 0X11, 0x4a40, 0X1, 0xffe0, 0X1, 0xff80, 0X3A, 0xffa0, 0X1, 0xbd80, 0X3, 0x2120, 0X1, 0x0000, 0X6, 0xad00, 0X1, 0xffe0, 0X1, 0xff60, 0X1, 0xff80, 0X4, 0xff60, 0X1, 0xffe0, 0X1, 0xff80, 0X1, 0xffe0, 0X1, 0xe6c0, 0X1, 0x0000, 0X12, 0x8c00, 0X1, 0xffa0, 0X1, 0xff80, 0X3A, 0xffe0, 0X3, 0xffc0, 0X1, 0x6b20, 0X1, 0x0000, 0X5, 0x2120, 0X1, 0xe6c0, 0X1, 0xffe0, 0X1, 0xff80, 0X3, 0xffa0, 0X1, 0xff80, 0X1, 0xd640, 0X1, 0xffa0, 0X1, 0xef20, 0X1, 0x9ca0, 0X1, 0x0000, 0X12, 0x0820, 0X1, 0xf720, 0X1, 0xffc0, 0X1, 0xff80, 0X39, 0xff60, 0X3, 0xffc0, 0X1, 0x4a60, 0X1, 0x0000, 0X6, 0x18e0, 0X1, 0xf720, 0X1, 0xffa0, 0X1, 0xff80, 
0X2, 0xffc0, 0X1, 0x8c00, 0X1, 0x0820, 0X1, 0x9ca0, 0X1, 0x4a40, 0X1, 0x0000, 0X14, 0xc5c0, 0X1, 0xffe0, 0X1, 0xff60, 0X1, 0xff80, 0X3B, 0xffa0, 0X1, 0x0000, 0X8, 0x2920, 0X1, 0xffa0, 0X1, 0xff60, 0X1, 0xffa0, 0X2, 0x0000, 0X2, 0x0020, 0X1, 0x2920, 0X1, 0x0000, 0X14, 0xce00, 0X1, 0xffe0, 0X1, 0xff60, 0X1, 0xff80, 0X3A, 0xffa0, 0X2, 0x2120, 0X1, 0x0000, 0X7, 0x8c00, 0X1, 0xffe0, 0X1, 0xffa0, 0X1, 0xffc0, 0X1, 0xe6c0, 0X1, 0x0000, 0X17, 0x4a40, 0X1, 0xffa0, 0X1, 0xff80, 0X3C, 0xffc0, 0X1, 0xff80, 0X1, 0x0020, 0X1, 0x0000, 0X7, 0x2120, 0X1, 0x9ca0, 0X1, 0xce00, 0X1, 0xffe0, 0X1, 0xde80, 0X1, 0x0000, 0X17, 0xf720, 0X1, 0xffe0, 0X1, 0xff60, 0X1, 0xff80, 0X3C, 0xffa0, 0X1, 0x2120, 0X1, 0x0000, 0X9, 0x2920, 0X1, 0xde80, 0X1, 0x8c00, 0X1, 0x0000, 0X17, 
0xe6c0, 0X1, 0xffc0, 0X1, 0xff80, 0X3C, 0xff60, 0X1, 0xffc0, 0X1, 0x6b20, 0X1, 0x0000, 0X23, 0x8c00, 0X1, 0xffe0, 0X1, 0xff60, 0X1, 0xff80, 0X3B, 0xff60, 0X1, 0xffe0, 0X1, 0xce00, 0X1, 0x0020, 0X1, 0x0000, 0X22, 0x39c0, 0X1, 0xffe0, 0X1, 0xff60, 0X1, 0xff80, 0X3D, 0xffe0, 0X1, 0xbd80, 0X1, 0x0020, 0X1, 0x0000, 0X21, 0x10a0, 0X1, 0xffa0, 0X1, 0xffe0, 0X1, 0xff80, 0X3E, 0xffc0, 0X1, 0xce00, 0X1, 0x2120, 0X1, 0x0000, 0X21, 0x39c0, 0X1, 0xbd80, 0X1, 0xffe0, 0X1, 0xff80, 0X3D, 0xff60, 0X1, 0xffe0, 0X1, 0xef20, 0X1, 0x2920, 0X1, 0x0000, 0X22, 0xc5c0, 0X1, 0xffe0, 0X1, 0xff60, 0X1, 0xff80, 0X3B, 0xffa0, 0X1, 0xffc0, 0X1, 0xffe0, 0X1, 0xffa0, 0X1, 0x4a40, 0X1, 0x0000, 0X21, 0xad00, 0X1, 0xffe0, 0X1, 0xff60, 0X1, 0xff80, 0X3A, 0xffa0, 0X1, 0xff80, 
0X1, 0x9ca0, 0X1, 0x5280, 0X1, 0x7360, 0X1, 0x0000, 0X22, 0xff80, 0X1, 0xffa0, 0X1, 0xff80, 0X3A, 0xffa0, 0X1, 0xff80, 0X1, 0x2120, 0X1, 0x0000, 0X24, 0x0020, 0X1, 0xe6c0, 0X1, 0xffe0, 0X1, 0xff60, 0X1, 0xff80, 0X38, 0xff60, 0X1, 0xffe0, 0X1, 0xd640, 0X1, 0x0000, 0X26, 0xce00, 0X1, 0xffe0, 0X1, 0xff60, 0X1, 0xff80, 0X39, 0xffc0, 0X1, 0xff80, 0X1, 0x0020, 0X1, 0x0000, 0X25, 0xd640, 0X1, 0xffe0, 0X1, 0xff60, 0X1, 0xff80, 0X38, 0xff60, 0X1, 0xffe0, 0X1, 0x8c00, 0X1, 0x0000, 0X26, 0xad00, 0X1, 0xffe0, 0X1, 0xff60, 0X1, 0xff80, 0X39, 0xffa0, 0X1, 0x20e0, 0X1, 0x0000, 0X25, 0x0820, 0X1, 0xf720, 0X1, 0xffa0, 0X1, 0xff80, 0X3A, 0xffa0, 0X1, 0x0000, 0X26, 0x0020, 0X1, 0xf720, 0X1, 0xffe0, 0X1, 0xff80, 0X3A, 0xffa0, 0X1, 0x2120, 0X1, 0x0000, 0X26, 
0x0820, 0X1, 0xce00, 0X1, 0xffc0, 0X1, 0xff80, 0X38, 0xff60, 0X1, 0xffe0, 0X1, 0x7360, 0X1, 0x0000, 0X3, 0x0820, 0X1, 0x10a0, 0X1, 0x0000, 0X2, 0x2120, 0X1, 0x5280, 0X1, 0x0000, 0X1, 0x0020, 0X2, 0x0000, 0X1C, 0xd640, 0X1, 0xffe0, 0X1, 0xff60, 0X1, 0xff80, 0X36, 0xff60, 0X1, 0xffe0, 0X1, 0xde80, 0X1, 0x0020, 0X1, 0x0000, 0X3, 0x10a0, 0X1, 0x8c00, 0X1, 0x0820, 0X1, 0x6b20, 0X1, 0xffe0, 0X1, 0xde80, 0X1, 0xf720, 0X1, 0xc5c0, 0X1, 0x0020, 0X1, 0x0000, 0X1, 0x2920, 0X1, 0x0000, 0X19, 0xd640, 0X1, 0xffe0, 0X1, 0xff60, 0X1, 0xff80, 0X38, 0xffe0, 0X1, 0xad00, 0X1, 0x0020, 0X1, 0x0000, 0X2, 0x0020, 0X1, 0xffa0, 0X1, 0xde80, 0X2, 0xff80, 0X1, 0xffe0, 0X1, 0xffa0, 0X1, 0xffe0, 0X1, 0x8c00, 0X1, 0x39c0, 0X1, 0xff80, 0X1, 0x9ca0, 0X1, 0x0000, 0X17, 0x18e0, 
0X1, 0xffa0, 0X2, 0xff80, 0X39, 0xff60, 0X1, 0xffe0, 0X1, 0x7360, 0X1, 0x0000, 0X3, 0x18e0, 0X1, 0xce00, 0X1, 0xffe0, 0X2, 0xff60, 0X1, 0xffe0, 0X1, 0xe6c0, 0X1, 0xc5c0, 0X1, 0xffa0, 0X1, 0xffe0, 0X1, 0x4a60, 0X1, 0x0000, 0X17, 0xbd80, 0X1, 0xffe0, 0X1, 0xff60, 0X1, 0xff80, 0X39, 0xffa0, 0X1, 0xff80, 0X1, 0x2120, 0X1, 0x0000, 0X5, 0x5280, 0X1, 0xce00, 0X1, 0xffc0, 0X1, 0xe6c0, 0X1, 0x10a0, 0X1, 0x8c00, 0X1, 0xffc0, 0X1, 0xef20, 0X1, 0xad00, 0X1, 0x0000, 0X17, 0xc5c0, 0X1, 0xffe0, 0X1, 0xff60, 0X1, 0xff80, 0X39, 0xffc0, 0X1, 0x6b20, 0X1, 0x0000, 0X7, 0x0020, 0X1, 0xffa0, 0X1, 0xad00, 0X1, 0x0020, 0X1, 0x39c0, 0X1, 0x4a60, 0X1, 0x0840, 0X1, 0x4a40, 0X1, 0x0000, 0X17, 0x0820, 0X1, 0xff80, 0X1, 0xffa0, 0X1, 0xff80, 0X5, 0xff60, 0X1, 0xff80, 0X32, 
0xff60, 0X1, 0xffe0, 0X1, 0x8c00, 0X1, 0x0000, 0X8, 0x39c0, 0X1, 0x8c00, 0X1, 0x0020, 0X1, 0x0000, 0X1C, 0xad00, 0X1, 0xffe0, 0X1, 0xff60, 0X4, 0xffc0, 0X1, 0xffe0, 0X1, 0xffa0, 0X1, 0xff80, 0X31, 0xffc0, 0X1, 0xbd80, 0X1, 0x39c0, 0X1, 0x0000, 0X27, 0x0020, 0X1, 0xe6c0, 0X1, 0xffe0, 0X4, 0xe6c0, 0X1, 0xbd80, 0X1, 0xffa0, 0X2, 0xff80, 0X30, 0xffe0, 0X1, 0x2920, 0X1, 0x0000, 0X29, 0x0020, 0X1, 0x8c00, 0X1, 0xad00, 0X1, 0x9ca0, 0X2, 0x2120, 0X1, 0x0000, 0X1, 0x39c0, 0X1, 0xff80, 0X1, 0xffa0, 0X1, 0xff80, 0X2F, 0xffa0, 0X2, 0x8c00, 0X1, 0x0820, 0X1, 0x0000, 0X2E, 0x2120, 0X1, 0xffa0, 0X1, 0xff80, 0X31, 0xffa0, 0X1, 0xffe0, 0X1, 0xff80, 0X1, 0x18e0, 0X1, 0x0000, 0X2D, 0x7360, 0X1, 0xffe0, 0X1, 0xff60, 0X1, 0xff80, 0X30, 0xff60, 0X1, 0xff80, 0X1, 0xde80, 
0X1, 0x20e0, 0X1, 0x0000, 0X2D, 0x9ca0, 0X1, 0xffe0, 0X1, 0xff60, 0X1, 0xff80, 0X31, 0xffa0, 0X1, 0x0820, 0X1, 0x0000, 0X2E, 0xc5c0, 0X1, 0xffe0, 0X1, 0xff60, 0X1, 0xff80, 0X30, 0xffe0, 0X1, 0xe6c0, 0X1, 0x0000, 0X2F, 0x4a40, 0X1, 0xffc0, 0X1, 0xff80, 0X2F, 0xffa0, 0X2, 0x6b20, 0X1, 0x2120, 0X1, 0x0000, 0X30, 0xce00, 0X1, 0xffe0, 0X1, 0xff80, 0X2D, 0xff60, 0X1, 0xffe0, 0X1, 0xd640, 0X1, 0x0000, 0X32, 0x8c00, 0X1, 0xffe0, 0X1, 0xff60, 0X1, 0xff80, 0X2C, 0xff60, 0X1, 0xffe0, 0X1, 0xce00, 0X1, 0x0000, 0X32, 0x7360, 0X1, 0xffe0, 0X1, 0xff60, 0X1, 0xff80, 0X2D, 0xffe0, 0X1, 0xe6c0, 0X1, 0x0000, 0X32, 0x18e0, 0X1, 0xf720, 0X1, 0xffa0, 0X1, 0xff80, 0X2D, 0xffc0, 0X1, 0xef20, 0X1, 0x0000, 0X33, 0xbd80, 0X1, 0xffe0, 0X1, 0xff60, 0X1, 0xff80, 0X2D, 0xffa0, 0X1, 0x18e0, 0X1, 0x0000, 0X32, 0x8c00, 0X1, 0xffe0, 0X1, 0xff60, 0X1, 0xff80, 0X2C, 0xff60, 0X1, 0xffe0, 0X1, 0x7360, 0X1, 
0x0000, 0X33, 0xef20, 0X1, 0xffc0, 0X1, 0xff80, 0X2D, 0xffe0, 0X1, 0xce00, 0X1, 0x0000, 0X32, 0x39c0, 0X1, 0xffa0, 0X2, 0xff80, 0X2D, 0xffa0, 0X2, 0x18e0, 0X1, 0x0000, 0X31, 0x5280, 0X1, 0xe6c0, 0X1, 0xffa0, 0X1, 0xff80, 0X2D, 0xff60, 0X1, 0xffe0, 0X1, 0xbd80, 0X1, 0x0000, 0X33, 0x6b20, 0X1, 0xffe0, 0X1, 0xffa0, 0X1, 0xff60, 0X2, 0xff80, 0X2B, 0xffa0, 0X1, 0x18e0, 0X1, 0x0000, 0X33, 0x9ca0, 0X1, 0xffa0, 0X1, 0xffe0, 0X2, 0xff80, 0X2A, 0xff60, 0X1, 0xffe0, 0X1, 0xbd80, 0X1, 0x0000, 0X34, 0x2920, 0X1, 0x7360, 0X1, 0xc5c0, 0X1, 0xff80, 0X2C, 0xffa0, 0X1, 0x18e0, 0X1, 0x0000, 0X36, 0xef20, 0X1, 0xffc0, 0X1, 0xff80, 0X29, 0xff60, 0X1, 0xffe0, 0X1, 0xbd80, 0X1, 0x0000, 0X36, 0xbd80, 0X1, 0xffe0, 0X1, 0xff60, 0X1, 0xff80, 0X2A, 
0xffc0, 0X1, 0x5280, 0X1, 0x0000, 0X35, 0xbd80, 0X1, 0xffe0, 0X1, 0xff60, 0X1, 0xff80, 0X29, 0xff60, 0X1, 0xffe0, 0X1, 0xe6c0, 0X1, 0x0820, 0X1, 0x0000, 0X33, 0x2120, 0X1, 0xf720, 0X1, 0xffa0, 0X1, 0xff80, 0X2B, 0xff60, 0X1, 0xffe0, 0X1, 0x8c00, 0X1, 0x0000, 0X32, 0x0820, 0X1, 0xe6c0, 0X1, 0xffe0, 0X1, 0xff60, 0X1, 0xff80, 0X2C, 0xffa0, 0X2, 0x2120, 0X1, 0x0000, 0X31, 0x0020, 0X1, 0xe6c0, 0X1, 0xffa0, 0X1, 0xffc0, 0X1, 0xffe0, 0X1, 0xff80, 0X2C, 0xffc0, 0X1, 0xef20, 0X1, 0xc5c0, 0X1, 0xbd80, 0X1, 0x18e0, 0X1, 0x0000, 0X2F, 0x2120, 0X1, 0x18e0, 0X1, 0x7360, 0X1, 0xf720, 0X1, 0xffc0, 0X1, 0xff80, 0X1, 0xff60, 0X1, 0xffa0, 0X2, 0xff80, 0X28, 0xffa0, 0X1, 0xffe0, 0X2, 0x4a60, 0X1, 0x0000, 0X32, 0x0820, 0X1, 0x8c00, 0X1, 0xffe0, 0X2, 0xffa0, 0X1, 
0xff80, 0X1, 0xffa0, 0X1, 0xff60, 0X2, 0xff80, 0X25, 0xff60, 0X2, 0xffa0, 0X1, 0x2920, 0X1, 0x0000, 0X34, 0x6b20, 0X2, 0x2120, 0X2, 0xff80, 0X1, 0xffe0, 0X2, 0xffa0, 0X1, 0xff80, 0X25, 0xff60, 0X1, 0xffe0, 0X1, 0xde80, 0X1, 0x39c0, 0X1, 0x0000, 0X37, 0x2120, 0X1, 0x9ca0, 0X1, 0xd640, 0X1, 0xef20, 0X1, 0xffc0, 0X1, 0xff60, 0X1, 0xff80, 0X3, 0xff60, 0X2, 0xff80, 0X1F, 0xffe0, 0X1, 0xce00, 0X1, 0x0000, 0X3B, 0x2120, 0X1, 0xf720, 0X1, 0xffe0, 0X1, 0xff80, 0X3, 0xffe0, 0X2, 0xff80, 0X1E, 0xffa0, 0X1, 0x5280, 0X1, 0x0000, 0X3D, 0x2120, 0X1, 0xbd80, 0X1, 0xffa0, 0X1, 0xffe0, 0X2, 0xd640, 0X1, 0xbd80, 0X1, 0xffa0, 0X1, 0xffe0, 0X1, 0xffa0, 0X1, 0xff80, 0X19, 0xff60, 0X1, 0xffe0, 0X1, 0xc5c0, 0X1, 0x0000, 0X40, 0x2120, 0X1, 0x6b20, 0X1, 0x39c0, 0X1, 0x0000, 
0X2, 0x6b20, 0X1, 0xef20, 0X1, 0xff80, 0X1, 0xffc0, 0X1, 0xffa0, 0X1, 0xff80, 0X17, 0xff60, 0X1, 0xffe0, 0X1, 0xc5c0, 0X1, 0x0000, 0X46, 0x0020, 0X1, 0x0840, 0X1, 0x8c00, 0X1, 0xffe0, 0X1, 0xffa0, 0X1, 0xff80, 0X17, 0xffe0, 0X1, 0xf720, 0X1, 0x0000, 0X49, 0x6b20, 0X1, 0xffc0, 0X1, 0xff80, 0X13, 0xff60, 0X2, 0xff80, 0X3, 0xffc0, 0X1, 0x4a40, 0X1, 0x0000, 0X49, 0xce00, 0X1, 0xffe0, 0X1, 0xff60, 0X1, 0xff80, 0X10, 0xffe0, 0X4, 0xff80, 0X1, 0xff60, 0X1, 0xffe0, 0X1, 0xe6c0, 0X1, 0x0820, 0X1, 0x0000, 0X48, 0x5280, 0X1, 0xffe0, 0X1, 0xff80, 0XF, 0xffe0, 0X1, 0xffc0, 0X1, 0xd640, 0X1, 0xbd80, 0X1, 0xde80, 0X1, 0xe6c0, 0X1, 0xffc0, 0X1, 0xff80, 0X1, 0xff60, 0X1, 0xffc0, 0X1, 0x6b20, 0X1, 0x0000, 0X48, 0x20e0, 0X1, 0xffa0, 0X2, 0xff80, 0XD, 0xffc0, 
0X1, 0xf720, 0X1, 0x4a40, 0X1, 0x0000, 0X4, 0x8c00, 0X1, 0xffe0, 0X3, 0xffa0, 0X1, 0x39c0, 0X1, 0x0000, 0X48, 0xef20, 0X1, 0xffc0, 0X1, 0xff60, 0X1, 0xff80, 0XB, 0xffc0, 0X1, 0xf720, 0X1, 0x2920, 0X1, 0x0000, 0X5, 0x0820, 0X1, 0xde80, 0X1, 0xe6c0, 0X1, 0xff80, 0X1, 0x9ca0, 0X1, 0x0000, 0X49, 0xad00, 0X1, 0xffe0, 0X1, 0xff60, 0X1, 0xff80, 0XB, 0xffc0, 0X1, 0x5280, 0X1, 0x0000, 0X7, 0x0840, 0X2, 0x0020, 0X1, 0x0000, 0X4A, 0x0820, 0X1, 0xf720, 0X1, 0xffc0, 0X1, 0xff60, 0X1, 0xff80, 0X8, 0xff60, 0X1, 0xffe0, 0X1, 0xf720, 0X1, 0x0840, 0X1, 0x0000, 0X55, 0x5280, 0X1, 0xffe0, 0X1, 0xff80, 0X9, 0xff60, 0X1, 0xffe0, 0X1, 0xc5c0, 0X1, 0x0000, 0X57, 0x9ca0, 0X1, 0xffe0, 0X1, 0xffa0, 0X1, 0xff80, 0X7, 0xff60, 0X1, 0xffe0, 0X1, 0xde80, 0X1, 0x0000, 0X58, 
0x4a40, 0X1, 0xffa0, 0X2, 0xff60, 0X1, 0xff80, 0X5, 0xff60, 0X2, 0xffa0, 0X1, 0x18e0, 0X1, 0x0000, 0X58, 0x9ca0, 0X1, 0xffe0, 0X1, 0xffa0, 0X1, 0xff80, 0X1, 0xffa0, 0X1, 0xff80, 0X1, 0xffa0, 0X1, 0xffe0, 0X4, 0x2120, 0X1, 0x0000, 0X58, 0x0020, 0X1, 0x6b20, 0X1, 0xef20, 0X1, 0xffa0, 0X4, 0xe6c0, 0X1, 0xc5c0, 0X1, 0x9ca0, 0X1, 0x7360, 0X1, 0x0840, 0X1, 0x0020, 0X1, 0x0000, 0X5A, 0x20e0, 0X1, 0x2920, 0X1, 0x2120, 0X1, 0x20e0, 0X1, 0x0000, 0X28
};

static const uint16_t lcd_quangngai[2042] = { 
0x0000, 0XA6, 0x1800, 0X1, 0x0000, 0X1, 0x1000, 0X1, 0x0000, 0X61, 0x1800, 0X1, 0x5001, 0X2, 0x0000, 0X62, 0x7802, 0X1, 0x8002, 0X1, 0x0000, 0X5A, 0x5001, 0X1, 0x1000, 0X1, 0x0000, 0X3, 0x1000, 0X2, 0x6001, 0X1, 0x8802, 0X1, 0x9002, 0X1, 0x6001, 0X1, 0x0000, 0X58, 0x5001, 0X1, 0x9002, 0X1, 0x8002, 0X1, 0x7002, 0X1, 0x5001, 0X2, 0x8002, 0X2, 0x8802, 0X3, 0x3000, 0X1, 0x0000, 0X57, 0x3000, 0X1, 0x8802, 0X1, 0x8002, 0X1, 0x8802, 0X2, 0x9002, 0X1, 0x8802, 0X3, 0x8002, 0X2, 0x8802, 0X1, 0x3000, 0X1, 0x0000, 0X4E, 0x3000, 0X2, 0x1000, 0X2, 0x3000, 0X1, 0x5001, 0X1, 0x6001, 0X1, 0x7002, 0X2, 0x8802, 
0X4, 0x8002, 0X2, 0x8802, 0X1, 0x8002, 0X2, 0x8802, 0X1, 0x8002, 0X1, 0x8802, 0X1, 0x7802, 0X1, 0x1000, 0X1, 0x0000, 0X4B, 0x1000, 0X1, 0x6001, 0X1, 0x9002, 0X1, 0x8802, 0X2, 0x8002, 0X1, 0x8802, 0X1, 0x9002, 0X2, 0x8802, 0XD, 0x8002, 0X1, 0x9002, 0X1, 0x6001, 0X1, 0x0000, 0X48, 0x1800, 0X1, 0x6001, 0X1, 0x7802, 0X1, 0x8802, 0X3, 0x8002, 0X1, 0x8802, 0X2, 0x8002, 0X5, 0x8802, 0XC, 0x8002, 0X1, 0x9002, 0X1, 0x6001, 0X1, 0x1000, 0X1, 0x1800, 0X1, 0x1000, 0X1, 0x0000, 0X40, 0x1000, 0X1, 0x5001, 0X1, 0x7802, 0X1, 0x6001, 0X1, 0x7802, 0X1, 0x9002, 0X1, 0x8802, 0X2, 0x8002, 0X1, 0x8802, 0X3, 0x8002, 
0X1, 0x8802, 0X12, 0x8002, 0X1, 0x8802, 0X1, 0x8002, 0X1, 0x1800, 0X1, 0x0000, 0X3E, 0x3000, 0X1, 0x7002, 0X1, 0x6001, 0X1, 0x7802, 0X1, 0x9002, 0X1, 0x8802, 0X3, 0x8002, 0X2, 0x8802, 0X1B, 0x7802, 0X1, 0x1000, 0X1, 0x0000, 0X31, 0x1000, 0X1, 0x0000, 0X7, 0x5001, 0X1, 0x1000, 0X2, 0x5001, 0X1, 0x8802, 0X1, 0x9002, 0X2, 0x8802, 0X1, 0x8002, 0X4, 0x8802, 0X1C, 0x8002, 0X1, 0x8802, 0X1, 0x8002, 0X1, 0x3000, 0X1, 0x0000, 0X2D, 0x1000, 0X1, 0x3000, 0X1, 0x6001, 0X2, 0x1000, 0X1, 0x0000, 0X5, 0x5001, 0X1, 0x9002, 0X1, 0x8802, 0X1, 0x8002, 0X1, 0x8802, 0X2, 0x8002, 0X3, 0x8802, 0X20, 0x8002, 0X1, 0x8802, 
0X1, 0x7802, 0X1, 0x1000, 0X1, 0x0000, 0X2C, 0x1000, 0X1, 0x7802, 0X1, 0x9002, 0X1, 0x8802, 0X2, 0x8002, 0X1, 0x7802, 0X1, 0x8002, 0X2, 0x7002, 0X2, 0x8802, 0X1, 0x8002, 0X1, 0x8802, 0X27, 0x8002, 0X1, 0x8802, 0X1, 0x3000, 0X1, 0x0000, 0X23, 0x1000, 0X1, 0x6001, 0X1, 0x5001, 0X1, 0x3000, 0X1, 0x1000, 0X1, 0x0000, 0X1, 0x1000, 0X1, 0x7002, 0X1, 0x7802, 0X1, 0x5001, 0X1, 0x7002, 0X1, 0x8802, 0X2, 0x8002, 0X1, 0x8802, 0XA, 0x8002, 0X1, 0x8802, 0X27, 0x1000, 0X1, 0x0000, 0X22, 0x1000, 0X1, 0x7802, 0X1, 0x9002, 0X1, 0x8802, 0X4, 0x8002, 0X1, 0x9002, 0X1, 0x8802, 0X1, 0x9002, 0X1, 0x8802, 0X5, 0x8002, 
0X2, 0x8802, 0X1, 0x8002, 0X3, 0x8802, 0X29, 0x8002, 0X1, 0x9002, 0X1, 0x6001, 0X1, 0x0000, 0X22, 0x5001, 0X1, 0x9002, 0X1, 0x8002, 0X2, 0x8802, 0X4, 0x8002, 0X4, 0x8802, 0X36, 0x3000, 0X1, 0x0000, 0X21, 0x1000, 0X1, 0x8802, 0X3F, 0x8002, 0X1, 0x8802, 0X1, 0x8002, 0X1, 0x1000, 0X1, 0x0000, 0X20, 0x3000, 0X1, 0x8802, 0X1, 0x8002, 0X1, 0x8802, 0X40, 0x7002, 0X1, 0x1000, 0X1, 0x0000, 0X1E, 0x3000, 0X1, 0x8002, 0X1, 0x8802, 0X1, 0x8002, 0X1, 0x8802, 0X3F, 0x8002, 0X1, 0x9002, 0X1, 0x6001, 0X1, 0x1000, 0X1, 0x0000, 0X1C, 0x3000, 0X1, 0x8002, 0X1, 0x8802, 0X1, 0x8002, 0X1, 0x8802, 0X41, 0x8002, 0X1, 
0x8802, 0X1, 0x7802, 0X1, 0x3000, 0X1, 0x5001, 0X2, 0x0000, 0X19, 0x5001, 0X1, 0x9002, 0X1, 0x8802, 0X44, 0x8002, 0X1, 0x8802, 0X3, 0x9002, 0X1, 0x3000, 0X1, 0x0000, 0X1A, 0x6001, 0X1, 0x8802, 0X44, 0x8002, 0X1, 0x8802, 0X2, 0x7802, 0X1, 0x0000, 0X1C, 0x8002, 0X1, 0x8802, 0X42, 0x8002, 0X1, 0x8802, 0X1, 0x8002, 0X2, 0x5001, 0X1, 0x0000, 0X1B, 0x3000, 0X1, 0x8802, 0X1, 0x8002, 0X1, 0x8802, 0X40, 0x8002, 0X1, 0x8802, 0X1, 0x7802, 0X1, 0x1800, 0X1, 0x1000, 0X1, 0x0000, 0X1B, 0x3000, 0X1, 0x8802, 0X2, 0x8002, 0X1, 0x8802, 0X3F, 0x8002, 0X1, 0x8802, 0X1, 0x6001, 0X1, 0x1000, 0X2, 0x0000, 0X1D, 0x7002, 0X1, 
0x8802, 0X1, 0x8002, 0X1, 0x8802, 0X40, 0x8002, 0X1, 0x1000, 0X1, 0x0000, 0X1F, 0x6001, 0X1, 0x9002, 0X1, 0x8002, 0X1, 0x8802, 0X3E, 0x8002, 0X1, 0x8802, 0X1, 0x7802, 0X1, 0x0000, 0X20, 0x3000, 0X1, 0x8802, 0X40, 0x8002, 0X1, 0x8802, 0X1, 0x7802, 0X1, 0x0000, 0X1F, 0x3000, 0X1, 0x7802, 0X1, 0x8802, 0X42, 0x8002, 0X1, 0x0000, 0X1E, 0x1000, 0X1, 0x8002, 0X1, 0x8802, 0X43, 0x9002, 0X1, 0x1000, 0X1, 0x0000, 0X1D, 0x7002, 0X1, 0x8802, 0X1, 0x8002, 0X1, 0x8802, 0X43, 0x3000, 0X1, 0x0000, 0X1C, 0x3000, 0X1, 0x8802, 0X1, 0x8002, 0X1, 0x8802, 0X44, 0x3000, 0X1, 0x0000, 0X1C, 0x7802, 0X1, 
0x8802, 0X1, 0x8002, 0X1, 0x8802, 0X44, 0x0000, 0X1B, 0x1000, 0X1, 0x7002, 0X1, 0x8802, 0X46, 0x9002, 0X1, 0x1000, 0X1, 0x0000, 0X1A, 0x6001, 0X1, 0x9002, 0X1, 0x8002, 0X1, 0x8802, 0X44, 0x8002, 0X1, 0x9002, 0X1, 0x5001, 0X1, 0x0000, 0X1A, 0x5001, 0X1, 0x8802, 0X1, 0x8002, 0X1, 0x8802, 0X44, 0x8002, 0X1, 0x8802, 0X1, 0x7002, 0X1, 0x0000, 0X1A, 0x6001, 0X1, 0x9002, 0X1, 0x8002, 0X1, 0x8802, 0X44, 0x8002, 0X1, 0x8802, 0X1, 0x7802, 0X1, 0x0000, 0X19, 0x3000, 0X1, 0x8002, 0X1, 0x8802, 0X1, 0x8002, 0X1, 0x8802, 0X46, 0x8002, 0X1, 0x0000, 0X18, 0x5001, 0X1, 0x8002, 0X1, 0x8802, 0X49, 0x8002, 0X1, 
0x0000, 0X18, 0x7802, 0X1, 0x9002, 0X1, 0x8002, 0X1, 0x8802, 0X47, 0x8002, 0X1, 0x8802, 0X1, 0x1000, 0X1, 0x0000, 0X17, 0x5001, 0X1, 0x9002, 0X1, 0x8002, 0X1, 0x8802, 0X47, 0x8002, 0X1, 0x9002, 0X1, 0x5001, 0X1, 0x0000, 0X17, 0x7002, 0X1, 0x8802, 0X1, 0x8002, 0X1, 0x8802, 0X47, 0x8002, 0X1, 0x9002, 0X1, 0x7002, 0X1, 0x0000, 0X17, 0x6001, 0X1, 0x8802, 0X1, 0x8002, 0X1, 0x8802, 0X47, 0x8002, 0X1, 0x8802, 0X1, 0x7802, 0X1, 0x0000, 0X17, 0x5001, 0X1, 0x9002, 0X1, 0x8002, 0X1, 0x8802, 0X4A, 0x1000, 0X1, 0x0000, 0X16, 0x1000, 0X1, 0x7002, 0X1, 0x8802, 0X1, 0x8002, 0X1, 0x8802, 0X47, 
0x8002, 0X1, 0x9002, 0X1, 0x5001, 0X1, 0x0000, 0X17, 0x3000, 0X1, 0x8802, 0X1, 0x8002, 0X1, 0x8802, 0X47, 0x8002, 0X1, 0x8802, 0X1, 0x7002, 0X1, 0x0000, 0X17, 0x1000, 0X1, 0x8002, 0X1, 0x8802, 0X1, 0x8002, 0X1, 0x8802, 0X48, 0x8002, 0X1, 0x1000, 0X1, 0x0000, 0X17, 0x3000, 0X1, 0x8802, 0X1, 0x8002, 0X1, 0x8802, 0X47, 0x8002, 0X1, 0x8802, 0X1, 0x3000, 0X1, 0x0000, 0X18, 0x7802, 0X1, 0x9002, 0X1, 0x8002, 0X1, 0x8802, 0X46, 0x8002, 0X1, 0x9002, 0X1, 0x7002, 0X1, 0x0000, 0X18, 0x3000, 0X1, 0x7002, 0X1, 0x8802, 0X1, 0x8002, 0X1, 0x8802, 0X47, 0x8002, 0X1, 0x1000, 0X1, 0x0000, 0X18, 0x1000, 0X1, 
0x7802, 0X1, 0x8802, 0X1, 0x8002, 0X1, 0x8802, 0X45, 0x8002, 0X1, 0x8802, 0X1, 0x3000, 0X1, 0x0000, 0X19, 0x3000, 0X1, 0x8802, 0X2, 0x8002, 0X1, 0x8802, 0X45, 0x9002, 0X1, 0x7002, 0X1, 0x0000, 0X1A, 0x3000, 0X1, 0x7802, 0X1, 0x9002, 0X1, 0x8002, 0X1, 0x8802, 0X46, 0x1000, 0X1, 0x0000, 0X1A, 0x1000, 0X1, 0x7002, 0X1, 0x8802, 0X1, 0x8002, 0X1, 0x8802, 0X43, 0x8002, 0X1, 0x9002, 0X1, 0x5001, 0X1, 0x0000, 0X1B, 0x1000, 0X1, 0x8802, 0X45, 0x8002, 0X1, 0x8802, 0X1, 0x7802, 0X1, 0x0000, 0X1C, 0x6001, 0X1, 0x8802, 0X1, 0x8002, 0X1, 0x8802, 0X43, 0x8002, 0X1, 0x9002, 0X1, 0x3000, 0X1, 0x0000, 0X1B, 
0x5001, 0X1, 0x9002, 0X1, 0x8002, 0X1, 0x8802, 0X43, 0x8002, 0X1, 0x8802, 0X1, 0x7002, 0X1, 0x0000, 0X1B, 0x3000, 0X1, 0x7002, 0X1, 0x8802, 0X47, 0x1000, 0X1, 0x0000, 0X1B, 0x1000, 0X1, 0x6001, 0X1, 0x8802, 0X44, 0x8002, 0X1, 0x9002, 0X1, 0x6001, 0X1, 0x0000, 0X1D, 0x3000, 0X1, 0x8802, 0X2, 0x8002, 0X1, 0x8802, 0X43, 0x1000, 0X1, 0x0000, 0X1D, 0x7802, 0X1, 0x8802, 0X43, 0x8002, 0X1, 0x9002, 0X1, 0x6001, 0X1, 0x0000, 0X1D, 0x1000, 0X1, 0x3000, 0X1, 0x8802, 0X44, 0x8002, 0X1, 0x1000, 0X1, 0x0000, 0X1E, 0x7802, 0X1, 0x8802, 0X1, 0x8002, 0X1, 0x8802, 0X40, 0x8002, 0X1, 0x9002, 0X1, 
0x5001, 0X1, 0x0000, 0X1E, 0x7002, 0X1, 0x8802, 0X1, 0x8002, 0X1, 0x8802, 0X40, 0x8002, 0X1, 0x8802, 0X1, 0x8002, 0X1, 0x1000, 0X1, 0x0000, 0X1D, 0x3000, 0X1, 0x8802, 0X1, 0x8002, 0X1, 0x8802, 0X41, 0x8002, 0X1, 0x9002, 0X1, 0x5001, 0X1, 0x0000, 0X1E, 0x6001, 0X1, 0x9002, 0X1, 0x8002, 0X2, 0x8802, 0X3F, 0x8002, 0X1, 0x8802, 0X1, 0x8002, 0X1, 0x1000, 0X1, 0x0000, 0X1D, 0x1000, 0X1, 0x6001, 0X1, 0x9002, 0X1, 0x8802, 0X1, 0x8002, 0X1, 0x8802, 0X1, 0x8002, 0X1, 0x8802, 0X3D, 0x8002, 0X1, 0x9002, 0X1, 0x5001, 0X1, 0x0000, 0X1E, 0x1000, 0X1, 0x5001, 0X1, 0x8002, 0X1, 0x8802, 0X3, 0x8002, 0X1, 0x8802, 
0X3E, 0x8002, 0X1, 0x0000, 0X20, 0x1000, 0X2, 0x3000, 0X1, 0x8002, 0X1, 0x8802, 0X4, 0x8002, 0X3, 0x8802, 0X37, 0x8002, 0X1, 0x9002, 0X1, 0x5001, 0X1, 0x0000, 0X22, 0x3000, 0X1, 0x8002, 0X1, 0x8802, 0X4, 0x9002, 0X1, 0x8802, 0X38, 0x8002, 0X1, 0x8802, 0X1, 0x8002, 0X1, 0x1000, 0X1, 0x0000, 0X23, 0x5001, 0X1, 0x9002, 0X1, 0x8802, 0X1, 0x7002, 0X1, 0x5001, 0X1, 0x7002, 0X1, 0x8802, 0X1, 0x8002, 0X1, 0x8802, 0X36, 0x8002, 0X1, 0x9002, 0X1, 0x6001, 0X1, 0x0000, 0X24, 0x3000, 0X1, 0x1000, 0X1, 0x0000, 0X2, 0x1000, 0X1, 0x8002, 0X1, 0x8802, 0X1, 0x8002, 0X1, 0x8802, 0X36, 0x8002, 0X1, 0x8802, 0X1, 
0x3000, 0X1, 0x0000, 0X28, 0x6001, 0X1, 0x9002, 0X1, 0x8802, 0X37, 0x8002, 0X1, 0x8802, 0X1, 0x7002, 0X1, 0x0000, 0X29, 0x3000, 0X1, 0x8002, 0X1, 0x8802, 0X1, 0x8002, 0X1, 0x8802, 0X35, 0x8002, 0X1, 0x9002, 0X1, 0x3000, 0X1, 0x0000, 0X29, 0x6001, 0X1, 0x9002, 0X1, 0x8002, 0X1, 0x8802, 0X35, 0x8002, 0X1, 0x8802, 0X1, 0x8002, 0X1, 0x1000, 0X1, 0x0000, 0X28, 0x1000, 0X1, 0x8802, 0X38, 0x8002, 0X1, 0x9002, 0X1, 0x6001, 0X1, 0x0000, 0X29, 0x7802, 0X1, 0x8802, 0X1, 0x8002, 0X1, 0x8802, 0X36, 0x8002, 0X1, 0x9002, 0X1, 0x3000, 0X1, 0x0000, 0X27, 0x1000, 0X1, 0x8002, 0X1, 0x8802, 0X1, 0x8002, 0X1, 0x8802, 0X36, 0x8002, 0X1, 0x8802, 0X1, 0x8002, 0X1, 0x1000, 0X1, 0x0000, 0X26, 0x6001, 0X1, 0x9002, 0X1, 0x8002, 0X1, 0x8802, 0X38, 0x8002, 0X1, 
0x9002, 0X1, 0x7002, 0X1, 0x0000, 0X26, 0x7802, 0X1, 0x8802, 0X1, 0x8002, 0X1, 0x8802, 0X2B, 0x8002, 0X2, 0x8802, 0XC, 0x8002, 0X1, 0x9002, 0X1, 0x3000, 0X1, 0x0000, 0X24, 0x5001, 0X1, 0x8802, 0X1, 0x8002, 0X1, 0x8802, 0X22, 0x8002, 0X5, 0x8802, 0X3, 0x8002, 0X2, 0x8802, 0X2, 0x8002, 0X1, 0x8802, 0XB, 0x8002, 0X1, 0x8802, 0X1, 0x8002, 0X1, 0x1000, 0X1, 0x0000, 0X22, 0x6001, 0X1, 0x8802, 0X1, 0x8002, 0X1, 0x8802, 0X22, 0x8002, 0X1, 0x8802, 0X3, 0x9002, 0X1, 0x8802, 0X1, 0x8002, 0X3, 0x8802, 0X1, 0x9002, 0X1, 0x7002, 0X1, 0x7802, 0X1, 0x9002, 0X1, 0x8002, 0X3, 0x8802, 0X9, 0x8002, 0X1, 0x9002, 0X1, 
0x7002, 0X1, 0x0000, 0X21, 0x1000, 0X1, 0x6001, 0X1, 0x8802, 0X1, 0x8002, 0X1, 0x8802, 0X1B, 0x8002, 0X2, 0x8802, 0X4, 0x8002, 0X1, 0x8802, 0X1, 0x7002, 0X1, 0x8002, 0X2, 0x6001, 0X1, 0x7802, 0X1, 0x9002, 0X1, 0x8802, 0X1, 0x9002, 0X1, 0x8002, 0X1, 0x5001, 0X1, 0x0000, 0X1, 0x1000, 0X1, 0x6001, 0X1, 0x9002, 0X2, 0x8802, 0X1, 0x8002, 0X1, 0x8802, 0X8, 0x8002, 0X1, 0x8802, 0X1, 0x6001, 0X1, 0x0000, 0X22, 0x1000, 0X1, 0x7002, 0X1, 0x8802, 0X1, 0x8002, 0X1, 0x8802, 0X19, 0x8002, 0X1, 0x8802, 0X3, 0x8002, 0X3, 0x9002, 0X1, 0x7802, 0X1, 0x1000, 0X1, 0x3000, 0X1, 0x1800, 0X1, 0x0000, 0X1, 0x1000, 0X1, 0x6001, 0X2, 0x5001, 0X1, 0x1000, 0X1, 0x0000, 0X4, 0x5001, 0X1, 0x6001, 0X1, 0x8002, 0X1, 0x8802, 0X3, 0x8002, 0X3, 0x8802, 0X3, 0x8002, 0X1, 0x8802, 
0X1, 0x7002, 0X1, 0x0000, 0X23, 0x7002, 0X1, 0x8802, 0X1, 0x8002, 0X1, 0x8802, 0X18, 0x8002, 0X1, 0x9002, 0X1, 0x7002, 0X2, 0x8802, 0X2, 0x9002, 0X1, 0x8802, 0X1, 0x7802, 0X1, 0x3000, 0X1, 0x0000, 0XF, 0x1000, 0X1, 0x7802, 0X1, 0x8802, 0X1, 0x8002, 0X1, 0x8802, 0X1, 0x9002, 0X1, 0x8802, 0X6, 0x9002, 0X1, 0x3000, 0X1, 0x0000, 0X21, 0x3000, 0X1, 0x8802, 0X1A, 0x8002, 0X1, 0x8802, 0X1, 0x7002, 0X1, 0x0000, 0X2, 0x3000, 0X1, 0x5001, 0X1, 0x0000, 0X1, 0x3000, 0X1, 0x0000, 0X15, 0x3000, 0X1, 0x5001, 0X1, 0x8002, 0X1, 0x8802, 0X1, 0x8002, 0X1, 0x8802, 0X2, 0x8002, 0X1, 0x6001, 0X1, 0x3000, 0X1, 0x0000, 
0X20, 0x1000, 0X1, 0x7802, 0X1, 0x8802, 0X1, 0x8002, 0X1, 0x8802, 0X18, 0x8002, 0X1, 0x9002, 0X1, 0x6001, 0X1, 0x0000, 0X1D, 0x3000, 0X1, 0x8802, 0X2, 0x8002, 0X1, 0x9002, 0X1, 0x6001, 0X1, 0x0000, 0X22, 0x6001, 0X1, 0x9002, 0X1, 0x8002, 0X1, 0x8802, 0X19, 0x8002, 0X1, 0x8802, 0X1, 0x7802, 0X1, 0x0000, 0X1E, 0x5001, 0X1, 0x8802, 0X1, 0x8002, 0X1, 0x9002, 0X1, 0x7002, 0X1, 0x0000, 0X21, 0x3000, 0X1, 0x8802, 0X1, 0x8002, 0X3, 0x8802, 0X18, 0x8002, 0X1, 0x8802, 0X1, 0x8002, 0X1, 0x1000, 0X1, 0x0000, 0X1E, 0x3000, 0X1, 0x8802, 0X2, 0x6001, 0X1, 0x0000, 0X21, 0x8002, 0X1, 0x9002, 0X1, 0x8802, 0X2, 0x9002, 0X1, 0x8802, 0X14, 0x8002, 0X1, 0x8802, 0X3, 0x8002, 0X1, 0x8802, 0X1, 0x8002, 0X1, 0x1000, 0X1, 0x0000, 0X1F, 0x7002, 0X1, 0x9002, 0X1, 0x8002, 0X1, 
0x0000, 0X21, 0x6001, 0X1, 0x7802, 0X1, 0x6001, 0X1, 0x7802, 0X1, 0x6001, 0X1, 0x8002, 0X1, 0x8802, 0X14, 0x8002, 0X1, 0x8802, 0X5, 0x3000, 0X1, 0x0000, 0X1F, 0x5001, 0X1, 0x9002, 0X1, 0x8802, 0X1, 0x0000, 0X26, 0x6001, 0X1, 0x8802, 0X1, 0x8002, 0X1, 0x8802, 0XE, 0x8002, 0X1, 0x8802, 0X2, 0x8002, 0X1, 0x8802, 0X1, 0x8002, 0X1, 0x8802, 0X1, 0x8002, 0X1, 0x8802, 0X1, 0x7002, 0X1, 0x0000, 0X20, 0x5001, 0X1, 0x9002, 0X1, 0x8002, 0X1, 0x1000, 0X1, 0x0000, 0X25, 0x1000, 0X1, 0x8802, 0X11, 0x9002, 0X1, 0x7002, 0X1, 0x1800, 0X1, 0x8002, 0X1, 0x8802, 0X2, 0x8002, 0X1, 0x9002, 0X1, 0x6001, 0X1, 0x0000, 0X20, 0x3000, 0X1, 0x8002, 0X1, 0x8802, 0X1, 0x0000, 0X27, 0x5001, 0X1, 0x9002, 0X1, 0x8802, 0X1, 0x8002, 0X1, 0x8802, 0XA, 0x8002, 0X1, 0x8802, 0X1, 0x7802, 
0X2, 0x5001, 0X1, 0x0000, 0X1, 0x1000, 0X1, 0x6001, 0X1, 0x8802, 0X3, 0x5001, 0X1, 0x0000, 0X21, 0x3000, 0X1, 0x9002, 0X1, 0x5001, 0X1, 0x0000, 0X27, 0x5001, 0X1, 0x7802, 0X1, 0x8802, 0X2, 0x8002, 0X1, 0x8802, 0X7, 0x8002, 0X1, 0x9002, 0X1, 0x8002, 0X1, 0x1000, 0X1, 0x0000, 0X5, 0x3000, 0X1, 0x1000, 0X1, 0x0000, 0X24, 0x3000, 0X1, 0x6001, 0X1, 0x0000, 0X28, 0x1000, 0X1, 0x5001, 0X1, 0x8802, 0XA, 0x7802, 0X1, 0x5001, 0X1, 0x0000, 0X2D, 0x3000, 0X1, 0x1000, 0X1, 0x0000, 0X29, 0x3000, 0X1, 0x7802, 0X1, 0x8802, 0X4, 0x8002, 0X1, 0x8802, 0X2, 0x5001, 0X1, 0x1000, 0X1, 0x0000, 0X5B, 0x5001, 0X1, 0x8802, 0X2, 0x8002, 0X1, 0x8802, 0X1, 0x8002, 0X1, 0x1000, 0X1, 0x0000, 0X5E, 0x8002, 0X1, 0x8802, 0X2, 0x8002, 0X1, 0x6001, 0X1, 0x1000, 0X1, 0x0000, 0X5E, 0x7002, 0X1, 0x9002, 0X1, 0x8002, 0X1, 0x3000, 0X1, 0x1000, 0X1, 0x0000, 0X5F, 0x1000, 0X1, 0x7002, 0X1, 0x3000, 0X1, 0x0000, 0X9A
};
#define LCD_QUANGNGAI_SIZE 2042

static const uint16_t lcd_yenbai[2182] = { 
0x0000, 0X9E, 0x0121, 0X1, 0x1d08, 0X1, 0x13a6, 0X1, 0x0101, 0X1, 0x0040, 0X1, 0x0000, 0X5E, 0x0060, 0X1, 0x1d08, 0X1, 0x260a, 0X1, 0x25ea, 0X1, 0x2569, 0X1, 0x1d08, 0X1, 0x13c6, 0X1, 0x0121, 0X1, 0x0000, 0X5C, 0x1325, 0X1, 0x260a, 0X1, 0x2569, 0X2, 0x25a9, 0X1, 0x25c9, 0X1, 0x260a, 0X1, 0x2569, 0X1, 0x13c6, 0X2, 0x1325, 0X1, 0x0040, 0X1, 0x0000, 0X58, 0x1325, 0X1, 0x25ea, 0X1, 0x2569, 0X1, 0x2589, 0X3, 0x2569, 0X1, 0x25a9, 0X1, 0x25ea, 0X2, 0x260a, 
0X1, 0x0a23, 0X1, 0x0000, 0X58, 0x13c6, 0X1, 0x264a, 0X1, 0x25a9, 0X1, 0x25c9, 0X1, 0x2589, 0X4, 0x2569, 0X2, 0x25c9, 0X1, 0x1ca8, 0X1, 0x0000, 0X58, 0x0101, 0X1, 0x1325, 0X1, 0x0060, 0X1, 0x1325, 0X1, 0x25c9, 0X1, 0x2589, 0X4, 0x2569, 0X1, 0x25c9, 0X1, 0x1325, 0X1, 0x0000, 0X5A, 0x0040, 0X1, 0x1c67, 0X1, 0x25c9, 0X1, 0x2569, 0X1, 0x2589, 0X4, 0x25c9, 0X1, 0x0121, 0X1, 0x0000, 0X4A, 0x0a84, 0X1, 0x0101, 0X1, 0x0000, 0XE, 0x0040, 0X1, 0x25a9, 0X2, 0x2589, 0X4, 0x2569, 0X1, 0x25c9, 0X1, 0x13c6, 0X1, 0x0060, 0X1, 0x0000, 0X48, 0x0a23, 0X1, 0x260a, 0X1, 0x25a9, 0X1, 0x0a84, 0X1, 0x0040, 0X1, 0x0000, 
0XB, 0x0040, 0X1, 0x0000, 0X1, 0x13c6, 0X1, 0x25ea, 0X1, 0x2569, 0X1, 0x2589, 0X4, 0x2569, 0X1, 0x25ea, 0X1, 0x1c67, 0X1, 0x0a23, 0X1, 0x0000, 0X5, 0x0040, 0X1, 0x0000, 0X1, 0x0060, 0X1, 0x0000, 0X3E, 0x1325, 0X1, 0x25c9, 0X1, 0x2589, 0X2, 0x264a, 0X1, 0x13c6, 0X1, 0x0000, 0XA, 0x13c6, 0X1, 0x1d08, 0X1, 0x1325, 0X2, 0x25a9, 0X1, 0x2589, 0X6, 0x2569, 0X1, 0x25c9, 0X2, 0x0121, 0X1, 0x0000, 0X1, 0x0101, 0X2, 0x0121, 0X1, 0x1d08, 0X2, 0x1c67, 0X1, 0x0000, 0X3E, 0x0121, 0X1, 0x2569, 0X1, 0x25a9, 0X1, 0x2569, 0X1, 0x2589, 0X1, 0x25a9, 0X1, 0x13c6, 0X1, 0x0040, 0X1, 0x0000, 0X8, 0x1325, 0X1, 0x264a, 
0X1, 0x25ea, 0X1, 0x25c9, 0X1, 0x2589, 0X8, 0x2569, 0X1, 0x2589, 0X1, 0x25c9, 0X1, 0x1d08, 0X1, 0x2569, 0X1, 0x25c9, 0X3, 0x25ea, 0X1, 0x25a9, 0X1, 0x0060, 0X1, 0x0000, 0X3E, 0x13a6, 0X1, 0x25ea, 0X1, 0x2569, 0X1, 0x2589, 0X2, 0x260a, 0X1, 0x13c6, 0X1, 0x0000, 0X8, 0x1c67, 0X1, 0x25ea, 0X1, 0x2569, 0X1, 0x2589, 0XC, 0x25c9, 0X1, 0x25a9, 0X1, 0x2589, 0X2, 0x2569, 0X2, 0x25c9, 0X1, 0x0a84, 0X1, 0x0000, 0X3E, 0x1c67, 0X1, 0x25ea, 0X1, 0x2569, 0X1, 0x2589, 0X2, 0x2569, 0X1, 0x25c9, 0X1, 0x1c67, 0X1, 0x0060, 0X1, 0x0000, 0X6, 0x1ca8, 0X1, 0x25c9, 0X1, 0x2569, 0X1, 0x2589, 0XC, 0x2569, 0X1, 0x2589, 
0X4, 0x2569, 0X1, 0x25ea, 0X1, 0x1325, 0X1, 0x0000, 0X3E, 0x0a23, 0X1, 0x25ea, 0X1, 0x2589, 0X5, 0x25ea, 0X1, 0x2569, 0X1, 0x0a23, 0X1, 0x0000, 0X5, 0x2569, 0X1, 0x25a9, 0X1, 0x2589, 0X12, 0x2569, 0X1, 0x25ea, 0X1, 0x1325, 0X1, 0x0000, 0X3D, 0x0040, 0X1, 0x1c67, 0X1, 0x25a9, 0X1, 0x2589, 0X5, 0x2569, 0X1, 0x25a9, 0X1, 0x25ea, 0X1, 0x0a23, 0X1, 0x0000, 0X3, 0x0121, 0X1, 0x2569, 0X1, 0x25a9, 0X1, 0x2589, 0X12, 0x2569, 0X1, 0x25c9, 0X1, 0x1ca8, 0X1, 0x0000, 0X3D, 0x1325, 0X1, 0x260a, 0X1, 0x2569, 0X1, 0x2589, 0X6, 0x2569, 0X1, 0x2589, 0X1, 0x25c9, 0X1, 0x13c6, 0X1, 0x0000, 0X2, 0x1c67, 0X1, 0x25ea, 0X1, 0x2569, 0X1, 0x2589, 0X12, 0x2569, 0X1, 0x25c9, 0X1, 0x1d08, 0X1, 0x0060, 0X1, 0x0000, 0X3B, 0x09e3, 0X1, 0x25a9, 0X1, 0x2589, 0XB, 0x25c9, 0X1, 
0x13c6, 0X1, 0x0a84, 0X1, 0x25c9, 0X1, 0x2589, 0X16, 0x25c9, 0X1, 0x0a23, 0X1, 0x0000, 0X3B, 0x0a84, 0X1, 0x260a, 0X1, 0x2569, 0X1, 0x2589, 0XB, 0x25ea, 0X2, 0x2589, 0X16, 0x2569, 0X1, 0x25c9, 0X1, 0x1d08, 0X1, 0x0101, 0X1, 0x0040, 0X1, 0x0000, 0X39, 0x0060, 0X1, 0x1ca8, 0X1, 0x25ea, 0X1, 0x2569, 0X1, 0x2589, 0XA, 0x2569, 0X2, 0x2589, 0X18, 0x25a9, 0X2, 0x1d08, 0X1, 0x0a23, 0X1, 0x0060, 0X1, 0x0040, 0X1, 0x0000, 0X37, 0x0121, 0X1, 0x2569, 0X1, 0x25c9, 0X1, 0x2569, 0X1, 0x2589, 0X24, 0x25a9, 0X1, 0x25c9, 0X2, 0x25a9, 0X1, 0x1d08, 0X1, 0x0000, 0X38, 0x0a23, 0X1, 0x25a9, 0X1, 0x2589, 0X26, 0x2569, 0X1, 0x2589, 0X2, 0x25c9, 0X1, 0x0a84, 0X1, 0x0040, 0X1, 0x0060, 0X1, 0x13c6, 0X1, 0x0a23, 0X1, 0x0000, 0X34, 0x1325, 0X1, 0x25ea, 0X1, 0x2569, 0X1, 0x2589, 
0X28, 0x25a9, 0X1, 0x1c67, 0X1, 0x1ca8, 0X1, 0x264a, 0X1, 0x0a84, 0X1, 0x0000, 0X34, 0x09e3, 0X1, 0x25c9, 0X1, 0x2589, 0X29, 0x25a9, 0X1, 0x25ea, 0X1, 0x25c9, 0X2, 0x0a84, 0X1, 0x0000, 0X34, 0x0040, 0X1, 0x2569, 0X1, 0x25a9, 0X1, 0x2589, 0X2B, 0x25c9, 0X1, 0x0060, 0X1, 0x0000, 0X35, 0x1c67, 0X1, 0x25ea, 0X1, 0x2569, 0X1, 0x2589, 0X29, 0x2569, 0X1, 0x25ea, 0X1, 0x1325, 0X1, 0x0000, 0X35, 0x0a23, 0X1, 0x25ea, 0X1, 0x2589, 0X2A, 0x2569, 0X1, 0x25ea, 0X1, 0x1325, 0X1, 0x0000, 0X10, 0x0040, 0X1, 0x0121, 0X1, 0x0000, 0X23, 0x09e3, 0X1, 0x25c9, 0X1, 0x2589, 0X2A, 0x2569, 0X1, 0x25ea, 0X1, 0x09e3, 0X1, 0x0000, 0XF, 0x0040, 0X1, 0x1d08, 0X1, 0x2569, 0X1, 0x0040, 0X1, 0x0000, 0X22, 0x0101, 0X1, 0x25c9, 0X1, 0x2589, 0X2B, 0x25c9, 0X1, 0x09e3, 
0X1, 0x0000, 0XF, 0x0a23, 0X1, 0x264a, 0X1, 0x1c67, 0X1, 0x0000, 0X11, 0x0121, 0X1, 0x1c67, 0X1, 0x1325, 0X1, 0x0060, 0X1, 0x0000, 0X2, 0x0060, 0X1, 0x0000, 0XB, 0x0101, 0X1, 0x25c9, 0X1, 0x2589, 0X29, 0x2569, 0X1, 0x25c9, 0X1, 0x1d08, 0X1, 0x0060, 0X1, 0x0000, 0XB, 0x0121, 0X1, 0x0101, 0X1, 0x0000, 0X1, 0x0101, 0X1, 0x1d08, 0X1, 0x25c9, 0X1, 0x2569, 0X1, 0x0101, 0X1, 0x0000, 0X11, 0x0040, 0X1, 0x2569, 0X2, 0x13c6, 0X1, 0x13a6, 0X1, 0x1d08, 0X1, 0x0121, 0X1, 0x0000, 0X9, 0x0a23, 0X1, 0x2569, 0X1, 0x25a9, 0X1, 0x2589, 0X2A, 0x25a9, 0X1, 0x2569, 0X1, 0x1325, 0X1, 0x1c67, 0X1, 0x1325, 0X1, 0x0000, 0X7, 0x0101, 0X1, 0x1c67, 0X1, 0x2569, 0X1, 0x25a9, 0X1, 0x13a6, 0X1, 0x1ca8, 0X1, 0x25ea, 0X1, 0x2569, 0X1, 0x25c9, 0X1, 0x2569, 0X1, 0x1325, 0X1, 
0x09e3, 0X2, 0x0040, 0X1, 0x0000, 0X2, 0x0040, 0X1, 0x0121, 0X1, 0x0000, 0XA, 0x1325, 0X1, 0x260a, 0X1, 0x25ea, 0X2, 0x25c9, 0X2, 0x1d08, 0X1, 0x1325, 0X1, 0x0000, 0X5, 0x0101, 0X1, 0x1c67, 0X1, 0x25c9, 0X2, 0x2569, 0X1, 0x2589, 0X2C, 0x25c9, 0X1, 0x264a, 0X1, 0x13c6, 0X1, 0x0000, 0X7, 0x1325, 0X1, 0x260a, 0X1, 0x2589, 0X1, 0x25a9, 0X1, 0x25ea, 0X1, 0x25c9, 0X1, 0x2569, 0X1, 0x2589, 0X2, 0x25a9, 0X1, 0x25ea, 0X2, 0x25c9, 0X1, 0x25a9, 0X1, 0x1c67, 0X1, 0x0a84, 0X1, 0x1c67, 0X1, 0x25a9, 0X1, 0x1d08, 0X1, 0x13c6, 0X1, 0x0060, 0X1, 0x0000, 0X7, 0x13c6, 0X1, 0x25ea, 0X1, 0x2569, 0X3, 0x2589, 0X1, 0x25ea, 0X1, 0x25a9, 0X1, 0x0101, 0X1, 0x0000, 0X4, 0x1d08, 0X1, 0x264a, 0X1, 0x2589, 0X1, 0x2569, 0X1, 0x2589, 0X2E, 0x25a9, 0X1, 0x0121, 0X1, 0x0000, 
0X7, 0x13a6, 0X1, 0x25c9, 0X1, 0x2569, 0X1, 0x2589, 0X1, 0x2569, 0X2, 0x2589, 0X4, 0x2569, 0X1, 0x2589, 0X2, 0x25a9, 0X1, 0x25ea, 0X2, 0x25c9, 0X1, 0x2589, 0X1, 0x25c9, 0X1, 0x25ea, 0X1, 0x1d08, 0X1, 0x13a6, 0X1, 0x0a84, 0X1, 0x09e3, 0X1, 0x0040, 0X1, 0x0060, 0X1, 0x09e3, 0X1, 0x13c6, 0X1, 0x25a9, 0X1, 0x2589, 0X5, 0x2569, 0X1, 0x25c9, 0X1, 0x1c67, 0X1, 0x0040, 0X1, 0x0000, 0X1, 0x0040, 0X1, 0x1325, 0X1, 0x25c9, 0X1, 0x2569, 0X1, 0x2589, 0X31, 0x13c6, 0X1, 0x09e3, 0X1, 0x0000, 0X6, 0x13a6, 0X1, 0x25a9, 0X1, 0x2569, 0X1, 0x2589, 0XB, 0x2569, 0X1, 0x2589, 0X1, 0x2569, 0X1, 0x2589, 0X1, 0x2569, 0X2, 0x25c9, 0X1, 0x25ea, 0X2, 0x25c9, 0X1, 0x25a9, 0X1, 0x2569, 0X1, 0x25c9, 0X1, 0x25ea, 0X1, 0x25a9, 0X1, 0x2589, 0X7, 0x25c9, 0X1, 0x13c6, 0X1, 
0x0121, 0X1, 0x1c67, 0X1, 0x25c9, 0X1, 0x2589, 0X33, 0x25ea, 0X1, 0x260a, 0X1, 0x0121, 0X1, 0x0000, 0X5, 0x09e3, 0X1, 0x25ea, 0X1, 0x2589, 0X12, 0x2569, 0X3, 0x2589, 0X1, 0x25a9, 0X2, 0x2589, 0X1, 0x2569, 0X1, 0x2589, 0X9, 0x25c9, 0X1, 0x25a9, 0X1, 0x25c9, 0X1, 0x2589, 0X34, 0x2569, 0X1, 0x25ea, 0X1, 0x1325, 0X1, 0x0000, 0X6, 0x0a23, 0X1, 0x25a9, 0X2, 0x2589, 0X21, 0x2569, 0X1, 0x25a9, 0X1, 0x2569, 0X1, 0x2589, 0X36, 0x25a9, 0X1, 0x1325, 0X1, 0x0000, 0X6, 0x0a23, 0X1, 0x25c9, 0X1, 0x2589, 0X5A, 0x25a9, 0X1, 0x25c9, 0X1, 0x0121, 0X1, 0x0000, 0X6, 0x13c6, 0X1, 0x25ea, 0X1, 0x2569, 0X1, 0x2589, 0X58, 0x2569, 0X1, 0x25a9, 0X1, 0x2569, 0X1, 0x0121, 0X1, 0x0000, 0X5, 0x0040, 0X1, 0x13c6, 0X1, 0x25ea, 0X1, 0x2569, 0X1, 0x2589, 0X59, 0x25a9, 0X1, 0x260a, 
0X1, 0x13c6, 0X1, 0x0000, 0X5, 0x0040, 0X1, 0x1c67, 0X1, 0x25c9, 0X1, 0x2569, 0X1, 0x2589, 0X59, 0x25a9, 0X1, 0x0101, 0X1, 0x0000, 0X6, 0x0101, 0X1, 0x25a9, 0X1, 0x2589, 0X58, 0x2569, 0X1, 0x260a, 0X1, 0x13c6, 0X1, 0x0000, 0X8, 0x1c67, 0X1, 0x25ea, 0X1, 0x2569, 0X1, 0x2589, 0X55, 0x2569, 0X1, 0x25c9, 0X1, 0x1d08, 0X1, 0x0060, 0X1, 0x0000, 0X8, 0x0060, 0X1, 0x25a9, 0X1, 0x2589, 0X57, 0x25a9, 0X2, 0x0121, 0X1, 0x0000, 0X7, 0x0040, 0X1, 0x0a84, 0X1, 0x25c9, 0X1, 0x2589, 0X58, 0x1c67, 0X1, 0x0000, 0X6, 0x0040, 0X2, 0x0a23, 0X1, 0x25c9, 0X1, 0x25a9, 0X1, 0x2589, 0X55, 0x2569, 0X1, 0x25c9, 0X1, 0x1ca8, 0X1, 0x0121, 0X1, 0x0000, 0X6, 0x1d08, 0X1, 0x2569, 0X1, 0x25c9, 0X1, 0x2589, 0X58, 0x2569, 0X1, 0x25c9, 0X1, 0x1d08, 0X1, 0x0040, 0X1, 0x0000, 0X4, 
0x0121, 0X1, 0x25c9, 0X1, 0x25a9, 0X1, 0x2589, 0X57, 0x2569, 0X1, 0x25a9, 0X1, 0x2589, 0X3, 0x1325, 0X1, 0x0000, 0X4, 0x0060, 0X1, 0x1d08, 0X1, 0x260a, 0X1, 0x2569, 0X1, 0x2589, 0X55, 0x25a9, 0X1, 0x25c9, 0X1, 0x25a9, 0X1, 0x25c9, 0X1, 0x25a9, 0X3, 0x0121, 0X1, 0x0000, 0X4, 0x0101, 0X1, 0x1ca8, 0X1, 0x25a9, 0X1, 0x2569, 0X1, 0x2589, 0X1, 0x25a9, 0X1, 0x2589, 0X1, 0x2569, 0X3, 0x2589, 0X10, 0x2569, 0X2, 0x2589, 0X3B, 0x25a9, 0X1, 0x2569, 0X1, 0x1c67, 0X1, 0x0121, 0X1, 0x1325, 0X1, 0x25a9, 0X2, 0x260a, 0X1, 0x13c6, 0X1, 0x0000, 0X5, 0x0a84, 0X1, 0x264a, 0X1, 0x25ea, 0X1, 0x2589, 0X1, 0x2569, 0X1, 0x25c9, 0X1, 0x25ea, 0X3, 0x2589, 0X1, 0x2569, 0X1, 0x2589, 0X5, 0x2569, 0X3, 0x2589, 0X2, 0x2569, 0X1, 0x25c9, 0X3, 0x25ea, 0X1, 0x25c9, 0X1, 0x25a9, 0X1, 0x2589, 0X1, 0x2569, 0X4, 0x2589, 0X31, 0x2569, 0X3, 0x25a9, 0X1, 0x1c67, 0X1, 0x0060, 0X1, 0x0000, 0X3, 0x0060, 0X1, 0x0101, 0X1, 0x1325, 0X1, 
0x13c6, 0X1, 0x0060, 0X1, 0x0000, 0X4, 0x0121, 0X1, 0x13a6, 0X2, 0x0a23, 0X1, 0x0040, 0X1, 0x0101, 0X1, 0x13c6, 0X1, 0x0a84, 0X1, 0x1c67, 0X1, 0x25ea, 0X2, 0x25a9, 0X1, 0x2589, 0X1, 0x2569, 0X2, 0x25a9, 0X1, 0x25c9, 0X2, 0x25ea, 0X1, 0x25a9, 0X1, 0x2569, 0X1, 0x25ea, 0X1, 0x1ca8, 0X1, 0x0a23, 0X2, 0x09e3, 0X1, 0x13a6, 0X1, 0x2569, 0X1, 0x25a9, 0X1, 0x25c9, 0X1, 0x25ea, 0X2, 0x25c9, 0X1, 0x25a9, 0X1, 0x2589, 0X30, 0x25ea, 0X1, 0x25c9, 0X1, 0x260a, 0X1, 0x13c6, 0X1, 0x0060, 0X1, 0x0000, 0X16, 0x0a84, 0X1, 0x1ca8, 0X1, 0x2569, 0X1, 0x25ea, 0X3, 0x25a9, 0X1, 0x1ca8, 0X2, 0x1c67, 0X1, 0x25a9, 0X1, 0x260a, 0X1, 0x2569, 0X1, 0x0121, 0X1, 0x0000, 0X4, 0x0040, 0X1, 0x0101, 0X1, 0x13c6, 0X1, 0x1ca8, 0X1, 0x1c67, 0X1, 0x1ca8, 0X1, 0x2569, 0X1, 0x25a9, 
0X1, 0x2589, 0X2C, 0x2569, 0X1, 0x25a9, 0X1, 0x25c9, 0X1, 0x1c67, 0X1, 0x1325, 0X1, 0x1d08, 0X1, 0x0121, 0X1, 0x0000, 0X19, 0x0040, 0X1, 0x1325, 0X1, 0x13a6, 0X1, 0x0a84, 0X1, 0x0101, 0X1, 0x0000, 0X3, 0x0040, 0X1, 0x09e3, 0X1, 0x0101, 0X1, 0x0000, 0XB, 0x13a6, 0X1, 0x25ea, 0X1, 0x2569, 0X1, 0x2589, 0X2B, 0x25c9, 0X1, 0x25a9, 0X1, 0x13c6, 0X1, 0x0040, 0X1, 0x0000, 0X1, 0x0121, 0X1, 0x0000, 0X2F, 0x0101, 0X1, 0x2569, 0X1, 0x25a9, 0X1, 0x2589, 0X2B, 0x25a9, 0X1, 0x13c6, 0X1, 0x0060, 0X1, 0x0000, 0X32, 0x0121, 0X1, 0x25a9, 0X1, 0x25c9, 0X1, 0x2569, 0X1, 0x2589, 0X2A, 0x25a9, 0X1, 0x25c9, 0X1, 0x0040, 0X1, 0x0000, 0X32, 0x0121, 0X1, 0x2569, 0X1, 0x25c9, 0X1, 0x2569, 0X1, 0x2589, 0X2A, 0x25a9, 0X1, 0x2569, 0X1, 0x0a84, 0X1, 0x0000, 0X32, 0x1325, 0X1, 
0x25c9, 0X1, 0x25a9, 0X1, 0x2569, 0X1, 0x2589, 0X2C, 0x25a9, 0X1, 0x0040, 0X1, 0x0000, 0X32, 0x09e3, 0X1, 0x25ea, 0X1, 0x2569, 0X1, 0x2589, 0X2C, 0x2569, 0X1, 0x25c9, 0X1, 0x09e3, 0X1, 0x0000, 0X32, 0x0101, 0X1, 0x25c9, 0X1, 0x2589, 0X2D, 0x25a9, 0X1, 0x264a, 0X1, 0x13c6, 0X1, 0x0000, 0X31, 0x0060, 0X1, 0x1d08, 0X1, 0x25a9, 0X1, 0x2589, 0X2C, 0x25a9, 0X1, 0x2569, 0X1, 0x1c67, 0X1, 0x0121, 0X1, 0x0000, 0X31, 0x1325, 0X1, 0x260a, 0X1, 0x2569, 0X1, 0x2589, 0X2C, 0x25c9, 0X1, 0x0101, 0X1, 0x0000, 0X33, 0x0121, 0X1, 0x2569, 0X1, 0x25a9, 0X1, 0x2589, 0X2C, 0x25c9, 0X1, 0x1325, 0X1, 0x0000, 0X34, 
0x0a84, 0X1, 0x25ea, 0X1, 0x2569, 0X1, 0x2589, 0X2C, 0x260a, 0X1, 0x0a23, 0X1, 0x0000, 0X33, 0x09e3, 0X1, 0x25ea, 0X1, 0x2569, 0X1, 0x2589, 0X2B, 0x2569, 0X1, 0x25ea, 0X1, 0x0a84, 0X1, 0x0000, 0X33, 0x13c6, 0X1, 0x25ea, 0X1, 0x2569, 0X1, 0x2589, 0X2B, 0x2569, 0X1, 0x25ea, 0X1, 0x0a84, 0X1, 0x0000, 0X32, 0x0040, 0X1, 0x25a9, 0X2, 0x2589, 0X2C, 0x2569, 0X1, 0x25c9, 0X1, 0x1d08, 0X1, 0x0060, 0X1, 0x0000, 0X32, 0x260a, 0X1, 0x2589, 0X2F, 0x25ea, 0X1, 0x0121, 0X1, 0x0000, 0X31, 0x0040, 0X1, 0x1c67, 0X1, 0x25c9, 0X1, 0x2589, 0X2D, 0x2569, 0X1, 0x25c9, 0X1, 0x1c67, 0X1, 0x0040, 0X1, 0x0000, 0X31, 0x0040, 0X1, 0x1ca8, 0X1, 0x25ea, 0X1, 0x2589, 0X15, 0x2569, 0X1, 0x2589, 0X18, 0x25ea, 0X1, 0x0a84, 0X1, 0x0000, 0X32, 0x1c67, 0X1, 0x25c9, 0X1, 
0x2589, 0X10, 0x2569, 0X4, 0x2589, 0X1, 0x25c9, 0X1, 0x25a9, 0X1, 0x2589, 0X16, 0x2569, 0X1, 0x25ea, 0X1, 0x13a6, 0X1, 0x0000, 0X33, 0x0a84, 0X1, 0x25ea, 0X1, 0x2589, 0X1, 0x25a9, 0X1, 0x2589, 0X1, 0x2569, 0X2, 0x2589, 0XA, 0x25c9, 0X1, 0x25ea, 0X3, 0x25c9, 0X1, 0x1d08, 0X1, 0x2569, 0X1, 0x25a9, 0X1, 0x2569, 0X1, 0x2589, 0X4, 0x2569, 0X1, 0x2589, 0X10, 0x25c9, 0X1, 0x0a84, 0X1, 0x0000, 0X34, 0x1c67, 0X1, 0x0a84, 0X1, 0x1325, 0X1, 0x260a, 0X1, 0x25ea, 0X2, 0x2589, 0X8, 0x2569, 0X1, 0x25c9, 0X1, 0x13c6, 0X1, 0x0a23, 0X1, 0x1c67, 0X2, 0x1325, 0X1, 0x0040, 0X1, 0x0060, 0X1, 0x1d08, 0X1, 0x260a, 0X1, 0x2569, 0X2, 0x2589, 0X2, 0x25c9, 0X3, 0x25ea, 0X1, 0x25a9, 0X1, 0x2589, 0XC, 0x25c9, 0X1, 0x0101, 0X1, 0x0000, 0X37, 0x1325, 0X2, 0x13c6, 0X1, 
0x25ea, 0X1, 0x25a9, 0X1, 0x2589, 0X5, 0x2569, 0X1, 0x25ea, 0X1, 0x1c67, 0X1, 0x0040, 0X1, 0x0000, 0X6, 0x0101, 0X1, 0x1c67, 0X1, 0x25ea, 0X1, 0x25c9, 0X1, 0x2589, 0X1, 0x25a9, 0X1, 0x1ca8, 0X1, 0x0a23, 0X1, 0x0a84, 0X2, 0x1325, 0X1, 0x25ea, 0X1, 0x2569, 0X1, 0x2589, 0X8, 0x2569, 0X1, 0x260a, 0X1, 0x13c6, 0X1, 0x0000, 0X3B, 0x0a84, 0X1, 0x2569, 0X1, 0x25a9, 0X1, 0x2569, 0X1, 0x2589, 0X2, 0x2569, 0X1, 0x25c9, 0X2, 0x0121, 0X1, 0x0000, 0X8, 0x0040, 0X1, 0x1325, 0X1, 0x1d08, 0X1, 0x25a9, 0X1, 0x264a, 0X1, 0x0a23, 0X1, 0x0000, 0X3, 0x1325, 0X1, 0x260a, 0X1, 0x2569, 0X1, 0x2589, 0X7, 0x2569, 0X1, 
0x25c9, 0X1, 0x1325, 0X1, 0x0060, 0X1, 0x0000, 0X3C, 0x0101, 0X1, 0x25c9, 0X1, 0x2589, 0X2, 0x2569, 0X1, 0x25a9, 0X1, 0x2569, 0X1, 0x0a23, 0X1, 0x0000, 0XC, 0x0101, 0X1, 0x1325, 0X1, 0x0121, 0X1, 0x0000, 0X3, 0x0101, 0X1, 0x25a9, 0X1, 0x2589, 0X8, 0x25ea, 0X1, 0x260a, 0X1, 0x0a23, 0X1, 0x0000, 0X3D, 0x0040, 0X1, 0x2569, 0X1, 0x25c9, 0X2, 0x260a, 0X1, 0x2569, 0X1, 0x0121, 0X1, 0x0000, 0X14, 0x0a84, 0X1, 0x260a, 0X1, 0x2589, 0X4, 0x2569, 0X1, 0x2589, 0X2, 0x0a84, 0X1, 0x2569, 0X1, 0x1d08, 0X1, 0x0060, 0X1, 0x0000, 0X3D, 0x0101, 0X1, 0x0040, 0X1, 0x0101, 0X1, 0x1325, 0X1, 0x0121, 0X1, 0x0000, 0X15, 
0x0060, 0X1, 0x1ca8, 0X1, 0x2589, 0X2, 0x25a9, 0X2, 0x25ea, 0X1, 0x264a, 0X1, 0x13a6, 0X1, 0x0040, 0X1, 0x0a23, 0X1, 0x264a, 0X1, 0x13c6, 0X1, 0x0000, 0X59, 0x13a6, 0X1, 0x260a, 0X1, 0x2569, 0X2, 0x13a6, 0X1, 0x1c67, 0X1, 0x0121, 0X1, 0x0000, 0X2, 0x0101, 0X1, 0x0040, 0X1, 0x0000, 0X59, 0x0a23, 0X1, 0x0a84, 0X1, 0x0040, 0X2, 0x0000, 0X18
};

static const uint16_t lcd_thermometer[838] = {
0x0000, 0xA, 0xb67c, 0x1, 0xa63b, 0x1, 0x95da, 0x1, 0x8d99, 0x1, 0x95ba, 0x1, 0x9e1b, 0x1, 0xae7c, 0x1, 0x0000, 0x18, 0xb67c, 0x1, 0x95da, 0x1, 0x8d79, 0x5, 0x8d99, 0x1, 0xae5b, 0x1, 0x0000, 0x17, 0x9dfa, 0x1, 0x8d79, 0x2, 0xae3b, 0x1, 0xbedd, 0x1, 0xb69c, 0x1, 0x8d9a, 0x1, 0x8d79, 0x1, 0x8d9a, 0x1, 0xae5c, 0x1, 0x0000, 0x15, 0xae7c, 0x1, 0x8d79, 0x2, 0xb69c, 0x1, 0xdf9f, 0x1, 0xdf3d, 0x1, 0xdf9f, 0x1, 0xcf3e, 0x1, 0x8d99, 0x1, 0x8d79,
0x1, 0xa63b, 0x1, 0x0000, 0x2, 0x95fc, 0x5, 0x0000, 0xE, 0xae3b, 0x1, 0x8d79, 0x1, 0x8d99, 0x1, 0xdf9f, 0x1, 0xe515, 0x1, 0xe28a, 0x1, 0xe34d, 0x1, 0xdf9f, 0x1, 0xa61b, 0x1, 0x8d79, 0x1, 0x9dfb, 0x1, 0x0000, 0x1, 0x95fc, 0x1, 0x8d79, 0x5, 0x95fc, 0x1, 0x0000, 0xD, 0xa63b, 0x1, 0x8d79, 0x1, 0x95ba, 0x1, 0xdf9f, 0x1, 0xe3cf, 0x1, 0xe28a, 0x1, 0xe2cb, 0x1, 0xdf9f, 0x1, 0xae5c, 0x1, 0x8d79, 0x1, 0x95da, 0x1, 0x0000, 0x1, 0x95fc, 0x1, 0x8d79,
0x5, 0x95fc, 0x1, 0x0000, 0xD, 0xa63b, 0x1, 0x8d79, 0x1, 0x95ba, 0x1, 0xdf9f, 0x1, 0xe3cf, 0x1, 0xe28a, 0x1, 0xe2cb, 0x1, 0xdf9f, 0x1, 0xae5c, 0x1, 0x8d79, 0x1, 0x95da, 0x1, 0x0000, 0x2, 0x95fc, 0x5, 0x0000, 0xE, 0xa63b, 0x1, 0x8d79, 0x1, 0x95ba, 0x1, 0xdf9f, 0x1, 0xe3cf, 0x1, 0xe28a, 0x1, 0xe2cb, 0x1, 0xdf9f, 0x1, 0xae5c, 0x1, 0x8d79, 0x1, 0x95da, 0x1, 0x0000, 0x15, 0xa63b, 0x1, 0x8d79, 0x1, 0x95ba, 0x1, 0xdf9f, 0x1, 0xe3cf, 0x1, 0xe28a,
0x1, 0xe2cb, 0x1, 0xdf9f, 0x1, 0xae5c, 0x1, 0x8d79, 0x1, 0x95da, 0x1, 0x0000, 0x2, 0x95fc, 0x3, 0x0000, 0x10, 0xa63b, 0x1, 0x8d79, 0x1, 0x95ba, 0x1, 0xdf9f, 0x1, 0xe3cf, 0x1, 0xe28a, 0x1, 0xe2cb, 0x1, 0xdf9f, 0x1, 0xae5c, 0x1, 0x8d79, 0x1, 0x95da, 0x1, 0x0000, 0x1, 0x95fc, 0x1, 0x8d79, 0x3, 0x95fc, 0x1, 0x0000, 0xF, 0xa63b, 0x1, 0x8d79, 0x1, 0x95ba, 0x1, 0xdf9f, 0x1, 0xe3cf, 0x1, 0xe28a, 0x1, 0xe2cb, 0x1, 0xdf9f, 0x1, 0xae5c, 0x1, 0x8d79,
0x1, 0x95da, 0x1, 0x0000, 0x1, 0x95fc, 0x1, 0x8d79, 0x3, 0x95fc, 0x1, 0x0000, 0xF, 0xa63b, 0x1, 0x8d79, 0x1, 0x95ba, 0x1, 0xdf9f, 0x1, 0xe3cf, 0x1, 0xe28a, 0x1, 0xe2cb, 0x1, 0xdf9f, 0x1, 0xae5c, 0x1, 0x8d79, 0x1, 0x95da, 0x1, 0x0000, 0x2, 0x95fc, 0x3, 0x0000, 0x10, 0xa63b, 0x1, 0x8d79, 0x1, 0x95ba, 0x1, 0xdf9f, 0x1, 0xe3cf, 0x1, 0xe28a, 0x1, 0xe2cb, 0x1, 0xdf9f, 0x1, 0xae5c, 0x1, 0x8d79, 0x1, 0x95da, 0x1, 0x0000, 0x15, 0xa63b, 0x1, 0x8d79,
0x1, 0x95ba, 0x1, 0xdf9f, 0x1, 0xe3cf, 0x1, 0xe28a, 0x1, 0xe2cb, 0x1, 0xdf9f, 0x1, 0xae5c, 0x1, 0x8d79, 0x1, 0x95da, 0x1, 0x0000, 0x2, 0x95fc, 0x5, 0x0000, 0xE, 0xa63b, 0x1, 0x8d79, 0x1, 0x95ba, 0x1, 0xdf9f, 0x1, 0xe3cf, 0x1, 0xe28a, 0x1, 0xe2cb, 0x1, 0xdf9f, 0x1, 0xae5c, 0x1, 0x8d79, 0x1, 0x95da, 0x1, 0x0000, 0x1, 0x95fc, 0x1, 0x8d79, 0x5, 0x95fc, 0x1, 0x0000, 0xD, 0xa63b, 0x1, 0x8d79, 0x1, 0x95ba, 0x1, 0xdf9f, 0x1, 0xe3cf, 0x1, 0xe28a, 0x1,
0xe2cb, 0x1, 0xdf9f, 0x1, 0xae5c, 0x1, 0x8d79, 0x1, 0x95da, 0x1, 0x0000, 0x1, 0x95fc, 0x1, 0x8d79, 0x5, 0x95fc, 0x1, 0x0000, 0xD, 0xa61b, 0x1, 0x8d79, 0x1, 0x95ba, 0x1, 0xdf9f, 0x1, 0xe3cf, 0x1, 0xe28a, 0x1, 0xe2cb, 0x1, 0xdf9f, 0x1, 0xae5c, 0x1, 0x8d79, 0x1, 0x95ba, 0x1, 0x0000, 0x2, 0x95fc, 0x5, 0x0000, 0xD, 0xa61b, 0x1, 0x8d79, 0x2, 0x9dfa, 0x1, 0xdf9f, 0x1, 0xe3cf, 0x1, 0xe28a, 0x1, 0xe2cb, 0x1, 0xdf9f, 0x1, 0xb69c, 0x1, 0x8d79, 0x2, 0x95da,
0x1, 0x0000, 0x12, 0xae3b, 0x1, 0x8d79, 0x2, 0x9e1b, 0x1, 0xdf7f, 0x1, 0xdf9f, 0x1, 0xe3cf, 0x1, 0xe28a, 0x1, 0xe2cb, 0x1, 0xdf9f, 0x2, 0xb69c, 0x1, 0x8d79, 0x2, 0x9dfa, 0x1, 0x0000, 0x11, 0x8d9a, 0x1, 0x8d79, 0x1, 0x9dfb, 0x1, 0xdf7f, 0x1, 0xdf3d, 0x1, 0xe38e, 0x1, 0xe28a, 0x3, 0xe30c, 0x1, 0xde39, 0x1, 0xdf9f, 0x1, 0xb69c, 0x1, 0x8d79, 0x2, 0xae5c, 0x1, 0x0000, 0xF, 0xae5b, 0x1, 0x8d79, 0x1, 0x8d99, 0x1, 0xd73e, 0x1, 0xdf5e, 0x1, 0xe2cb, 0x1,
0xe28a, 0x6, 0xde9b, 0x1, 0xdf9f, 0x1, 0x95da, 0x1, 0x8d79, 0x1, 0x9dfa, 0x1, 0x0000, 0xF, 0x9dfa, 0x1, 0x8d79, 0x1, 0x9e1b, 0x1, 0xdf9f, 0x1, 0xe451, 0x1, 0xe28a, 0x5, 0xe269, 0x1, 0xda09, 0x1, 0xdbcf, 0x1, 0xdf9f, 0x1, 0xbebd, 0x1, 0x8d79, 0x1, 0x8d99, 0x1, 0xbe9c, 0x1, 0x0000, 0xE, 0x95ba, 0x1, 0x8d79, 0x1, 0xb69c, 0x1, 0xdf9f, 0x1, 0xe2cb, 0x1, 0xe28a, 0x4, 0xe229, 0x1, 0xda08, 0x2, 0xda29, 0x1, 0xdf7e, 0x1, 0xcf3e, 0x1, 0x8d79, 0x2, 0xae5b,
0x1, 0x0000, 0xE, 0x8d9a, 0x1, 0x8d79, 0x1, 0xbebc, 0x1, 0xdf9f, 0x1, 0xe2ab, 0x1, 0xe28a, 0x2, 0xe249, 0x1, 0xda09, 0x1, 0xda08, 0x4, 0xdf1d, 0x1, 0xd75e, 0x1, 0x8d79, 0x2, 0xae5c, 0x1, 0x0000, 0xE, 0x95ba, 0x1, 0x8d79, 0x1, 0xae7c, 0x1, 0xdf9f, 0x1, 0xdb8e, 0x1, 0xda29, 0x1, 0xda08, 0x6, 0xda6a, 0x1, 0xdf7f, 0x1, 0xcf1e, 0x1, 0x8d79, 0x2, 0xb65c, 0x1, 0x0000, 0xE, 0x9e1b, 0x1, 0x8d79, 0x1, 0x9dda, 0x1, 0xdf9f, 0x1, 0xde19, 0x1, 0xda08, 0x7,
0xdc72, 0x1, 0xdf9f, 0x1, 0xb69c, 0x1, 0x8d79, 0x1, 0x8d99, 0x1, 0xae3c, 0x1, 0x0000, 0xE, 0xae3b, 0x1, 0x8d79, 0x2, 0xc6fd, 0x1, 0xdf9f, 0x1, 0xdc72, 0x1, 0xda08, 0x5, 0xdb0c, 0x1, 0xdf5e, 0x1, 0xdf7f, 0x1, 0x95ba, 0x1, 0x8d79, 0x1, 0x9dfb, 0x1, 0x0000, 0x10, 0x95da, 0x1, 0x8d79, 0x1, 0x95ba, 0x1, 0xd75e, 0x1, 0xdf9f, 0x1, 0xddb7, 0x1, 0xdbaf, 0x1, 0xdaec, 0x1, 0xdb4e, 0x1, 0xdcf4, 0x1, 0xdf5e, 0x1, 0xdf9f, 0x1, 0xa63b, 0x1, 0x8d79, 0x1, 0x8d99,
0x1, 0xae5c, 0x1, 0x0000, 0x10, 0xae7c, 0x1, 0x8d99, 0x1, 0x8d79, 0x1, 0x95ba, 0x1, 0xc71e, 0x1, 0xdf9f, 0x5, 0xd75e, 0x1, 0x9e1b, 0x1, 0x8d79, 0x2, 0xa61b, 0x1, 0x0000, 0x12, 0xae3b, 0x1, 0x8d99, 0x1, 0x8d79, 0x2, 0x9dda, 0x1, 0xb67c, 0x1, 0xbebd, 0x1, 0xb69c, 0x1, 0xa63b, 0x1, 0x8d99, 0x1, 0x8d79, 0x2, 0x9dfb, 0x1, 0xd6ba, 0x1, 0x0000, 0x13, 0xae7c, 0x1, 0x95ba, 0x1, 0x8d79, 0x7, 0x8d9a, 0x1, 0xa63b, 0x1, 0xad5f, 0x1, 0x0000, 0x15, 0xaebd, 0x1,
0xae5b, 0x1, 0x9dfb, 0x1, 0x95ba, 0x1, 0x8d99, 0x2, 0x9dfa, 0x1, 0xa63b, 0x1, 0xae7c, 0x1, 0x0000, 0xE
};

static const uint16_t lcd_thermometer_small[246] = {
0x0000, 0xF, 0xfbe4, 0x3, 0x0000, 0x7, 0xfbe4, 0x1, 0xffff, 0x3, 0xfbe4, 0x1, 0x0000, 0x6, 0xfbe4, 0x1, 0xffff, 0x3, 0xfbe4, 0x3, 0x0000, 0x4, 0xfbe4, 0x1, 0xffff, 0x1, 0xb2c3, 0x1, 0xffff, 0x1, 0xfbe4, 0x1, 0x0000, 0x6, 0xfbe4, 0x1, 0xffff, 0x1, 0xb2c3, 0x1, 0xffff, 0x1, 0xfbe4, 0x1, 0x0000, 0x6, 0xfbe4, 0x1, 0xffff, 0x1, 0xb2c3, 0x1, 0xffff, 0x1, 0xfbe4, 0x3, 0x0000, 0x4, 0xfbe4, 0x1, 0xffff, 0x1, 0xb2c3, 0x1, 0xffff, 0x1, 0xfbe4, 0x1, 0x0000,
0x6, 0xfbe4, 0x1, 0xffff, 0x1, 0xb2c3, 0x1, 0xffff, 0x1, 0xfbe4, 0x1, 0x0000, 0x6, 0xfbe4, 0x1, 0xffff, 0x1, 0xb2c3, 0x1, 0xffff, 0x1, 0xfbe4, 0x3, 0x0000, 0x4, 0xfbe4, 0x1, 0xffff, 0x1, 0xb2c3, 0x1, 0xffff, 0x1, 0xfbe4, 0x1, 0x0000, 0x6, 0xfbe4, 0x1, 0xffff, 0x1, 0xb2c3, 0x1, 0xffff, 0x1, 0xfbe4, 0x1, 0x0000, 0x6, 0xfbe4, 0x1, 0xffff, 0x1, 0xb2c3, 0x1, 0xffff, 0x1, 0xfbe4, 0x1, 0x0000, 0x6, 0xfbe4, 0x1, 0xffff, 0x1, 0xb2c3, 0x1, 0xffff, 0x1,
0xfbe4, 0x1, 0x0000, 0x6, 0xfbe4, 0x1, 0xffff, 0x1, 0xb2c3, 0x1, 0xffff, 0x1, 0xfbe4, 0x1, 0x0000, 0x5, 0xfbe4, 0x1, 0xffff, 0x2, 0xb2c3, 0x1, 0xffff, 0x2, 0xfbe4, 0x1, 0x0000, 0x3, 0xfbe4, 0x1, 0xffff, 0x2, 0xb2c3, 0x3, 0xffff, 0x2, 0xfbe4, 0x1, 0x0000, 0x1, 0xfbe4, 0x1, 0xffff, 0x2, 0xb2c3, 0x5, 0xffff, 0x2, 0xfbe4, 0x2, 0xffff, 0x1, 0xb2c3, 0x7, 0xffff, 0x1, 0xfbe4, 0x2, 0xffff, 0x1, 0xb2c3, 0x7, 0xffff, 0x1, 0xfbe4, 0x2, 0xffff, 0x1, 0xb2c3,
0x7, 0xffff, 0x1, 0xfbe4, 0x2, 0xffff, 0x2, 0xb2c3, 0x5, 0xffff, 0x2, 0xfbe4, 0x1, 0x0000, 0x1, 0xfbe4, 0x1, 0xffff, 0x2, 0xb2c3, 0x3, 0xffff, 0x2, 0xfbe4, 0x1, 0x0000, 0x3, 0xfbe4, 0x1, 0xffff, 0x5, 0xfbe4, 0x1, 0x0000, 0x5, 0xfbe4, 0x5, 0x0000, 0x3
};

static const uint16_t lcd_humidity[476] = {
0x0000, 0X2F, 0x153f, 0X2, 0x0000, 0X1D, 0x153f, 0X1, 0x255f, 0X2, 0x153f, 0X1, 0x0000, 0X1B, 0x151f, 0X1, 0x1d3f, 0X1, 0x355f, 0X2, 0x1d3f, 0X1, 0x151f, 0X1, 0x0000, 0X19, 0x151f, 0X1, 0x1d3f, 0X1, 0x2d5f, 0X4, 0x1d3f, 0X1, 0x151f, 0X1, 0x0000, 0X17, 0x14df, 0X1, 0x151f, 0X1, 0x2d3f, 0X6, 0x151f, 0X1, 0x0cff, 0X1, 0x0000, 0X15, 0x055f, 0X1, 0x151f, 0X1, 0x251f, 0X1, 0x253f, 0X6, 0x251f, 0X1, 0x14ff, 0X1, 0x03ff, 0X1, 0x0000, 0X14, 0x14ff, 0X1,
0x1cff, 0X1, 0x251f, 0X8, 0x1d1f, 0X1, 0x14ff, 0X1, 0x0000, 0X13, 0x0cdf, 0X1, 0x14ff, 0X1, 0x24ff, 0XA, 0x14ff, 0X2, 0x0000, 0X11, 0x0cff, 0X1, 0x14df, 0X1, 0x1cff, 0XC, 0x14df, 0X1, 0x0cdf, 0X1, 0x0000, 0X10, 0x0cbf, 0X1, 0x1cdf, 0XE, 0x0cdf, 0X1, 0x0000, 0XF, 0x0cbf, 0X1, 0x14bf, 0X1, 0x1cdf, 0XE, 0x14df, 0X1, 0x0cdf, 0X1, 0x0000, 0XD, 0x04df, 0X1, 0x0cbf, 0X1, 0x14bf, 0X10, 0x0cbf, 0X1, 0x04df, 0X1, 0x0000, 0XC, 0x0c9f, 0X1, 0x14bf, 0X1, 0x149f,
0X11, 0x0cbf, 0X1, 0x0000, 0XB, 0x04df, 0X1, 0x0c9f, 0X1, 0x149f, 0X4, 0x1cbf, 0X1, 0x557f, 0X1, 0x2cff, 0X1, 0x149f, 0X4, 0x3d1f, 0X1, 0x14bf, 0X1, 0x149f, 0X5, 0x0c9f, 0X1, 0x04df, 0X1, 0x0000, 0XA, 0x0c9f, 0X2, 0x0c7f, 0X3, 0x1cbf, 0X1, 0xc6ff, 0X1, 0xef5e, 0X1, 0xe75e, 0X1, 0x453f, 0X1, 0x0c7f, 0X2, 0x34ff, 0X1, 0xd6fe, 0X1, 0x3d1f, 0X1, 0x0c7f, 0X5, 0x0c9f, 0X2, 0x0000, 0XA, 0x0c7f, 0X5, 0x4d5f, 0X1, 0xe75e, 0X1, 0x2cdf, 0X1, 0xbebf, 0X1, 0x963f,
0X1, 0x0c7f, 0X2, 0xa65e, 0X1, 0xae5e, 0X1, 0x0c7f, 0X8, 0x0000, 0X9, 0x0c7f, 0X6, 0x2cdf, 0X1, 0xdf3e, 0X1, 0xb69e, 0X1, 0xdf1e, 0X1, 0x659f, 0X1, 0x0c7f, 0X1, 0x555f, 0X1, 0xd6de, 0X1, 0x34ff, 0X1, 0x0c7f, 0X8, 0x0c3f, 0X1, 0x0000, 0X8, 0x0c5f, 0X1, 0x0c7f, 0X1, 0x0c5f, 0X5, 0x451f, 0X1, 0x961f, 0X1, 0x659f, 0X1, 0x0c7f, 0X1, 0x147f, 0X1, 0xbe9e, 0X1, 0x8dff, 0X1, 0x0c5f, 0X8, 0x0c7f, 0X2, 0x0000, 0X8, 0x0c7f, 0X1, 0x0c5f, 0XA, 0x6d9f, 0X1, 0xcebe,
0X1, 0x1c9f, 0X1, 0x0c5f, 0XA, 0x0000, 0X8, 0x0c7f, 0X1, 0x0c3f, 0X1, 0x043f, 0X8, 0x1c7f, 0X1, 0xc69e, 0X1, 0x6d7f, 0X1, 0x043f, 0X9, 0x0c3f, 0X1, 0x0c7f, 0X1, 0x0000, 0X8, 0x0c5f, 0X1, 0x043f, 0X9, 0x85de, 0X1, 0xbe7e, 0X1, 0x0c5f, 0X1, 0x0c3f, 0X1, 0x655f, 0X1, 0x85de, 0X1, 0x3cdf, 0X1, 0x043f, 0X6, 0x0c5f, 0X1, 0x0000, 0X9, 0x041f, 0X8, 0x2c9f, 0X1, 0xcebe, 0X1, 0x4cff, 0X1, 0x041f, 0X1, 0x655e, 0X1, 0xcebe, 0X1, 0xa61e, 0X1, 0xce9e, 0X1, 0x1c7f,
0X1, 0x041f, 0X5, 0x0000, 0XA, 0x03ff, 0X8, 0x9e1e, 0X1, 0xa61e, 0X1, 0x03ff, 0X2, 0x85be, 0X1, 0xa61e, 0X1, 0x247e, 0X1, 0xcebe, 0X1, 0x3cbe, 0X1, 0x03ff, 0X4, 0x041f, 0X1, 0x0000, 0XA, 0x03fe, 0X1, 0x03de, 0X6, 0x349e, 0X1, 0xce9e, 0X1, 0x2c7e, 0X1, 0x03de, 0X2, 0x3c9e, 0X1, 0xce9e, 0X1, 0xcebe, 0X1, 0xae3e, 0X1, 0x0bfe, 0X1, 0x03de, 0X4, 0x0bde, 0X1, 0x0000, 0XB, 0x03de, 0X1, 0x03be, 0X5, 0x0bde, 0X1, 0x2c5e, 0X1, 0x03be, 0X4, 0x1c1e, 0X1, 0x449e,
0X1, 0x0bde, 0X1, 0x03be, 0X4, 0x03de, 0X1, 0x0000, 0XC, 0x055f, 0X1, 0x03bd, 0X12, 0x04df, 0X1, 0x0000, 0XD, 0x03de, 0X1, 0x039d, 0X1, 0x039c, 0XE, 0x039d, 0X1, 0x039c, 0X1, 0x0000, 0XF, 0x039c, 0X2, 0x037b, 0XC, 0x039c, 0X2, 0x0000, 0X12, 0x039c, 0X1, 0x037b, 0X1, 0x033a, 0X8, 0x035b, 0X1, 0x037c, 0X1, 0x0000, 0X16, 0x033c, 0X1, 0x037b, 0X1, 0x035b, 0X4, 0x037c, 0X2, 0x0000, 0X2C
};

static const uint16_t lcd_humidity_small[176] = {
0x0000, 0X8, 0x86df, 0X1, 0x0000, 0XE, 0x86df, 0X3, 0x0000, 0XC, 0x7dff, 0X1, 0x86df, 0X3, 0x7dff, 0X1, 0x0000, 0XB, 0x86df, 0X5, 0x0000, 0XB, 0x86df, 0X5, 0x0000, 0XA, 0x7ebf, 0X1, 0x86df, 0X5, 0x7eff, 0X1, 0x0000, 0X9, 0x86df, 0X7, 0x0000, 0X8, 0x86df, 0X8, 0x86ff, 0X1, 0x0000, 0X7, 0x86df, 0X9, 0x0000, 0X7, 0x86df, 0X9, 0x0000, 0X6, 0x7eff, 0X1, 0x86df, 0X9, 0x96df, 0X1, 0x0000, 0X5, 0x86df, 0XB, 0x0000, 0X5, 0x86df, 0XB, 0x0000, 0X4, 0x86ff, 0X1,
0x86df, 0XB, 0x86ff, 0X1, 0x0000, 0X3, 0x86df, 0X2, 0x96ff, 0X1, 0x86df, 0XA, 0x0000, 0X3, 0x86df, 0X2, 0xffff, 0X1, 0x971f, 0X1, 0x86df, 0X9, 0x0000, 0X3, 0x86ff, 0X1, 0x86df, 0X1, 0xffff, 0X1, 0xb75f, 0X1, 0x86df, 0X8, 0x86ff, 0X1, 0x0000, 0X3, 0x86df, 0X2, 0xf7df, 0X1, 0xdfbf, 0X1, 0x86df, 0X9, 0x0000, 0X4, 0x86df, 0X1, 0xb75f, 0X1, 0xffff, 0X1, 0x86df, 0X8, 0x0000, 0X5, 0x86df, 0X2, 0xdfbf, 0X1, 0xc77f, 0X1, 0x8eff, 0X1, 0x86df, 0X6, 0x0000, 0X6,
0x86df, 0X1, 0x86ff, 0X1, 0xffff, 0X2, 0xefdf, 0X1, 0x86df, 0X4, 0x0000, 0X7, 0x86df, 0X2, 0x9f1f, 0X1, 0xbf5f, 0X1, 0xd79f, 0X1, 0x86df, 0X4, 0x0000, 0X7, 0x96df, 0X1, 0x86df, 0X7, 0x96df, 0X1, 0x0000, 0X9, 0x86df, 0X5, 0x0000, 0X5
};

static const uint16_t lcd_schedule[4638] = {
0x0000, 0X20, 0xe75f, 0X1, 0xdf1f, 0X1, 0xd6ff, 0X2, 0xd71f, 0X1, 0xdf3f, 0X1, 0xdf7f, 0X1, 0x0000, 0X2A, 0xe75f, 0X1, 0xdf1f, 0X1, 0xd6ff, 0X2, 0xd71f, 0X1, 0xdf3f, 0X1, 0xdf5f, 0X1, 0x0000, 0X47, 0xefbf, 0X1, 0xe79f, 0X1, 0xd6ff, 0X5, 0xd71f, 0X1, 0xe75f, 0X1, 0x0000, 0X28, 0xefbf, 0X1, 0xef9f, 0X1, 0xd71f, 0X1, 0xd6ff, 0X5, 0xdf5f, 0X1, 0x0000, 0X45, 0xefbf, 0X3, 0xe77f, 0X1, 0xd6ff, 0X5, 0xdf1f, 0X1, 0x0000, 0X27, 0xefbf, 0X3, 0xe79f, 0X1, 0xd6ff, 0X5, 0xdf1f, 0X1, 0x0000, 0X45, 0xefbf, 0X4, 0xdf1f, 0X1, 0xd6ff, 0X5, 0xdf3f, 0X1, 0x0000, 0X26, 0xefbf, 0X4, 0xdf3f, 0X1, 0xd6ff, 0X5, 0xdf5f, 0X1, 0x0000, 0X43, 0xef5f, 0X1, 0xefbf, 0X4, 0xdf5f, 0X1, 0xd6ff, 0X5, 0xdf3f, 0X1, 0x0000, 0X25, 0xffff, 0X1, 0xefbf, 0X4, 0xe75f,
0X1, 0xd6ff, 0X5, 0xdf1f, 0X1, 0x0000, 0X43, 0xefdf, 0X1, 0xefbf, 0X4, 0xe75f, 0X1, 0xd6ff, 0X5, 0xdf3f, 0X1, 0x0000, 0X25, 0xef7f, 0X1, 0xefbf, 0X4, 0xe77f, 0X1, 0xd6ff, 0X5, 0xdf1f, 0X1, 0x0000, 0X43, 0xefdf, 0X1, 0xefbf, 0X4, 0xe75f, 0X1, 0xd6ff, 0X5, 0xdf1f, 0X1, 0x0000, 0X25, 0xf79f, 0X1, 0xefbf, 0X4, 0xe77f, 0X1, 0xd6ff, 0X5, 0xdf3f, 0X1, 0x0000, 0X43, 0xefdf, 0X1, 0xefbf, 0X4, 0xe75f, 0X1, 0xd6ff, 0X5, 0xdf1f, 0X1, 0x0000, 0X25, 0xf79f, 0X1, 0xefbf, 0X4, 0xe77f, 0X1, 0xd6ff, 0X5, 0xdf3f, 0X1, 0x0000, 0X30, 0xfa2a, 0X1, 0xfa0a, 0X12, 0xfb70, 0X1, 0xefbf, 0X4, 0xe75f, 0X1, 0xd6ff, 0X5, 0xde9d, 0X1, 0xfa0a, 0X25, 0xfacd, 0X1, 0xefbf, 0X4, 0xe77f, 0X1, 0xd6ff, 0X5, 0xdebd, 0X1, 0xfa0a, 0XB, 0xf9aa, 0X1, 0xf14a, 0X1, 0xf0ca,
0X1, 0xf0aa, 0X3, 0xf0ca, 0X1, 0xf0ea, 0X1, 0xf908, 0X1, 0x0000, 0X1A, 0xfa0a, 0X15, 0xfacd, 0X1, 0xefbf, 0X4, 0xe75f, 0X1, 0xd6ff, 0X5, 0xe61a, 0X1, 0xfa0a, 0X25, 0xfa6c, 0X1, 0xefbf, 0X4, 0xe77f, 0X1, 0xd6ff, 0X5, 0xe65c, 0X1, 0xfa0a, 0XD, 0xf9ea, 0X1, 0xf12a, 0X1, 0xe82a, 0X1, 0xe80a, 0X3, 0xe82a, 0X1, 0xe8aa, 0X1, 0xf10b, 0X1, 0x0000, 0X16, 0xfaaa, 0X1, 0xfa0a, 0X16, 0xfacd, 0X1, 0xefbf, 0X4, 0xe75f, 0X1, 0xd6ff, 0X5, 0xe61a, 0X1, 0xfa0a, 0X25, 0xfa6c, 0X1, 0xefbf, 0X4, 0xe77f, 0X1, 0xd6ff, 0X5, 0xe65c, 0X1, 0xfa0a, 0XF, 0xf9ea, 0X1, 0xe88a, 0X1, 0xe80a, 0X4, 0xe82a, 0X1, 0xf0ea, 0X1, 0x0000, 0X15, 0xfa0a, 0X17, 0xfacd, 0X1, 0xefbf, 0X4, 0xe75f, 0X1, 0xd6ff, 0X5, 0xe61a, 0X1, 0xfa0a, 0X25, 0xfa6c, 0X1, 0xefbf, 0X4, 0xe77f,
0X1, 0xd6ff, 0X5, 0xe65c, 0X1, 0xfa0a, 0X10, 0xf9ea, 0X1, 0xe86a, 0X1, 0xe80a, 0X5, 0xf0ea, 0X1, 0x0000, 0X13, 0xfa0a, 0X18, 0xfacd, 0X1, 0xefbf, 0X4, 0xe75f, 0X1, 0xd6ff, 0X5, 0xe61a, 0X1, 0xfa0a, 0X25, 0xfa6c, 0X1, 0xefbf, 0X4, 0xe77f, 0X1, 0xd6ff, 0X5, 0xe65c, 0X1, 0xfa0a, 0X11, 0xf9ca, 0X1, 0xe80a, 0X5, 0xe84a, 0X1, 0xf908, 0X1, 0x0000, 0X11, 0xfa0c, 0X1, 0xfa0a, 0X18, 0xfacd, 0X1, 0xefbf, 0X4, 0xe75f, 0X1, 0xd6ff, 0X5, 0xe61a, 0X1, 0xfa0a, 0X25, 0xfa6c, 0X1, 0xefbf, 0X4, 0xe77f, 0X1, 0xd6ff, 0X5, 0xe65c, 0X1, 0xfa0a, 0X12, 0xf0ea, 0X1, 0xe80a, 0X5, 0xf0ca, 0X1, 0x0000, 0X11, 0xfa0a, 0X19, 0xfacd, 0X1, 0xefbf, 0X4, 0xe75f, 0X1, 0xd6ff, 0X5, 0xe61a, 0X1, 0xfa0a, 0X25, 0xfa6c, 0X1, 0xefbf, 0X4, 0xe77f, 0X1, 0xd6ff, 0X5, 0xe65c,
0X1, 0xfa0a, 0X12, 0xf9aa, 0X1, 0xe80a, 0X5, 0xe86a, 0X1, 0x0000, 0X11, 0xfa0a, 0X14, 0xf10a, 0X1, 0xe84a, 0X4, 0xe94d, 0X1, 0xefbf, 0X4, 0xe75f, 0X1, 0xd6ff, 0X5, 0xdd9a, 0X1, 0xe84a, 0X4, 0xe8aa, 0X1, 0xf9ca, 0X1, 0xfa0a, 0X1A, 0xf12a, 0X1, 0xe86a, 0X1, 0xe84a, 0X3, 0xe8cb, 0X1, 0xefbf, 0X4, 0xe77f, 0X1, 0xd6ff, 0X5, 0xde1c, 0X1, 0xe84a, 0X4, 0xe88a, 0X1, 0xf9ca, 0X1, 0xfa0a, 0XD, 0xe82a, 0X1, 0xe80a, 0X5, 0xf10b, 0X1, 0x0000, 0X10, 0xfa0a, 0X13, 0xf9aa, 0X1, 0xe80a, 0X5, 0xe8ac, 0X1, 0xefbf, 0X4, 0xe75f, 0X1, 0xd6ff, 0X5, 0xdd39, 0X1, 0xe80a, 0X5, 0xf0ca, 0X1, 0xfa0a, 0X19, 0xf9ca, 0X1, 0xe80a, 0X5, 0xe82a, 0X1, 0xef9f, 0X1, 0xefbf, 0X3, 0xe77f, 0X1, 0xd6ff, 0X5, 0xddbb, 0X1, 0xe80a, 0X5, 0xf0aa, 0X1, 0xfa0a, 0XD, 0xe86a, 0X1,
0xe80a, 0X5, 0xf10a, 0X1, 0x0000, 0X10, 0xfa0a, 0X13, 0xf98a, 0X1, 0xe80a, 0X6, 0xeedd, 0X1, 0xefbf, 0X3, 0xdf3f, 0X1, 0xd6ff, 0X5, 0xe394, 0X1, 0xe80a, 0X5, 0xf0ca, 0X1, 0xfa0a, 0X19, 0xf9aa, 0X1, 0xe80a, 0X6, 0xee5b, 0X1, 0xefbf, 0X3, 0xdf3f, 0X1, 0xd6ff, 0X5, 0xe436, 0X1, 0xe80a, 0X5, 0xe88a, 0X1, 0xfa0a, 0XD, 0xe88a, 0X1, 0xe80a, 0X5, 0xf0ea, 0X1, 0x0000, 0X10, 0xfa0a, 0X14, 0xf0ca, 0X1, 0xe80a, 0X5, 0xebb4, 0X1, 0xefbf, 0X2, 0xef9f, 0X1, 0xd6ff, 0X5, 0xd6df, 0X1, 0xe04b, 0X1, 0xe80a, 0X4, 0xe86a, 0X1, 0xf9ca, 0X1, 0xfa0a, 0X1A, 0xf0ea, 0X1, 0xe80a, 0X5, 0xeb33, 0X1, 0xefbf, 0X3, 0xd6ff, 0X6, 0xe0ac, 0X1, 0xe80a, 0X4, 0xe84a, 0X1, 0xf9aa, 0X1, 0xfa0a, 0XD, 0xe88a, 0X1, 0xe80a, 0X5, 0xf0ea, 0X1, 0x0000, 0X10, 0xfa0a, 0X1A, 0xfa2b,
0X1, 0xf65a, 0X1, 0xefbf, 0X1, 0xdf1f, 0X1, 0xd6ff, 0X5, 0xf412, 0X1, 0xfa0a, 0X28, 0xf619, 0X1, 0xefbf, 0X1, 0xdf3f, 0X1, 0xd6ff, 0X5, 0xec74, 0X1, 0xfa0a, 0X14, 0xe88a, 0X1, 0xe80a, 0X5, 0xf0ea, 0X1, 0x0000, 0X10, 0xfa0a, 0X1B, 0xfa4b, 0X1, 0xedd9, 0X1, 0xd6ff, 0X4, 0xdede, 0X1, 0xf3d1, 0X1, 0xfa0a, 0X29, 0xfa2b, 0X1, 0xed98, 0X1, 0xd6ff, 0X4, 0xdede, 0X1, 0xf412, 0X1, 0xfa0a, 0X15, 0xe88a, 0X1, 0xe80a, 0X5, 0xf0ea, 0X1, 0x0000, 0X10, 0xfa0a, 0X1D, 0xfa8c, 0X1, 0xf433, 0X1, 0xecb5, 0X1, 0xf36f, 0X1, 0xfa0a, 0X2D, 0xfa6c, 0X1, 0xf433, 0X1, 0xecb5, 0X1, 0xf390, 0X1, 0xfa0a, 0X17, 0xe88a, 0X1, 0xe80a, 0X5, 0xf0ea, 0X1, 0x0000, 0X10, 0xfa0a, 0X69, 0xe88a, 0X1, 0xe80a, 0X5, 0xf0ea, 0X1, 0x0000, 0X10, 0xfa0a, 0X69, 0xe88a, 0X1, 0xe80a, 0X5,
0xf0ea, 0X1, 0x0000, 0X10, 0xfa0a, 0X69, 0xe88a, 0X1, 0xe80a, 0X5, 0xf0ea, 0X1, 0x0000, 0X10, 0xfa0a, 0X69, 0xe88a, 0X1, 0xe80a, 0X5, 0xf0ea, 0X1, 0x0000, 0X10, 0xfa0a, 0X69, 0xe88a, 0X1, 0xe80a, 0X5, 0xf0ea, 0X1, 0x0000, 0X10, 0xf9ea, 0X69, 0xe88a, 0X1, 0xe80a, 0X5, 0xf0ea, 0X1, 0x0000, 0X10, 0xe86a, 0X1, 0xe80a, 0X6E, 0xe88a, 0X1, 0x0000, 0X10, 0xe86a, 0X1, 0xe80a, 0X6E, 0xe88a, 0X1, 0x0000, 0X10, 0xe86a, 0X1, 0xe80a, 0X6E, 0xe88a, 0X1, 0x0000, 0X10, 0xf0aa, 0X1, 0xe86a, 0X68, 0xe82a, 0X1, 0xe80a, 0X5, 0xe88a, 0X1, 0x0000, 0X10, 0xfa0a, 0X69, 0xe88a, 0X1, 0xe80a, 0X5, 0xf0ea, 0X1, 0x0000, 0X10, 0xfa0a, 0X69, 0xe88a, 0X1, 0xe80a, 0X5, 0xf0ea, 0X1, 0x0000, 0X10, 0xfa0a, 0X69, 0xe88a, 0X1, 0xe80a, 0X5, 0xf0ea, 0X1, 0x0000, 0X10, 0xfa0a, 0X69, 0xe88a, 0X1, 0xe80a, 0X5, 0xf0ea, 0X1, 0x0000, 0X10, 0xfa0a, 0X69, 0xe88a, 0X1, 0xe80a, 0X5, 0xf0ea, 0X1, 0x0000, 0X10, 0xfa0a, 0X69, 0xe88a, 0X1, 0xe80a, 0X5, 0xf0ea, 0X1, 0x0000, 0X10, 0xf536, 0X1, 0xf577, 0X68, 0xebb3, 0X1, 0xe2f2, 0X5, 0xe496, 0X1, 0x0000, 0X10, 0xefbf, 0X69, 0xdf1f, 0X1, 0xd6ff, 0X5, 0xdf3f, 0X1, 0x0000, 0X10, 0xefbf, 0X69, 0xdf1f, 0X1, 0xd6ff, 0X5, 0xdf3f, 0X1, 0x0000, 0X10, 0xefbf, 0X69, 0xdf1f, 0X1, 0xd6ff, 0X5, 0xdf3f, 0X1, 0x0000, 0X10, 0xefbf, 0X69, 0xdf1f, 0X1, 0xd6ff, 0X5, 0xdf3f,
0X1, 0x0000, 0X10, 0xefbf, 0X69, 0xdf1f, 0X1, 0xd6ff, 0X5, 0xdf3f, 0X1, 0x0000, 0X10, 0xefbf, 0X69, 0xdf1f, 0X1, 0xd6ff, 0X5, 0xdf3f, 0X1, 0x0000, 0X10, 0xefbf, 0X69, 0xdf1f, 0X1, 0xd6ff, 0X5, 0xdf3f, 0X1, 0x0000, 0X10, 0xefbf, 0XA, 0xe77f, 0X1, 0xd6fd, 0X4, 0xdf5e, 0X1, 0xefbf, 0XB, 0xe77f, 0X1, 0xd6fd, 0X4, 0xdf5e, 0X1, 0xefbf, 0XB, 0xe79f, 0X1, 0xd6fd, 0X4, 0xdf5e, 0X1, 0xefbf, 0XB, 0xe79f, 0X1, 0xd6fd, 0X4, 0xdf3e, 0X1, 0xefbf, 0XB, 0xef9f, 0X1, 0xd6fd, 0X4, 0xdf3e, 0X1, 0xefbf, 0XC, 0xd6fd, 0X4, 0xdf3e, 0X1, 0xefbf, 0X4, 0xdf1f, 0X1, 0xd6ff, 0X5, 0xdf3f, 0X1, 0x0000, 0X10, 0xefbf, 0X9, 0x9539, 0X1, 0x3a93, 0X1, 0x2a11, 0X5, 0x4b34, 0X1, 0xefbf, 0X9, 0x9d7a, 0X1, 0x3ab3, 0X1, 0x2a11, 0X5, 0x42f3, 0X1, 0xe79f, 0X1, 0xefbf, 0X8, 0xa5db, 0X1, 0x3ad3, 0X1, 0x2a11, 0X5, 0x3ab3, 0X1, 0xe77e, 0X1, 0xefbf, 0X8, 0xadfb, 0X1, 0x42d4, 0X1, 0x2a31, 0X1, 0x2a11, 0X4, 0x3a93, 0X1, 0xdf3e, 0X1, 0xefbf, 0X8, 0xbe5c, 0X1, 0x42f4, 0X1, 0x2a31, 0X1, 0x2a11, 0X4, 0x3272, 0X1, 0xd6fd, 0X1, 0xefbf, 0X8, 0xc67c, 0X1, 0x4b14, 0X1, 0x2a31, 0X1, 0x2a11, 0X4, 0x3252, 0X1, 0xc69c, 0X1, 0xefbf, 0X2, 0xdf1f, 0X1, 0xd6ff, 0X5, 0xdf3f, 0X1, 0x0000, 0X10, 0xefbf, 0X8, 0xdf3e, 0X1, 0x3ad4, 0X2, 0x3252, 0X1, 0x2a11, 0X5, 0x9d7a, 0X1, 0xefbf, 0X7, 0xe77e, 0X1, 0x3ad4, 0X2, 0x3252,
0X1, 0x2a11, 0X5, 0x8cf8, 0X1, 0xefbf, 0X7, 0xef9f, 0X1, 0x42f4, 0X1, 0x3ad4, 0X1, 0x3272, 0X1, 0x2a11, 0X5, 0x7c97, 0X1, 0xefbf, 0X8, 0x4b35, 0X1, 0x3ad4, 0X1, 0x3272, 0X1, 0x2a11, 0X5, 0x6c16, 0X1, 0xefbf, 0X8, 0x5b95, 0X1, 0x3ad4, 0X1, 0x3273, 0X1, 0x2a11, 0X5, 0x63b5, 0X1, 0xefbf, 0X8, 0x63d6, 0X1, 0x3ad4, 0X1, 0x3293, 0X1, 0x2a11, 0X5, 0x5354, 0X1, 0xefbf, 0X2, 0xdf1f, 0X1, 0xd6ff, 0X5, 0xdf3f, 0X1, 0x0000, 0X10, 0xefbf, 0X8, 0xcebd, 0X1, 0x3ad4, 0X2, 0x3252, 0X1, 0x2a11, 0X5, 0x84b8, 0X1, 0xefbf, 0X7, 0xd71d, 0X1, 0x3ad4, 0X2, 0x3272, 0X1, 0x2a11, 0X5, 0x7437, 0X1, 0xefbf, 0X7, 0xdf5e, 0X1, 0x3ad4, 0X2, 0x3272, 0X1, 0x2a11, 0X5, 0x63d6, 0X1, 0xefbf, 0X8, 0x3ad4, 0X2, 0x3273, 0X1, 0x2a11, 0X5, 0x5b75, 0X1, 0xefbf, 0X8, 0x4b14, 0X1, 0x3ad4, 0X1, 0x3293, 0X1, 0x2a11, 0X5, 0x4b34, 0X1, 0xefbf, 0X8, 0x5375, 0X1, 0x3ad4, 0X1, 0x3293, 0X1, 0x2a11, 0X5, 0x42f3, 0X1, 0xefbf, 0X2, 0xdf1f, 0X1, 0xd6ff, 0X5, 0xdf3f, 0X1, 0x0000, 0X10, 0xefbf, 0X8, 0xcebd, 0X1, 0x3ad4, 0X2, 0x3252, 0X1, 0x2a11, 0X5, 0x84b8, 0X1, 0xefbf, 0X7, 0xd71d, 0X1, 0x3ad4, 0X2, 0x3272, 0X1, 0x2a11, 0X5, 0x7437, 0X1, 0xefbf, 0X7, 0xdf5e, 0X1, 0x3ad4, 0X2, 0x3272, 0X1, 0x2a11, 0X5, 0x63d6, 0X1, 0xefbf, 0X8, 0x3ad4, 0X2, 0x3273, 0X1, 0x2a11, 0X5, 0x5b75, 0X1, 0xefbf, 0X8, 0x4b14, 0X1,
0x3ad4, 0X1, 0x3293, 0X1, 0x2a11, 0X5, 0x4b34, 0X1, 0xefbf, 0X8, 0x5375, 0X1, 0x3ad4, 0X1, 0x3293, 0X1, 0x2a11, 0X5, 0x42f3, 0X1, 0xefbf, 0X2, 0xdf1f, 0X1, 0xd6ff, 0X5, 0xdf3f, 0X1, 0x0000, 0X10, 0xefbf, 0X8, 0xcebd, 0X1, 0x3ad4, 0X2, 0x3252, 0X1, 0x2a11, 0X5, 0x84b8, 0X1, 0xefbf, 0X7, 0xd71d, 0X1, 0x3ad4, 0X2, 0x3272, 0X1, 0x2a11, 0X5, 0x7437, 0X1, 0xefbf, 0X7, 0xdf5e, 0X1, 0x3ad4, 0X2, 0x3272, 0X1, 0x2a11, 0X5, 0x63d6, 0X1, 0xefbf, 0X8, 0x3ad4, 0X2, 0x3273, 0X1, 0x2a11, 0X5, 0x5b75, 0X1, 0xefbf, 0X8, 0x4b14, 0X1, 0x3ad4, 0X1, 0x3293, 0X1, 0x2a11, 0X5, 0x4b34, 0X1, 0xefbf, 0X8, 0x5375, 0X1, 0x3ad4, 0X1, 0x3293, 0X1, 0x2a11, 0X5, 0x42f3, 0X1, 0xefbf, 0X2, 0xdf1f, 0X1, 0xd6ff, 0X5, 0xdf3f, 0X1, 0x0000, 0X10, 0xefbf, 0X8, 0xcebd, 0X1, 0x3ad4, 0X2, 0x3252, 0X1, 0x2a11, 0X5, 0x84b8, 0X1, 0xefbf, 0X7, 0xd71d, 0X1, 0x3ad4, 0X2, 0x3272, 0X1, 0x2a11, 0X5, 0x7437, 0X1, 0xefbf, 0X7, 0xdf5e, 0X1, 0x3ad4, 0X2, 0x3272, 0X1, 0x2a11, 0X5, 0x63d6, 0X1, 0xefbf, 0X8, 0x3ad4, 0X2, 0x3273, 0X1, 0x2a11, 0X5, 0x5b75, 0X1, 0xefbf, 0X8, 0x4b14, 0X1, 0x3ad4, 0X1, 0x3293, 0X1, 0x2a11, 0X5, 0x4b34, 0X1, 0xefbf, 0X8, 0x5375, 0X1, 0x3ad4, 0X1, 0x3293, 0X1, 0x2a11, 0X5, 0x42f3, 0X1, 0xefbf, 0X2, 0xdf1f, 0X1, 0xd6ff, 0X5, 0xdf3f, 0X1, 0x0000, 0X10, 0xefbf, 0X8, 0xcedd, 0X1, 0x3ad4,
0X2, 0x3252, 0X1, 0x2a11, 0X5, 0x8cf8, 0X1, 0xefbf, 0X7, 0xdf3e, 0X1, 0x3ad4, 0X2, 0x3252, 0X1, 0x2a11, 0X5, 0x7c77, 0X1, 0xefbf, 0X7, 0xe77f, 0X1, 0x3ad4, 0X2, 0x3272, 0X1, 0x2a11, 0X5, 0x6c16, 0X1, 0xefbf, 0X8, 0x42f4, 0X1, 0x3ad4, 0X1, 0x3273, 0X1, 0x2a11, 0X5, 0x5bb5, 0X1, 0xefbf, 0X8, 0x4b35, 0X1, 0x3ad4, 0X1, 0x3293, 0X1, 0x2a11, 0X5, 0x5354, 0X1, 0xefbf, 0X8, 0x5b95, 0X1, 0x3ad4, 0X1, 0x3293, 0X1, 0x2a11, 0X5, 0x4af4, 0X1, 0xefbf, 0X2, 0xdf1f, 0X1, 0xd6ff, 0X5, 0xdf3f, 0X1, 0x0000, 0X10, 0xefbf, 0X8, 0xe79f, 0X1, 0x5b95, 0X1, 0x3ab3, 0X1, 0x2a31, 0X1, 0x2a11, 0X4, 0x2a32, 0X1, 0xd6fd, 0X1, 0xefbf, 0X8, 0x63d6, 0X1, 0x3ab3, 0X1, 0x2a31, 0X1, 0x2a11, 0X4, 0x2a31, 0X1, 0xcebd, 0X1, 0xefbf, 0X8, 0x6c37, 0X1, 0x3ad4, 0X1, 0x2a32, 0X1, 0x2a11, 0X5, 0xbe5c, 0X1, 0xefbf, 0X8, 0x7c78, 0X1, 0x3ad4, 0X1, 0x2a32, 0X1, 0x2a11, 0X5, 0xaddb, 0X1, 0xefbf, 0X8, 0x84d8, 0X1, 0x3ad4, 0X1, 0x2a52, 0X1, 0x2a11, 0X5, 0x9d7a, 0X1, 0xefbf, 0X8, 0x9539, 0X1, 0x3ad4, 0X1, 0x3252, 0X1, 0x2a11, 0X5, 0x8cf8, 0X1, 0xefbf, 0X2, 0xdf1f, 0X1, 0xd6ff, 0X5, 0xdf3f, 0X1, 0x0000, 0X10, 0xefbf, 0X9, 0xe77e, 0X1, 0x84b8, 0X1, 0x63d6, 0X4, 0x7436, 0X1, 0xcebd, 0X1, 0xefbf, 0X9, 0xe77f, 0X1, 0x8cd8, 0X1, 0x63d6, 0X4, 0x6c16, 0X1, 0xc67c, 0X1, 0xefbf, 0X9, 0xe79f, 0X1, 0x8d19, 0X1, 0x63d6,
0X4, 0x6c16, 0X1, 0xbe5c, 0X1, 0xefbf, 0X9, 0xe79f, 0X1, 0x9559, 0X1, 0x63d6, 0X4, 0x6bf6, 0X1, 0xb61b, 0X1, 0xefbf, 0XA, 0x9d7a, 0X1, 0x63d6, 0X4, 0x6bf6, 0X1, 0xaddb, 0X1, 0xefbf, 0XA, 0xa5ba, 0X1, 0x63d6, 0X4, 0x6bf6, 0X1, 0xa5ba, 0X1, 0xefbf, 0X3, 0xdf1f, 0X1, 0xd6ff, 0X5, 0xdf3f, 0X1, 0x0000, 0X10, 0xefbf, 0X69, 0xdf1f, 0X1, 0xd6ff, 0X5, 0xdf3f, 0X1, 0x0000, 0X10, 0xefbf, 0X69, 0xdf1f, 0X1, 0xd6ff, 0X5, 0xdf3f, 0X1, 0x0000, 0X10, 0xefbf, 0X69, 0xdf1f, 0X1, 0xd6ff, 0X5, 0xdf3f, 0X1, 0x0000, 0X10, 0xefbf, 0X69, 0xdf1f, 0X1, 0xd6ff, 0X5, 0xdf3f, 0X1, 0x0000, 0X10, 0xefbf, 0X69, 0xdf1f, 0X1, 0xd6ff, 0X5, 0xdf3f, 0X1, 0x0000, 0X10, 0xefbf, 0X69, 0xdf1f, 0X1, 0xd6ff, 0X5, 0xdf3f, 0X1, 0x0000, 0X10, 0xefbf, 0X69, 0xdf1f, 0X1, 0xd6ff, 0X5, 0xdf3f, 0X1, 0x0000, 0X10, 0xefbf, 0X69, 0xdf1f, 0X1, 0xd6ff, 0X5, 0xdf3f, 0X1, 0x0000, 0X10, 0xefbf, 0X9, 0x9d7a, 0X1, 0x3ab3, 0X1, 0x2a11, 0X4, 0x2a31, 0X1, 0x5b75, 0X1, 0xefbf, 0X9, 0xa5db, 0X1, 0x42d3, 0X1, 0x2a11, 0X5, 0x4b34, 0X1, 0xef9f, 0X1, 0xefbf, 0X8, 0xadfb, 0X1, 0x42f4, 0X1, 0x2a11, 0X5, 0x42f4, 0X1, 0xe79f, 0X1, 0xefbf, 0X8, 0xc67c, 0X1, 0x4b35, 0X1, 0x2a31, 0X1, 0x2a11, 0X4, 0x42d3, 0X1, 0xe77e, 0X1, 0xefbf, 0XB, 0xd75f, 0X1, 0xb6df, 0X1, 0x967f, 0X1, 0x861f, 0X1, 0x6dbf, 0X1, 0x557e, 0X1, 0x451e, 0X1, 0x34de,
0X1, 0x2c9d, 0X1, 0x247d, 0X2, 0x2c9d, 0X1, 0x44fe, 0X1, 0x657e, 0X1, 0x965e, 0X1, 0xdf7f, 0X1, 0xefbf, 0X9, 0xdf1f, 0X1, 0xd6ff, 0X5, 0xdf3f, 0X1, 0x0000, 0X10, 0xefbf, 0X8, 0xdf3e, 0X1, 0x3ad4, 0X2, 0x2a52, 0X1, 0x2a11, 0X5, 0xa5ba, 0X1, 0xefbf, 0X7, 0xe77f, 0X1, 0x42d4, 0X1, 0x3ad4, 0X1, 0x3252, 0X1, 0x2a11, 0X5, 0x9519, 0X1, 0xefbf, 0X7, 0xef9f, 0X1, 0x4314, 0X1, 0x3ad4, 0X1, 0x3252, 0X1, 0x2a11, 0X5, 0x7cb8, 0X1, 0xefbf, 0X8, 0x5375, 0X1, 0x3ad4, 0X1, 0x3272, 0X1, 0x2a11, 0X5, 0x7457, 0X1, 0xefbf, 0X7, 0xef9f, 0X1, 0xbeff, 0X1, 0x8e3f, 0X1, 0x5d9f, 0X1, 0x4d5e, 0XA, 0x451e, 0X1, 0x34de, 0X1, 0x245d, 0X1, 0x1c3d, 0X3, 0x2c9d, 0X1, 0x659e, 0X1, 0xc71f, 0X1, 0xefbf, 0X6, 0xdf1f, 0X1, 0xd6ff, 0X5, 0xdf3f, 0X1, 0x0000, 0X10, 0xefbf, 0X8, 0xcebd, 0X1, 0x3ad4, 0X2, 0x3252, 0X1, 0x2a11, 0X5, 0x84b8, 0X1, 0xefbf, 0X7, 0xd71d, 0X1, 0x3ad4, 0X2, 0x3272, 0X1, 0x2a11, 0X5, 0x7437, 0X1, 0xefbf, 0X7, 0xdf5e, 0X1, 0x3ad4, 0X2, 0x3272, 0X1, 0x2a11, 0X5, 0x63d6, 0X1, 0xefbf, 0X8, 0x3ad4, 0X2, 0x3273, 0X1, 0x2a11, 0X5, 0x5b75, 0X1, 0xefbf, 0X5, 0xd75f, 0X1, 0x967f, 0X1, 0x5d9f, 0X1, 0x4d5e, 0X10, 0x451e, 0X1, 0x2c9d, 0X1, 0x1c3d, 0X4, 0x34bd, 0X1, 0x85fe, 0X1, 0xef9f, 0X1, 0xefbf, 0X3, 0xdf1f, 0X1, 0xd6ff, 0X5, 0xdf3f, 0X1, 0x0000, 0X10, 0xefbf, 0X8, 0xcebd, 0X1, 0x3ad4,
0X2, 0x3252, 0X1, 0x2a11, 0X5, 0x84b8, 0X1, 0xefbf, 0X7, 0xd71d, 0X1, 0x3ad4, 0X2, 0x3272, 0X1, 0x2a11, 0X5, 0x7437, 0X1, 0xefbf, 0X7, 0xdf5e, 0X1, 0x3ad4, 0X2, 0x3272, 0X1, 0x2a11, 0X5, 0x63d6, 0X1, 0xefbf, 0X8, 0x3ad4, 0X2, 0x3273, 0X1, 0x2a11, 0X5, 0x5b75, 0X1, 0xefbf, 0X3, 0xd75f, 0X1, 0x8e3f, 0X1, 0x557e, 0X1, 0x4d5e, 0X14, 0x4d3e, 0X1, 0x2cbe, 0X1, 0x1c3d, 0X4, 0x247d, 0X1, 0x75de, 0X1, 0xe79f, 0X1, 0xefbf, 0X1, 0xdf1f, 0X1, 0xd6ff, 0X5, 0xdf3f, 0X1, 0x0000, 0X10, 0xefbf, 0X8, 0xcebd, 0X1, 0x3ad4, 0X2, 0x3252, 0X1, 0x2a11, 0X5, 0x84b8, 0X1, 0xefbf, 0X7, 0xd71d, 0X1, 0x3ad4, 0X2, 0x3272, 0X1, 0x2a11, 0X5, 0x7437, 0X1, 0xefbf, 0X7, 0xdf5e, 0X1, 0x3ad4, 0X2, 0x3272, 0X1, 0x2a11, 0X5, 0x63d6, 0X1, 0xefbf, 0X8, 0x3ad4, 0X2, 0x3273, 0X1, 0x2a11, 0X5, 0x5b75, 0X1, 0xefbf, 0X1, 0xe79f, 0X1, 0x9e9f, 0X1, 0x557e, 0X1, 0x4d5e, 0X18, 0x453e, 0X1, 0x2c9d, 0X1, 0x1c3d, 0X4, 0x2c7d, 0X1, 0xa67e, 0X1, 0xdf1f, 0X1, 0xd6ff, 0X5, 0xdf3f, 0X1, 0x0000, 0X10, 0xefbf, 0X8, 0xcebd, 0X1, 0x3ad4, 0X2, 0x3252, 0X1, 0x2a11, 0X5, 0x84b8, 0X1, 0xefbf, 0X7, 0xd71d, 0X1, 0x3ad4, 0X2, 0x3272, 0X1, 0x2a11, 0X5, 0x7437, 0X1, 0xefbf, 0X7, 0xdf5e, 0X1, 0x3ad4, 0X2, 0x3272, 0X1, 0x2a11, 0X5, 0x63d6, 0X1, 0xefbf, 0X8, 0x3ad4, 0X2, 0x3273, 0X1, 0x2a11, 0X5, 0x5b75, 0X1, 0xbf1f, 0X1, 0x659f,
0X1, 0x4d5e, 0X1C, 0x3cfe, 0X1, 0x1c5d, 0X1, 0x1c3d, 0X4, 0x44fd, 0X1, 0xc6bf, 0X1, 0xd6ff, 0X4, 0xdf3f, 0X1, 0x0000, 0X10, 0xefbf, 0X8, 0xcedd, 0X1, 0x3ad4, 0X2, 0x3252, 0X1, 0x2a11, 0X5, 0x8cf8, 0X1, 0xefbf, 0X7, 0xdf3e, 0X1, 0x3ad4, 0X2, 0x3272, 0X1, 0x2a11, 0X5, 0x7c77, 0X1, 0xefbf, 0X7, 0xe77f, 0X1, 0x3ad4, 0X2, 0x3272, 0X1, 0x2a11, 0X5, 0x6bf6, 0X1, 0xefbf, 0X8, 0x42f4, 0X1, 0x3ad4, 0X1, 0x3273, 0X1, 0x2a11, 0X4, 0x2a31, 0X1, 0x547a, 0X1, 0x557e, 0X1, 0x4d5e, 0X1E, 0x4d3e, 0X1, 0x247d, 0X1, 0x1c3d, 0X4, 0x247d, 0X1, 0x9e3f, 0X1, 0xd6ff, 0X3, 0xdf3f, 0X1, 0x0000, 0X10, 0xefbf, 0X8, 0xe79f, 0X1, 0x5375, 0X1, 0x3ab3, 0X1, 0x2a31, 0X1, 0x2a11, 0X4, 0x2a31, 0X1, 0xcefd, 0X1, 0xefbf, 0X8, 0x5b96, 0X1, 0x3ad4, 0X1, 0x2a32, 0X1, 0x2a11, 0X4, 0x2a31, 0X1, 0xc67c, 0X1, 0xefbf, 0X8, 0x63f6, 0X1, 0x3ad3, 0X1, 0x2a32, 0X1, 0x2a11, 0X5, 0xb61b, 0X1, 0xefbf, 0X8, 0x7c98, 0X1, 0x3ad4, 0X1, 0x2a52, 0X1, 0x2a11, 0X3, 0x2a52, 0X1, 0x449b, 0X1, 0x4d5e, 0X22, 0x2cbd, 0X1, 0x1c3d, 0X4, 0x1c5d, 0X1, 0x7dbe, 0X1, 0xd6ff, 0X2, 0xdf3f, 0X1, 0x0000, 0X10, 0xefbf, 0X9, 0xdf3e, 0X1, 0x7c77, 0X1, 0x5b75, 0X4, 0x63b5, 0X1, 0xbe5c, 0X1, 0xefbf, 0X9, 0xdf5e, 0X1, 0x7c97, 0X1, 0x5b75, 0X4, 0x63b5, 0X1, 0xb61b, 0X1, 0xefbf, 0X9, 0xe77e, 0X1, 0x84b8, 0X1, 0x5b75, 0X4, 0x5bb5, 0X1, 0xaddb,
0X1, 0xefbf, 0X9, 0xe79f, 0X1, 0x9519, 0X1, 0x5b75, 0X3, 0x53b6, 0X1, 0x551d, 0X1, 0x4d5e, 0X10, 0x5d9f, 0X1, 0x75df, 0X1, 0x965f, 0X1, 0xa69f, 0X1, 0xb6bf, 0X1, 0xae9f, 0X1, 0xa69f, 0X1, 0x965f, 0X1, 0x75df, 0X1, 0x557e, 0X1, 0x4d5e, 0XA, 0x34de, 0X1, 0x1c3d, 0X5, 0x657e, 0X1, 0xd6ff, 0X1, 0xdf3f, 0X1, 0x0000, 0X10, 0xefbf, 0X40, 0xdf7f, 0X1, 0x65bf, 0X1, 0x4d5e, 0XD, 0x557e, 0X1, 0x861f, 0X1, 0xaedf, 0X1, 0xd75f, 0X1, 0xefbf, 0X4, 0xe77f, 0X1, 0xdf5f, 0X1, 0xd71f, 0X1, 0xd6ff, 0X3, 0xceff, 0X1, 0xb6bf, 0X1, 0x75df, 0X1, 0x4d5e, 0X8, 0x34de, 0X1, 0x1c3d, 0X5, 0x5d5e, 0X1, 0xdf3f, 0X1, 0x0000, 0X10, 0xefbf, 0X3F, 0xdf7f, 0X1, 0x6dbf, 0X1, 0x4d5e, 0XC, 0x65bf, 0X1, 0xaebf, 0X1, 0xe79f, 0X1, 0xefbf, 0XA, 0xe79f, 0X1, 0xdf3f, 0X1, 0xd6ff, 0X5, 0x9e5f, 0X1, 0x557e, 0X1, 0x4d5e, 0X6, 0x34de, 0X1, 0x1c3d, 0X5, 0x4d1e, 0X1, 0x0000, 0X10, 0xefbf, 0X3E, 0xe79f, 0X1, 0x75df, 0X1, 0x4d5e, 0XB, 0x5d9f, 0X1, 0xaedf, 0X1, 0xef9f, 0X1, 0xefbf, 0XE, 0xef9f, 0X1, 0xdf3f, 0X1, 0xd6ff, 0X5, 0x965f, 0X1, 0x4d5e, 0X6, 0x2c9d, 0X1, 0x1c3d, 0X5, 0x2c9e, 0X1, 0x0000, 0XF, 0xefbf, 0X3E, 0x8e5f, 0X1, 0x4d5e, 0XB, 0x8e3f, 0X1, 0xe79f, 0X1, 0xefbf, 0X12, 0xe77f, 0X1, 0xd6ff, 0X5, 0xceff, 0X1, 0x65bf, 0X1, 0x4d5e, 0X5, 0x247d, 0X1, 0x1c3d, 0X4, 0x1c5d, 0X1, 0x34bd, 0X1, 0x0000, 0XE, 0xefbf,
0X3D, 0xb6ff, 0X1, 0x4d5e, 0XA, 0x557e, 0X1, 0xb6df, 0X1, 0xefbf, 0X16, 0xdf1f, 0X1, 0xd6ff, 0X5, 0x8e3f, 0X1, 0x4d5e, 0X4, 0x453e, 0X1, 0x1c5d, 0X1, 0x1c3d, 0X4, 0x247d, 0X1, 0x44bf, 0X1, 0x0000, 0XD, 0xefbf, 0X3C, 0xdf7f, 0X1, 0x5d7e, 0X1, 0x4d5e, 0X9, 0x5d9f, 0X1, 0xcf3f, 0X1, 0xefbf, 0X18, 0xdf3f, 0X1, 0xd6ff, 0X5, 0xa67f, 0X1, 0x4d5e, 0X4, 0x3cde, 0X1, 0x1c3d, 0X5, 0x2c9d, 0X1, 0x0000, 0XD, 0xefbf, 0X3C, 0x863f, 0X1, 0x4d5e, 0X9, 0x5d9f, 0X1, 0xd75f, 0X1, 0xefbf, 0XE, 0xadfb, 0X1, 0x5bb6, 0X1, 0x7c78, 0X1, 0xe77e, 0X1, 0xefbf, 0X8, 0xdf3f, 0X1, 0xd6ff, 0X5, 0xae9f, 0X1, 0x4d5e, 0X4, 0x247d, 0X1, 0x1c3d, 0X5, 0x34be, 0X1, 0x0000, 0XC, 0xefbf, 0X3B, 0xc71f, 0X1, 0x4d5e, 0X9, 0x5d7e, 0X1, 0xcf3f, 0X1, 0xefbf, 0XE, 0xdf5e, 0X1, 0x42d4, 0X1, 0x3ad4, 0X2, 0x8d19, 0X1, 0xefbf, 0X9, 0xdf3f, 0X1, 0xd6ff, 0X5, 0x9e5f, 0X1, 0x4d5e, 0X3, 0x451e, 0X1, 0x1c3d, 0X5, 0x247d, 0X1, 0x0000, 0XC, 0xefbf, 0X9, 0xa5db, 0X1, 0x42f4, 0X1, 0x2a31, 0X4, 0x2a32, 0X1, 0x63d5, 0X1, 0xefbf, 0X9, 0xb61b, 0X1, 0x4b14, 0X1, 0x2a31, 0X4, 0x2a32, 0X1, 0x5b95, 0X1, 0xefbf, 0X9, 0xbe5c, 0X1, 0x4b34, 0X1, 0x2a31, 0X5, 0x5354, 0X1, 0xef9f, 0X1, 0xefbf, 0X7, 0x75ff, 0X1, 0x4d5e, 0X8, 0x555e, 0X1, 0xbeff, 0X1, 0xefbf, 0XF, 0xcebd, 0X1, 0x3ad4, 0X3, 0x7477, 0X1, 0xefbf, 0XA, 0xdf1f, 0X1, 0xd6ff, 0X5,
0x85ff, 0X1, 0x4d5e, 0X3, 0x2c9d, 0X1, 0x1c3d, 0X5, 0x34be, 0X1, 0x0000, 0XB, 0xefbf, 0X8, 0xdf5e, 0X1, 0x3ad4, 0X2, 0x2a32, 0X1, 0x2a11, 0X5, 0xaddb, 0X1, 0xefbf, 0X7, 0xe77f, 0X1, 0x42f4, 0X1, 0x3ad4, 0X1, 0x3252, 0X1, 0x2a11, 0X5, 0x9d59, 0X1, 0xefbf, 0X8, 0x4b14, 0X1, 0x3ad4, 0X1, 0x3252, 0X1, 0x2a11, 0X5, 0x84d8, 0X1, 0xefbf, 0X6, 0xc71f, 0X1, 0x4d5e, 0X9, 0x967f, 0X1, 0xefbf, 0X10, 0xcebd, 0X1, 0x3ad4, 0X3, 0x7477, 0X1, 0xefbf, 0XA, 0xef9f, 0X1, 0xd6ff, 0X6, 0x5d9e, 0X1, 0x4d5e, 0X2, 0x451e, 0X1, 0x1c3d, 0X5, 0x247d, 0X1, 0x0000, 0XB, 0xefbf, 0X8, 0xcebd, 0X1, 0x3ad4, 0X2, 0x3252, 0X1, 0x2a11, 0X5, 0x84b8, 0X1, 0xefbf, 0X7, 0xd71d, 0X1, 0x3ad4, 0X2, 0x3272, 0X1, 0x2a11, 0X5, 0x7437, 0X1, 0xefbf, 0X7, 0xdf5e, 0X1, 0x3ad4, 0X2, 0x3272, 0X1, 0x2a11, 0X5, 0x63d6, 0X1, 0xefbf, 0X6, 0x7dff, 0X1, 0x4d5e, 0X8, 0x65bf, 0X1, 0xe79f, 0X1, 0xefbf, 0X10, 0xcebd, 0X1, 0x3ad4, 0X3, 0x7477, 0X1, 0xefbf, 0XB, 0xe77f, 0X1, 0xd6ff, 0X5, 0xc6df, 0X1, 0x4d5e, 0X3, 0x247d, 0X1, 0x1c3d, 0X5, 0x34de, 0X1, 0x0000, 0XA, 0xefbf, 0X8, 0xcebd, 0X1, 0x3ad4, 0X2, 0x3252, 0X1, 0x2a11, 0X5, 0x84b8, 0X1, 0xefbf, 0X7, 0xd71d, 0X1, 0x3ad4, 0X2, 0x3272, 0X1, 0x2a11, 0X5, 0x7437, 0X1, 0xefbf, 0X7, 0xdf5e, 0X1, 0x3ad4, 0X2, 0x3272, 0X1, 0x2a11, 0X5, 0x63d6, 0X1, 0xefbf, 0X5, 0xdf7f, 0X1, 0x557e,
0X1, 0x4d5e, 0X8, 0xbf1f, 0X1, 0xefbf, 0X11, 0xcebd, 0X1, 0x3ad4, 0X3, 0x7477, 0X1, 0xefbf, 0XC, 0xdf1f, 0X1, 0xd6ff, 0X5, 0x85ff, 0X1, 0x4d5e, 0X2, 0x3cfe, 0X1, 0x1c3d, 0X5, 0x2c9d, 0X1, 0x0000, 0XA, 0xefbf, 0X8, 0xcebd, 0X1, 0x3ad4, 0X2, 0x3252, 0X1, 0x2a11, 0X5, 0x84b8, 0X1, 0xefbf, 0X7, 0xd71d, 0X1, 0x3ad4, 0X2, 0x3272, 0X1, 0x2a11, 0X5, 0x7437, 0X1, 0xefbf, 0X7, 0xdf5e, 0X1, 0x3ad4, 0X2, 0x3272, 0X1, 0x2a11, 0X5, 0x63d6, 0X1, 0xefbf, 0X5, 0xa69f, 0X1, 0x4d5e, 0X8, 0x75ff, 0X1, 0xefbf, 0X12, 0xcebd, 0X1, 0x3ad4, 0X3, 0x7477, 0X1, 0xefbf, 0XC, 0xe79f, 0X1, 0xd6ff, 0X5, 0xceff, 0X1, 0x4d5e, 0X3, 0x1c5d, 0X1, 0x1c3d, 0X4, 0x1c5d, 0X1, 0x34df, 0X1, 0x0000, 0X9, 0xefbf, 0X8, 0xcebd, 0X1, 0x3ad4, 0X2, 0x3252, 0X1, 0x2a11, 0X5, 0x84b8, 0X1, 0xefbf, 0X7, 0xd71d, 0X1, 0x3ad4, 0X2, 0x3272, 0X1, 0x2a11, 0X5, 0x7437, 0X1, 0xefbf, 0X7, 0xdf5e, 0X1, 0x3ad4, 0X2, 0x3272, 0X1, 0x2a11, 0X5, 0x63d6, 0X1, 0xefbf, 0X5, 0x6dde, 0X1, 0x4d5e, 0X8, 0xbf1f, 0X1, 0xefbf, 0X12, 0xcebd, 0X1, 0x3ad4, 0X3, 0x7477, 0X1, 0xefbf, 0XD, 0xdf1f, 0X1, 0xd6ff, 0X5, 0x7dfe, 0X1, 0x4d5e, 0X2, 0x2c9d, 0X1, 0x1c3d, 0X5, 0x34be, 0X1, 0x0000, 0X9, 0xefbf, 0X8, 0xcedd, 0X1, 0x3ad4, 0X2, 0x3252, 0X1, 0x2a11, 0X5, 0x8cd8, 0X1, 0xefbf, 0X7, 0xd71e, 0X1, 0x3ad4, 0X2, 0x3272, 0X1, 0x2a11, 0X5, 0x7c77, 0X1, 0xefbf,
0X7, 0xe77e, 0X1, 0x3ad4, 0X2, 0x3272, 0X1, 0x2a11, 0X5, 0x6bf6, 0X1, 0xefbf, 0X4, 0xdf7f, 0X1, 0x555e, 0X1, 0x4d5e, 0X7, 0x65bf, 0X1, 0xefbf, 0X13, 0xcebd, 0X1, 0x3ad4, 0X3, 0x7477, 0X1, 0xefbf, 0XD, 0xe77f, 0X1, 0xd6ff, 0X5, 0xc6df, 0X1, 0x4d5e, 0X2, 0x3cfe, 0X1, 0x1c3d, 0X5, 0x2c9d, 0X1, 0x0000, 0X9, 0xefbf, 0X8, 0xe79f, 0X1, 0x4b55, 0X1, 0x3ad4, 0X1, 0x2a31, 0X1, 0x2a11, 0X5, 0xcebd, 0X1, 0xefbf, 0X8, 0x5375, 0X1, 0x3ad3, 0X1, 0x2a32, 0X1, 0x2a11, 0X5, 0xbe5c, 0X1, 0xefbf, 0X8, 0x63d6, 0X1, 0x3ad4, 0X1, 0x2a52, 0X1, 0x2a11, 0X5, 0xaddb, 0X1, 0xefbf, 0X4, 0xb6df, 0X1, 0x4d5e, 0X8, 0x9e9f, 0X1, 0xefbf, 0X13, 0xcebd, 0X1, 0x3ad4, 0X3, 0x7477, 0X1, 0xefbf, 0XE, 0xd6ff, 0X6, 0x557e, 0X1, 0x4d5e, 0X1, 0x4d3e, 0X1, 0x1c3d, 0X5, 0x247d, 0X1, 0x0000, 0X9, 0xe79f, 0X1, 0xefbf, 0X8, 0xd6fd, 0X1, 0x6c16, 0X1, 0x4b34, 0X4, 0x5355, 0X1, 0xadfb, 0X1, 0xefbf, 0X9, 0xdf3e, 0X1, 0x7457, 0X1, 0x4b34, 0X4, 0x5354, 0X1, 0xa59a, 0X1, 0xefbf, 0X9, 0xdf5e, 0X1, 0x7c77, 0X1, 0x4b34, 0X4, 0x5354, 0X1, 0x9d79, 0X1, 0xefbf, 0X5, 0x8e5f, 0X1, 0x4d5e, 0X8, 0xcf3f, 0X1, 0xefbf, 0X13, 0xcebd, 0X1, 0x3ad4, 0X3, 0x7477, 0X1, 0xefbf, 0XE, 0xdf3f, 0X1, 0xd6ff, 0X5, 0x963f, 0X1, 0x4d5e, 0X2, 0x1c5d, 0X1, 0x1c3d, 0X5, 0x3cbd, 0X1, 0x0000, 0X8, 0xe77f, 0X1, 0xefbf, 0X37, 0x75ff, 0X1, 0x4d5e, 0X7, 0x5d9f,
0X1, 0xefbf, 0X14, 0xcebd, 0X1, 0x3ad4, 0X3, 0x7477, 0X1, 0xefbf, 0XE, 0xe75f, 0X1, 0xd6ff, 0X5, 0xbebf, 0X1, 0x4d5e, 0X2, 0x2c9d, 0X1, 0x1c3d, 0X5, 0x34be, 0X1, 0x0000, 0X8, 0xe75f, 0X1, 0xefbf, 0X37, 0x5d9f, 0X1, 0x4d5e, 0X7, 0x7e1f, 0X1, 0xefbf, 0X14, 0xcedd, 0X1, 0x4b13, 0X1, 0x6bd1, 0X1, 0x5b71, 0X1, 0x7c77, 0X1, 0xefbf, 0XE, 0xe79f, 0X1, 0xd6ff, 0X6, 0x4d5e, 0X2, 0x34be, 0X1, 0x1c3d, 0X5, 0x2c9d, 0X1, 0x0000, 0X8, 0xdf1f, 0X1, 0xefbf, 0X36, 0xe79f, 0X1, 0x4d5e, 0X8, 0x967f, 0X1, 0xefbf, 0X13, 0xefbe, 0X1, 0xf711, 0X1, 0xfec8, 0X1, 0xfee8, 0X2, 0xf6aa, 0X1, 0xf779, 0X1, 0xefbf, 0XE, 0xd6ff, 0X6, 0x4d5e, 0X2, 0x3cfe, 0X1, 0x1c3d, 0X5, 0x2c9d, 0X1, 0x0000, 0X8, 0xd6ff, 0X1, 0xe77f, 0X1, 0xefbf, 0X35, 0xd75f, 0X1, 0x4d5e, 0X8, 0xaebf, 0X1, 0xefbf, 0X13, 0xff2f, 0X1, 0xfee8, 0X6, 0xef9b, 0X1, 0xefbf, 0XD, 0xd71f, 0X1, 0xd6ff, 0X5, 0x5d9e, 0X1, 0x4d5e, 0X1, 0x3cfe, 0X1, 0x1c3d, 0X5, 0x249d, 0X1, 0x0000, 0X8, 0xd6ff, 0X1, 0xd71f, 0X1, 0xefbf, 0X35, 0xcf3f, 0X1, 0x4d5e, 0X8, 0xb6df, 0X1, 0xefbf, 0X12, 0xf779, 0X1, 0xfee8, 0X7, 0xcdec, 0X1, 0x4b14, 0X6, 0x4b55, 0X1, 0x9539, 0X1, 0xefbf, 0X5, 0xdf1f, 0X1, 0xd6ff, 0X5, 0x75df, 0X1, 0x4d5e, 0X1, 0x451e, 0X1, 0x1c3d, 0X5, 0x249d, 0X1, 0x0000, 0X8, 0xd6ff, 0X2, 0xdf3f, 0X1, 0xefbf, 0X34, 0xc71f, 0X1, 0x4d5e, 0X8, 0xbeff, 0X1,
0xefbf, 0X12, 0xf754, 0X1, 0xfee8, 0X7, 0xf6a8, 0X1, 0x3ad4, 0X8, 0xc69d, 0X1, 0xefbf, 0X4, 0xdf1f, 0X1, 0xd6ff, 0X5, 0x7dfe, 0X1, 0x4d5e, 0X1, 0x451e, 0X1, 0x1c3d, 0X5, 0x247d, 0X1, 0x0000, 0X8, 0xd6ff, 0X3, 0xdf1f, 0X1, 0xef9f, 0X1, 0xefbf, 0X32, 0xc71f, 0X1, 0x4d5e, 0X8, 0xbeff, 0X1, 0xefbf, 0X12, 0xf754, 0X1, 0xfee8, 0X7, 0xf6a8, 0X1, 0x3ad4, 0X8, 0xc6bd, 0X1, 0xefbf, 0X4, 0xdf1f, 0X1, 0xd6ff, 0X5, 0x7dfe, 0X1, 0x4d5e, 0X1, 0x451e, 0X1, 0x1c3d, 0X5, 0x247d, 0X1, 0x0000, 0X8, 0xd6ff, 0X5, 0xdf3f, 0X1, 0xe77f, 0X1, 0xefbf, 0X30, 0xcf3f, 0X1, 0x4d5e, 0X8, 0xb6df, 0X1, 0xefbf, 0X12, 0xf77a, 0X1, 0xfee8, 0X7, 0xcdec, 0X1, 0x4b14, 0X6, 0x4b55, 0X1, 0x9539, 0X1, 0xefbf, 0X5, 0xdf1f, 0X1, 0xd6ff, 0X5, 0x75df, 0X1, 0x4d5e, 0X1, 0x451e, 0X1, 0x1c3d, 0X5, 0x249d, 0X1, 0x0000, 0X8, 0xd6ff, 0X9, 0xd71f, 0X2E, 0xc6df, 0X1, 0x4d5e, 0X8, 0xaebf, 0X1, 0xefbf, 0X13, 0xff2f, 0X1, 0xfee8, 0X6, 0xef9b, 0X1, 0xefbf, 0XD, 0xd71f, 0X1, 0xd6ff, 0X5, 0x5d9e, 0X1, 0x4d5e, 0X1, 0x3cfe, 0X1, 0x1c3d, 0X5, 0x249d, 0X1, 0x0000, 0X8, 0xd6ff, 0X37, 0xcedf, 0X1, 0x4d5e, 0X8, 0x967f, 0X1, 0xefbf, 0X13, 0xefbe, 0X1, 0xf731, 0X1, 0xfee8, 0X3, 0xff0b, 0X1, 0xf77a, 0X1, 0xefbf, 0XE, 0xd6ff, 0X6, 0x4d5e, 0X2, 0x3cfe, 0X1, 0x1c3d, 0X5, 0x2c9d, 0X1, 0x0000, 0X8, 0xd6df, 0X1, 0xd6ff, 0X37, 0x5d7f, 0X1, 0x4d5e,
0X7, 0x7e1f, 0X1, 0xefbf, 0X15, 0xef9d, 0X1, 0xf779, 0X1, 0xef9b, 0X1, 0xefbf, 0XF, 0xe79f, 0X1, 0xd6ff, 0X6, 0x4d5e, 0X2, 0x34be, 0X1, 0x1c3d, 0X5, 0x2c9d, 0X1, 0x0000, 0X8, 0xd71f, 0X1, 0xd6ff, 0X37, 0x6dbf, 0X1, 0x4d5e, 0X7, 0x5d9f, 0X1, 0xefbf, 0X27, 0xe75f, 0X1, 0xd6ff, 0X5, 0xbebf, 0X1, 0x4d5e, 0X2, 0x2c9d, 0X1, 0x1c3d, 0X5, 0x2cbd, 0X1, 0x0000, 0X9, 0xd6ff, 0X37, 0x85ff, 0X1, 0x4d5e, 0X8, 0xcf3f, 0X1, 0xefbf, 0X26, 0xdf3f, 0X1, 0xd6ff, 0X5, 0x8e3f, 0X1, 0x4d5e, 0X2, 0x1c5d, 0X1, 0x1c3d, 0X5, 0x3cbd, 0X1, 0x0000, 0X9, 0xce7f, 0X1, 0xd6ff, 0X36, 0xa65f, 0X1, 0x4d5e, 0X8, 0x9e9f, 0X1, 0xefbf, 0X26, 0xd6ff, 0X6, 0x557e, 0X1, 0x4d5e, 0X1, 0x4d3e, 0X1, 0x1c3d, 0X5, 0x247d, 0X1, 0x0000, 0XB, 0xd6bf, 0X1, 0xd6ff, 0X35, 0xcedf, 0X1, 0x555e, 0X1, 0x4d5e, 0X7, 0x65bf, 0X1, 0xefbf, 0X25, 0xe77f, 0X1, 0xd6ff, 0X5, 0xc6df, 0X1, 0x4d5e, 0X2, 0x3cfe, 0X1, 0x1c3d, 0X5, 0x2c9d, 0X1, 0x0000, 0XC, 0xce7f, 0X1, 0xd6ff, 0X35, 0x65bf, 0X1, 0x4d5e, 0X8, 0xbf1f, 0X1, 0xefbf, 0X24, 0xdf1f, 0X1, 0xd6ff, 0X5, 0x7dfe, 0X1, 0x4d5e, 0X2, 0x2c9d, 0X1, 0x1c3d, 0X5, 0x34bd, 0X1, 0x0000, 0XE, 0xcf3f, 0X1, 0xd6df, 0X2, 0xd6ff, 0X31, 0x7ddf, 0X1, 0x4d5e, 0X8, 0x75df, 0X1, 0xefbf, 0X23, 0xe77f, 0X1, 0xd6ff, 0X5, 0xceff, 0X1, 0x4d5e, 0X3, 0x1c5d, 0X1, 0x1c3d, 0X4, 0x1c5d, 0X1, 0x24ff, 0X1, 0x0000, 0X42,
0x4d5e, 0XA, 0xbeff, 0X1, 0xefbf, 0X22, 0xdf1f, 0X1, 0xd6ff, 0X5, 0x7dfe, 0X1, 0x4d5e, 0X2, 0x3cfe, 0X1, 0x1c3d, 0X5, 0x2c9d, 0X1, 0x0000, 0X44, 0x4d5e, 0X9, 0x65bf, 0X1, 0xe79f, 0X1, 0xefbf, 0X20, 0xe77f, 0X1, 0xd6ff, 0X5, 0xbedf, 0X1, 0x4d5e, 0X3, 0x247d, 0X1, 0x1c3d, 0X5, 0x2cbe, 0X1, 0x0000, 0X44, 0x555e, 0X1, 0x4d5e, 0X9, 0x967f, 0X1, 0xefbf, 0X1F, 0xef9f, 0X1, 0xd6ff, 0X6, 0x5d9e, 0X1, 0x4d5e, 0X2, 0x451e, 0X1, 0x1c3d, 0X5, 0x247d, 0X1, 0x0000, 0X46, 0x4d5e, 0X9, 0x555e, 0X1, 0xbeff, 0X1, 0xefbf, 0X1E, 0xdf1f, 0X1, 0xd6ff, 0X5, 0x7dfe, 0X1, 0x4d5e, 0X3, 0x2c9d, 0X1, 0x1c3d, 0X5, 0x2cbd, 0X1, 0x0000, 0X46, 0x4d7e, 0X1, 0x4d5e, 0X9, 0x557e, 0X1, 0xcf3f, 0X1, 0xefbf, 0X1C, 0xdf3f, 0X1, 0xd6ff, 0X5, 0x9e7f, 0X1, 0x4d5e, 0X3, 0x451e, 0X1, 0x1c3d, 0X5, 0x247d, 0X1, 0x0000, 0X48, 0x4d5e, 0XA, 0x5d9f, 0X1, 0xd75f, 0X1, 0xefbf, 0X1A, 0xdf3f, 0X1, 0xd6ff, 0X5, 0xae9f, 0X1, 0x4d5e, 0X4, 0x247d, 0X1, 0x1c3d, 0X5, 0x34be, 0X1, 0x0000, 0X48, 0x557e, 0X1, 0x4d5e, 0XA, 0x5d9f, 0X1, 0xc73f, 0X1, 0xefbf, 0X18, 0xdf3f, 0X1, 0xd6ff, 0X5, 0xa67f, 0X1, 0x4d5e, 0X4, 0x34de, 0X1, 0x1c3d, 0X5, 0x2c9d, 0X1, 0x0000, 0X4A, 0x557e, 0X1, 0x4d5e, 0XA, 0x557e, 0X1, 0xb6df, 0X1, 0xefbf, 0X15, 0xef9f, 0X1, 0xdf1f, 0X1, 0xd6ff, 0X5, 0x8e1f, 0X1, 0x4d5e, 0X4, 0x453e, 0X1, 0x1c3d, 0X5, 0x247d, 0X1, 0x44bf,
0X1, 0x0000, 0X4B, 0x4d7e, 0X1, 0x4d5e, 0XB, 0x863f, 0X1, 0xdf7f, 0X1, 0xefbf, 0X12, 0xe77f, 0X1, 0xd6ff, 0X5, 0xceff, 0X1, 0x65bf, 0X1, 0x4d5e, 0X5, 0x247d, 0X1, 0x1c3d, 0X4, 0x1c5d, 0X1, 0x34bd, 0X1, 0x0000, 0X4C, 0x555f, 0X1, 0x4d5e, 0XC, 0x5d9f, 0X1, 0xaebf, 0X1, 0xe79f, 0X1, 0xefbf, 0XE, 0xef9f, 0X1, 0xdf3f, 0X1, 0xd6ff, 0X5, 0x963f, 0X1, 0x4d5e, 0X6, 0x2c9d, 0X1, 0x1c3d, 0X5, 0x2cbe, 0X1, 0x0000, 0X4E, 0x557e, 0X1, 0x4d7e, 0X1, 0x4d5e, 0XC, 0x65bf, 0X1, 0xa6bf, 0X1, 0xdf9f, 0X1, 0xefbf, 0XA, 0xe77f, 0X1, 0xdf3f, 0X1, 0xd6ff, 0X4, 0xceff, 0X1, 0x9e5f, 0X1, 0x555e, 0X1, 0x4d5e, 0X6, 0x34be, 0X1, 0x1c3d, 0X5, 0x2cbd, 0X1, 0x0000, 0X50, 0x4d5e, 0XF, 0x557e, 0X1, 0x7e1f, 0X1, 0xaebf, 0X1, 0xd75f, 0X1, 0xefbf, 0X4, 0xe77f, 0X1, 0xdf5f, 0X1, 0xd6ff, 0X4, 0xceff, 0X1, 0xb69f, 0X1, 0x6ddf, 0X1, 0x4d5e, 0X8, 0x34de, 0X1, 0x1c3d, 0X5, 0x2c9d, 0X1, 0x0000, 0X52, 0x557e, 0X1, 0x4d5f, 0X1, 0x4d5e, 0X10, 0x5d7e, 0X1, 0x75df, 0X1, 0x965f, 0X1, 0xa69f, 0X1, 0xb6bf, 0X1, 0xae9f, 0X1, 0xa67f, 0X1, 0x965f, 0X1, 0x75df, 0X1, 0x557e, 0X1, 0x4d5e, 0XA, 0x34de, 0X1, 0x1c3d, 0X5, 0x2cbe, 0X1, 0x0000, 0X54, 0x4d3e, 0X1, 0x4d5e, 0X23, 0x2c9d, 0X1, 0x1c3d, 0X5, 0x2cbd, 0X1, 0x0000, 0X56, 0x555f, 0X1, 0x555e, 0X1, 0x4d5e, 0X1F, 0x4d3e, 0X1, 0x247d, 0X1, 0x1c3d, 0X4, 0x245d, 0X1, 0x34de, 0X1, 0x0000,
0X59, 0x4d7f, 0X1, 0x4d7e, 0X1, 0x4d5e, 0X1C, 0x3cfe, 0X1, 0x1c5d, 0X1, 0x1c3d, 0X4, 0x2c9d, 0X1, 0x34de, 0X1, 0x0000, 0X5B, 0x4d9f, 0X1, 0x555e, 0X1, 0x4d5e, 0X19, 0x453e, 0X1, 0x249d, 0X1, 0x1c3d, 0X4, 0x247d, 0X1, 0x34bd, 0X1, 0x0000, 0X5F, 0x4d7f, 0X1, 0x4d7e, 0X1, 0x4d5e, 0X15, 0x4d3e, 0X1, 0x2cbe, 0X1, 0x1c3d, 0X4, 0x245d, 0X1, 0x2cbd, 0X1, 0x2d5f, 0X1, 0x0000, 0X62, 0x553e, 0X1, 0x4d5f, 0X1, 0x4d5e, 0X11, 0x451e, 0X1, 0x2c9d, 0X1, 0x1c3d, 0X4, 0x247d, 0X1, 0x34bd, 0X1, 0x441f, 0X1, 0x0000, 0X66, 0x45ff, 0X1, 0x4d7f, 0X1, 0x4d5e, 0XC, 0x451e, 0X1, 0x34be, 0X1, 0x1c5d, 0X1, 0x1c3d, 0X3, 0x247d, 0X1, 0x2cbd, 0X1, 0x34be, 0X1, 0x0000, 0X6D, 0x4d5f, 0X1, 0x4d7e, 0X1, 0x4d5f, 0X2, 0x4d5e, 0X1, 0x453e, 0X1, 0x3d1e, 0X1, 0x34be, 0X1, 0x2c9d, 0X1, 0x1c5d, 0X2, 0x247d, 0X1, 0x249d, 0X1, 0x2c9d, 0X1, 0x2cbe, 0X1, 0x3cfe, 0X1, 0x0000, 0X1C
};

static const uint16_t lcd_hbspo2[2822] = {
0x0000, 0x211, 0x52aa, 0x1, 0x42cc, 0x1C, 0x52aa, 0x1, 0x0000, 0x61, 0x42cc, 0x20, 0x0000, 0x5E, 0x7bef, 0x1, 0x42cc, 0x22, 0x7bef, 0x1, 0x0000, 0x5C, 0x42cc, 0x24, 0x0000, 0x5B, 0x42cc, 0x5, 0x4aed, 0x1, 0x8cd4, 0x1, 0xce7a, 0x1, 0xe75d, 0x1, 0xef7e, 0x14, 0xe75d, 0x1, 0xce7a, 0x1, 0x8cd4, 0x1, 0x4aed, 0x1, 0x42cc, 0x5, 0x0000, 0x59, 0x52aa, 0x1, 0x42cc, 0x4, 0x534e, 0x1, 0xceba, 0x1, 0xef7e, 0x1A, 0xce9a, 0x1, 0x534e, 0x1, 0x42cc,
0x4, 0x332c, 0x1, 0x0000, 0x58, 0x42cc, 0x4, 0x4aed, 0x1, 0xceba, 0x1, 0xef7e, 0x1C, 0xce9a, 0x1, 0x4aed, 0x1, 0x42cc, 0x4, 0x0000, 0x58, 0x42cc, 0x4, 0x8cd4, 0x1, 0xef7e, 0x1E, 0x8cd3, 0x1, 0x42cc, 0x4, 0x0000, 0x58, 0x42cc, 0x4, 0xce7a, 0x1, 0xef7e, 0x3, 0xbe18, 0x1, 0x534e, 0x1, 0x42cc, 0x14, 0x534e, 0x1, 0xbe39, 0x1, 0xef7e, 0x3, 0xc67a, 0x1, 0x42cc, 0x4, 0x0000, 0x58, 0x42cc, 0x4, 0xe75d, 0x1, 0xef7e, 0x3, 0x534e, 0x1, 0x42cc,
0x16, 0x5b4e, 0x1, 0xef7e, 0x3, 0xe75d, 0x1, 0x42cc, 0x4, 0x0000, 0x58, 0x42cc, 0x4, 0xef7e, 0x4, 0x42cc, 0x18, 0xef7e, 0x4, 0x42cc, 0x4, 0x0000, 0x58, 0x42cc, 0x4, 0xef7e, 0x4, 0x42cc, 0x18, 0xef7e, 0x4, 0x42cc, 0x4, 0x0000, 0x58, 0x42cc, 0x4, 0xef7e, 0x4, 0x42cc, 0x4, 0x86df, 0x10, 0x42cc, 0x4, 0xef7e, 0x4, 0x534e, 0x1, 0x42cc, 0x3, 0x0000, 0x2A, 0x42cc, 0x4, 0x0000, 0x2A, 0x42cc, 0x4, 0xef7e, 0x4, 0x42cc, 0x4, 0x86df, 0x10, 0x42cc,
0x4, 0xef7e, 0x4, 0xbe39, 0x1, 0x534e, 0x1, 0x42cc, 0x2, 0x0000, 0x2A, 0x42cc, 0x4, 0x0000, 0x2A, 0x42cc, 0x4, 0xef7e, 0x4, 0x42cc, 0x4, 0x86df, 0x10, 0x42cc, 0x4, 0xef7e, 0x6, 0x0000, 0x2B, 0x42cc, 0x5, 0x42eb, 0x1, 0x0000, 0x29, 0x42cc, 0x4, 0xef7e, 0x4, 0x42cc, 0x4, 0x86df, 0x10, 0x42cc, 0x4, 0xef7e, 0x6, 0x0000, 0x2B, 0x42cc, 0x6, 0x0000, 0x29, 0x42cc, 0x4, 0xef7e, 0x4, 0x42cc, 0x4, 0x86df, 0x10, 0x42cc, 0x4, 0xef7e, 0x6, 0x0000, 0x3,
0x42ac, 0x1, 0x42cc, 0x8, 0x0000, 0x4, 0x42cc, 0x8, 0x4acd, 0x1, 0x0000, 0x12, 0x42cc, 0x6, 0x0000, 0x29, 0x42cc, 0x4, 0xef7e, 0x4, 0x42cc, 0x4, 0x86df, 0x10, 0x42cc, 0x4, 0xef7e, 0x6, 0x0000, 0x2, 0x42cc, 0xB, 0x3aab, 0x2, 0x42cc, 0xB, 0x0000, 0x11, 0x42cc, 0x6, 0x0000, 0x29, 0x42cc, 0x4, 0xef7e, 0x4, 0x42cc, 0x4, 0x86df, 0x10, 0x42cc, 0x4, 0xef7e, 0x6, 0x3aae, 0x1, 0x42cc, 0x1A, 0x3aae, 0x1, 0x0000, 0xF, 0x42cc, 0x6, 0x0000, 0x29, 0x42cc,
0x4, 0xef7e, 0x4, 0x42cc, 0x4, 0x86df, 0x10, 0x42cc, 0x4, 0xef7e, 0x6, 0x42cc, 0x1C, 0x0000, 0xE, 0x4acd, 0x1, 0x42cc, 0x6, 0x0000, 0x29, 0x42cc, 0x4, 0xef7e, 0x4, 0x42cc, 0x4, 0x86df, 0x10, 0x42cc, 0x4, 0xef7e, 0x5, 0xa596, 0x1, 0x42cc, 0x4, 0x52ec, 0x1, 0xa38e, 0x1, 0xe40f, 0x1, 0xfc4f, 0x1, 0xec2f, 0x1, 0xc3ce, 0x1, 0x6b2d, 0x1, 0x42cc, 0x6, 0x6b2d, 0x1, 0xc3ce, 0x1, 0xec2f, 0x1, 0xfc4f, 0x1, 0xe40f, 0x1, 0xa3ae, 0x1, 0x52ec, 0x1, 0x42cc,
0x5, 0x0000, 0xD, 0x42cc, 0x7, 0x0000, 0x29, 0x42cc, 0x4, 0xef7e, 0x4, 0x42cc, 0x4, 0x86df, 0x10, 0x42cc, 0x4, 0xef7e, 0x4, 0xe75d, 0x1, 0x532e, 0x1, 0x42cc, 0x3, 0x630d, 0x1, 0xec2f, 0x1, 0xfc50, 0x5, 0xfc4f, 0x1, 0x9b6e, 0x1, 0x42cc, 0x4, 0x9b8e, 0x1, 0xfc50, 0x6, 0xec2f, 0x1, 0x630d, 0x1, 0x42cc, 0x4, 0x3aad, 0x1, 0x0000, 0xC, 0x42cc, 0x7, 0x0000, 0x29, 0x42cc, 0x4, 0xef7e, 0x4, 0x42cc, 0x4, 0x86df, 0x10, 0x42cc, 0x4, 0xef7e, 0x4, 0xb5d7, 0x1,
0x42cc, 0x3, 0x4aec, 0x1, 0xec2f, 0x1, 0xfc50, 0x7, 0xfc4f, 0x1, 0x936e, 0x1, 0x42cc, 0x2, 0x936d, 0x1, 0xfc4f, 0x1, 0xfc50, 0x7, 0xec2f, 0x1, 0x4aec, 0x1, 0x42cc, 0x4, 0x0000, 0xC, 0x42cc, 0x7, 0x42eb, 0x1, 0x0000, 0x28, 0x42cc, 0x4, 0xef7e, 0x4, 0x42cc, 0x4, 0x86df, 0x10, 0x42cc, 0x4, 0xef7e, 0x4, 0x7c72, 0x1, 0x42cc, 0x3, 0x9b8e, 0x1, 0xfc50, 0xA, 0xdc0f, 0x2, 0xfc50, 0xA, 0x9b8e, 0x1, 0x42cc, 0x4, 0x0000, 0xC, 0x42cc, 0x8, 0x0000, 0x28, 0x42cc,
0x4, 0xef7e, 0x4, 0x42cc, 0x4, 0x86df, 0x10, 0x42cc, 0x4, 0xef7e, 0x4, 0x63af, 0x1, 0x42cc, 0x3, 0xd40f, 0x1, 0xfc50, 0x16, 0xd3ef, 0x1, 0x42cc, 0x4, 0x0000, 0xB, 0x52aa, 0x1, 0x42cc, 0x8, 0x0000, 0x28, 0x42cc, 0x4, 0xef7e, 0x4, 0x42cc, 0x4, 0x86df, 0x10, 0x42cc, 0x4, 0xef7e, 0x4, 0x534e, 0x1, 0x42cc, 0x3, 0xec2f, 0x1, 0xfc50, 0x16, 0xec2f, 0x1, 0x42cc, 0x4, 0x0000, 0xB, 0x42cc, 0x9, 0x0000, 0x28, 0x42cc, 0x4, 0xef7e, 0x4, 0x42cc, 0x4, 0x86df, 0x10,
0x42cc, 0x4, 0xef7e, 0x4, 0x5b8f, 0x1, 0x42cc, 0x3, 0xe40f, 0x1, 0xfc50, 0x16, 0xdc0f, 0x1, 0x42cc, 0x4, 0x0000, 0xB, 0x42cc, 0x9, 0x0000, 0x28, 0x42cc, 0x4, 0xef7e, 0x4, 0x42cc, 0x4, 0x86df, 0x10, 0x42cc, 0x4, 0xef7e, 0x4, 0x7411, 0x1, 0x42cc, 0x3, 0xbbce, 0x1, 0xfc50, 0x16, 0xbbce, 0x1, 0x42cc, 0x4, 0x0000, 0xB, 0x42cc, 0x9, 0x0000, 0x28, 0x42cc, 0x4, 0xef7e, 0x4, 0x42cc, 0x18, 0xef7e, 0x4, 0x9d35, 0x1, 0x42cc, 0x3, 0x7b4d, 0x1, 0xfc50, 0x16, 0x7b4d,
0x1, 0x42cc, 0x4, 0x0000, 0xB, 0x42cc, 0x9, 0x0000, 0x28, 0x42cc, 0x4, 0xef7e, 0x4, 0x42cc, 0x18, 0xef7e, 0x4, 0xce9a, 0x1, 0x42cc, 0x4, 0xdc0f, 0x1, 0xfc50, 0x14, 0xdc0f, 0x1, 0x42cc, 0x5, 0x0000, 0xB, 0x42cc, 0x9, 0x0000, 0x28, 0x42cc, 0x4, 0xef7e, 0x4, 0x534e, 0x1, 0x42cc, 0x16, 0x5b4e, 0x1, 0xef7e, 0x5, 0x63af, 0x1, 0x42cc, 0x3, 0x732d, 0x1, 0xfc4f, 0x1, 0xfc50, 0x13, 0x732d, 0x1, 0x42cc, 0x4, 0x0000, 0xB, 0x42cc, 0x5, 0x0000, 0x1, 0x42cc, 0x4, 0x42eb,
0x1, 0x0000, 0x27, 0x42cc, 0x4, 0xef7e, 0x4, 0xbe39, 0x1, 0x534e, 0x1, 0x42cc, 0x14, 0x5b4e, 0x1, 0xbe39, 0x1, 0xef7e, 0x5, 0xbe18, 0x1, 0x42cc, 0x4, 0xabae, 0x1, 0xfc50, 0x12, 0xabae, 0x1, 0x42cc, 0x5, 0x0000, 0xB, 0x42cc, 0x5, 0x0000, 0x1, 0x42cc, 0x5, 0x0000, 0x27, 0x42cc, 0x4, 0xef7e, 0x22, 0x42cc, 0x4, 0x4acc, 0x1, 0xd3ef, 0x1, 0xfc50, 0x10, 0xdc0f, 0x1, 0x4acc, 0x1, 0x42cc, 0x4, 0x0000, 0xC, 0x42cc, 0x5, 0x0000, 0x1, 0x42cc, 0x5, 0x0000, 0x5, 0x42cc,
0x4, 0x0000, 0x1E, 0x42cc, 0x4, 0xef7e, 0x22, 0x42ac, 0x1, 0x42cc, 0x4, 0x52ec, 0x1, 0xdc0f, 0x1, 0xfc50, 0xF, 0x7b4d, 0x1, 0x42cc, 0x5, 0x0000, 0xC, 0x42cc, 0x5, 0x0000, 0x1, 0x42cc, 0x5, 0x0000, 0x5, 0x42cc, 0x4, 0x7bef, 0x1, 0x0000, 0x1D, 0x42cc, 0x4, 0xef7e, 0x22, 0x0000, 0x1, 0x42cc, 0x5, 0x52ec, 0x1, 0xdc0f, 0x1, 0xfc50, 0xE, 0x7b2d, 0x1, 0x42cc, 0x4, 0x0000, 0x7, 0x42cc, 0x4, 0x0000, 0x2, 0x42cc, 0x5, 0x0000, 0x1, 0x42cc, 0x5, 0x0000, 0x4, 0x42cc, 0x6,
0x0000, 0x1D, 0x42cc, 0x4, 0xef7e, 0x22, 0x0000, 0x2, 0x42cc, 0x5, 0x4aec, 0x1, 0xcbef, 0x1, 0xfc50, 0xD, 0xd3ef, 0x1, 0x42cc, 0x3, 0x0000, 0x7, 0x52aa, 0x1, 0x42cc, 0x4, 0x4a4d, 0x1, 0x42ac, 0x1, 0x42cc, 0x4, 0x52aa, 0x1, 0x0000, 0x1, 0x42cc, 0x5, 0x0000, 0x4, 0x42cc, 0x6, 0x0000, 0x1D, 0x42cc, 0x4, 0xef7e, 0x22, 0x0000, 0x3, 0x42cc, 0x5, 0x4acc, 0x1, 0xb3ae, 0x1, 0xfc50, 0xB, 0xfc4f, 0x1, 0xfbef, 0x1, 0x0000, 0xA, 0x42cc, 0xB, 0x0000, 0x2, 0x42cc, 0x5, 0x0000,
0x4, 0x42cc, 0x6, 0x0000, 0x1D, 0x42cc, 0x4, 0xef7e, 0x22, 0x0000, 0x4, 0x42cc, 0x6, 0x7b4d, 0x1, 0xf42f, 0x1, 0xfc50, 0x7, 0xfc4f, 0x1, 0xfc50, 0x1, 0xfbef, 0x1, 0x0000, 0xB, 0x42cc, 0xB, 0x0000, 0x2, 0x3acc, 0x1, 0x42cc, 0x4, 0x0000, 0x4, 0x42cc, 0x6, 0x7bef, 0x1, 0x0000, 0x1C, 0x42cc, 0x4, 0xef7e, 0x20, 0xbe18, 0x1, 0x534e, 0x1, 0x42cc, 0x2, 0x0000, 0x3, 0x42cc, 0x6, 0x5b0d, 0x1, 0xcbef, 0x1, 0xfc50, 0x5, 0xfc4f, 0x1, 0xfc50, 0x1, 0x0000, 0xD, 0x42cc, 0xB, 0x0000,
0x3, 0x42cc, 0x4, 0x3acc, 0x1, 0x0000, 0x2, 0x3aeb, 0x1, 0x42cc, 0x7, 0x0000, 0x1C, 0x42cc, 0x4, 0xef7e, 0x20, 0x534e, 0x1, 0x42cc, 0x3, 0x0000, 0x4, 0x42cc, 0x7, 0x7b4d, 0x1, 0xec2f, 0x1, 0xfc50, 0x3, 0xfc2f, 0x1, 0x0000, 0xD, 0x42cc, 0xC, 0x0000, 0x3, 0x42cc, 0x5, 0x0000, 0x2, 0x42ac, 0x1, 0x42cc, 0x7, 0x0000, 0x1C, 0x42cc, 0x4, 0xef7e, 0xC, 0xbe18, 0x1, 0x534e, 0x1, 0x42cc, 0x4, 0x534e, 0x1, 0xbe39, 0x1, 0xef7e, 0xC, 0x42cc, 0x4, 0x0000, 0x5, 0x42cc, 0x24, 0x4acd,
0x1, 0x0000, 0x3, 0x42cc, 0x5, 0x0000, 0x2, 0x42cc, 0x14, 0x0000, 0x10, 0x42cc, 0x4, 0xef7e, 0xC, 0x534e, 0x1, 0x42cc, 0x6, 0x5b4e, 0x1, 0xef7e, 0xC, 0x42cc, 0x4, 0x0000, 0x6, 0x52aa, 0x1, 0x42cc, 0x22, 0x0000, 0x4, 0x42cc, 0x5, 0x0000, 0x2, 0x42cc, 0x14, 0x0000, 0x10, 0x42cc, 0x4, 0xe75d, 0x1, 0xef7e, 0xB, 0x534e, 0x1, 0x42cc, 0x6, 0x5b4e, 0x1, 0xef7e, 0xB, 0xe73d, 0x1, 0x42cc, 0x4, 0x0000, 0x8, 0x42cc, 0x21, 0x0000, 0x4, 0x42cc, 0x5, 0x0000, 0x2, 0x42cc, 0x14, 0x0000,
0x10, 0x42cc, 0x4, 0xce7a, 0x1, 0xef7e, 0xB, 0xbe39, 0x1, 0x534e, 0x1, 0x42cc, 0x4, 0x5b4e, 0x1, 0xbe39, 0x1, 0xef7e, 0xB, 0xc67a, 0x1, 0x42cc, 0x4, 0x0000, 0x9, 0x52aa, 0x1, 0x42cc, 0x1F, 0x0000, 0x4, 0x42cc, 0x5, 0x0000, 0x1, 0x4aac, 0x1, 0x42cc, 0x14, 0x0000, 0x10, 0x42cc, 0x4, 0x8cd4, 0x1, 0xef7e, 0x1E, 0x8cd3, 0x1, 0x42cc, 0x4, 0x0000, 0x23, 0x42cc, 0x6, 0x0000, 0x4, 0x42cc, 0x5, 0x0000, 0x1, 0x42cc, 0x5, 0x0000, 0x20, 0x42cc, 0x4, 0x4aed, 0x1, 0xce9a, 0x1, 0xef7e,
0x1C, 0xce9a, 0x1, 0x4aed, 0x1, 0x42cc, 0x4, 0x0000, 0x23, 0x42cc, 0x5, 0x42ac, 0x1, 0x0000, 0x4, 0x3acc, 0x1, 0x42cc, 0x4, 0x0000, 0x1, 0x42cc, 0x5, 0x0000, 0x20, 0x52aa, 0x1, 0x42cc, 0x4, 0x534e, 0x1, 0xce9a, 0x1, 0xef7e, 0x1A, 0xce9a, 0x1, 0x534e, 0x1, 0x42cc, 0x4, 0x332c, 0x1, 0x0000, 0x23, 0x4a4d, 0x1, 0x42cc, 0x4, 0x0000, 0x6, 0x42cc, 0x4, 0x3acc, 0x1, 0x42cc, 0x5, 0x0000, 0x21, 0x42cc, 0x5, 0x4aed, 0x1, 0x8cd4, 0x1, 0xc67a, 0x1, 0xe75d, 0x1, 0xef7e, 0x14, 0xe75d,
0x1, 0xc67a, 0x1, 0x8cd3, 0x1, 0x4aed, 0x1, 0x42cc, 0x5, 0x0000, 0x25, 0x42cc, 0x4, 0x0000, 0x6, 0x42cc, 0xA, 0x0000, 0x22, 0x42cc, 0x24, 0x0000, 0x30, 0x42cc, 0x9, 0x0000, 0x23, 0x7bef, 0x1, 0x42cc, 0x22, 0x7bef, 0x1, 0x0000, 0x30, 0x42cc, 0x9, 0x0000, 0x25, 0x42cc, 0x20, 0x0000, 0x32, 0x42cc, 0x9, 0x0000, 0x26, 0x332c, 0x1, 0x42cc, 0x1C, 0x332c, 0x1, 0x0000, 0x33, 0x42cc, 0x9, 0x0000, 0x2D, 0x42cc, 0x4, 0xff16, 0x8, 0x42cc, 0x4, 0x0000, 0x3A, 0x42cc, 0x8, 0x42ed, 0x1,
0x0000, 0x2D, 0x42cc, 0x4, 0xff16, 0x8, 0x42cc, 0x4, 0x0000, 0x3A, 0x3acc, 0x1, 0x42cc, 0x7, 0x0000, 0x2E, 0x42cc, 0x4, 0xff16, 0x8, 0x42cc, 0x4, 0x0000, 0x3B, 0x42cc, 0x7, 0x0000, 0x2E, 0x42cc, 0x4, 0xff16, 0x8, 0x42cc, 0x4, 0x0000, 0x3B, 0x42cc, 0x7, 0x0000, 0x2E, 0x42cc, 0x4, 0xff16, 0x8, 0x42cc, 0x4, 0x0000, 0x3B, 0x42cc, 0x7, 0x0000, 0x2E, 0x42cc, 0x4, 0xff16, 0x8, 0x42cc, 0x4, 0x0000, 0x3B, 0x42cc, 0x6, 0x3aae, 0x1, 0x0000, 0x2E, 0x42cc, 0x4, 0xff16, 0x8, 0x42cc,
0x4, 0x0000, 0x3B, 0x42cc, 0x6, 0x0000, 0x2F, 0x42cc, 0x4, 0xff16, 0x8, 0x42cc, 0x4, 0x0000, 0x3B, 0x42cc, 0x6, 0x0000, 0x2F, 0x42cc, 0x4, 0xff16, 0x8, 0x42cc, 0x4, 0x0000, 0x3B, 0x42cc, 0x6, 0x0000, 0x2F, 0x42cc, 0x4, 0xff16, 0x8, 0x42cc, 0x4, 0x0000, 0x3B, 0x3acc, 0x1, 0x42cc, 0x4, 0x42ac, 0x1, 0x0000, 0x2F, 0x42cc, 0x4, 0xff16, 0x8, 0x42cc, 0x4, 0x0000, 0x3C, 0x42cc, 0x4, 0x0000, 0x30, 0x42cc, 0x4, 0xff16, 0x8, 0x42cc, 0x4, 0x0000, 0x3C, 0x42cc, 0x4, 0x0000, 0x30,
0x42cc, 0x4, 0xff16, 0x8, 0x42cc, 0x4, 0x42ec, 0x1, 0x42cc, 0x7, 0x0000, 0x68, 0x42cc, 0x4, 0xff16, 0x8, 0x42cc, 0xD, 0x39ef, 0x1, 0x0000, 0x66, 0x42cc, 0x4, 0xff16, 0x8, 0x42cc, 0xE, 0x39ef, 0x1, 0x0000, 0x1, 0x42cc, 0x8, 0x0000, 0x5C, 0x42cc, 0x4, 0xff16, 0x8, 0x42cc, 0x19, 0x4a4d, 0x1, 0x0000, 0x4A, 0x42ac, 0x1, 0x42cc, 0x6, 0x4b0c, 0x1, 0x0000, 0x8, 0x42cc, 0x4, 0xff16, 0x8, 0x42cc, 0x5, 0x5b4d, 0x1, 0xc5b3, 0x1, 0xf6d5, 0x2, 0xc5b3, 0x1, 0x636e, 0x1, 0x42cc, 0xF,
0x4a4d, 0x1, 0x0000, 0x47, 0x42ac, 0x1, 0x42cc, 0xA, 0x39ef, 0x1, 0x0000, 0x6, 0x42cc, 0x4, 0xff16, 0x8, 0x42cc, 0x4, 0x5b4d, 0x1, 0xf6b5, 0x1, 0xff16, 0x4, 0xf6b5, 0x1, 0x5b4d, 0x1, 0x42cc, 0xF, 0x0000, 0x46, 0x42cc, 0xD, 0x42ed, 0x1, 0x0000, 0x5, 0x42cc, 0x4, 0xff16, 0x8, 0x42cc, 0x4, 0xc5b3, 0x1, 0xff16, 0x6, 0xc593, 0x1, 0x42cc, 0x5, 0x5b4d, 0x1, 0xc5b3, 0x1, 0xf6d5, 0x2, 0xc5b3, 0x1, 0x636e, 0x1, 0x42cc, 0x5, 0x42ec, 0x1, 0x42cc, 0x6, 0x42ec, 0x1, 0x0000, 0x3C, 0x7bef,
0x1, 0x42cc, 0xE, 0x3aae, 0x1, 0x0000, 0x4, 0x42cc, 0x4, 0xff16, 0x8, 0x42cc, 0x4, 0xf6d5, 0x1, 0xff16, 0x6, 0xf6d5, 0x1, 0x42cc, 0x4, 0x5b4d, 0x1, 0xf6b5, 0x1, 0xff16, 0x4, 0xf6b5, 0x1, 0x5b4d, 0x1, 0x42cc, 0xD, 0x52aa, 0x1, 0x0000, 0x3B, 0x42cc, 0x4, 0x5b8f, 0x1, 0xa556, 0x1, 0xc679, 0x1, 0xcdd3, 0x1, 0xa4f1, 0x1, 0x532d, 0x1, 0x42cc, 0x5, 0x0000, 0x4, 0x42cc, 0x4, 0xff16, 0x8, 0x5b4d, 0x1, 0x42cc, 0x2, 0x5b4d, 0x1, 0xff16, 0x8, 0x42cc, 0x4, 0xc5b3, 0x1, 0xff16, 0x6, 0xc593,
0x1, 0x42cc, 0xE, 0x52aa, 0x1, 0x0000, 0x3A, 0x42cc, 0x4, 0xadb7, 0x1, 0xffff, 0x2, 0xff38, 0x1, 0xff16, 0x1, 0xf6d5, 0x1, 0x73ef, 0x1, 0x42cc, 0x4, 0x42ac, 0x1, 0x0000, 0x3, 0x42cc, 0x4, 0xff16, 0x8, 0xcdd3, 0x1, 0x5b4d, 0x2, 0xcdd3, 0x1, 0xff16, 0x8, 0x42cc, 0x4, 0xf6d5, 0x1, 0xff16, 0x6, 0xf6d5, 0x1, 0x42cc, 0xF, 0x0000, 0x3A, 0x42cc, 0x4, 0x7c52, 0x1, 0xffff, 0x2, 0xff7a, 0x1, 0xff16, 0x2, 0xfed6, 0x1, 0x638e, 0x1, 0x42cc, 0x4, 0x0000, 0x3, 0x42cc, 0x4, 0xff16, 0x14, 0x5b4d,
0x1, 0x42cc, 0x2, 0x5b4d, 0x1, 0xff16, 0x8, 0x42cc, 0x5, 0x5b4d, 0x1, 0xbd92, 0x1, 0xe613, 0x2, 0xb531, 0x1, 0x5b4d, 0x1, 0x42cc, 0x5, 0x0000, 0x39, 0x42ac, 0x1, 0x42cc, 0x3, 0x4b0d, 0x1, 0xffff, 0x2, 0xffbd, 0x1, 0xff16, 0x3, 0xde34, 0x1, 0x42cc, 0x5, 0x0000, 0x2, 0x42cc, 0x4, 0xff16, 0x14, 0xcdd3, 0x1, 0x5b4d, 0x2, 0xcdd3, 0x1, 0xff16, 0x8, 0x42cc, 0x4, 0x5b4d, 0x1, 0xf6b5, 0x1, 0xff16, 0x1, 0xf694, 0x1, 0xee53, 0x2, 0xde12, 0x1, 0x532d, 0x1, 0x42cc, 0x4, 0x0000, 0x3A, 0x42cc,
0x4, 0xd6db, 0x1, 0xffff, 0x2, 0xff16, 0x4, 0x842f, 0x1, 0x42cc, 0x4, 0x0000, 0x2, 0x42cc, 0x4, 0xff16, 0x20, 0x42cc, 0x4, 0xc5b3, 0x1, 0xff16, 0x2, 0xfed5, 0x1, 0xee53, 0x3, 0xb511, 0x1, 0x42cc, 0x4, 0x0000, 0x3A, 0x42cc, 0x4, 0xa576, 0x1, 0xffff, 0x2, 0xff58, 0x1, 0xff16, 0x3, 0xde34, 0x1, 0x42cc, 0x5, 0x0000, 0x1, 0x42cc, 0x4, 0xff16, 0x20, 0x42cc, 0x4, 0xf6d5, 0x1, 0xff16, 0x2, 0xfef6, 0x1, 0xee53, 0x3, 0xe612, 0x1, 0x42cc, 0x4, 0x0000, 0x3A, 0x42cc, 0x4, 0x7431, 0x1, 0xffff,
0x2, 0xff9b, 0x1, 0xff16, 0x4, 0x7bef, 0x1, 0x42cc, 0x4, 0x0000, 0x1, 0x42cc, 0x4, 0xff16, 0x20, 0x5b4d, 0x1, 0x42cc, 0x2, 0x5b4d, 0x1, 0xff16, 0x4, 0xee53, 0x4, 0x42cc, 0x4, 0x0000, 0x3A, 0x42ac, 0x1, 0x42cc, 0x3, 0x4aed, 0x1, 0xffdf, 0x1, 0xffff, 0x1, 0xffdd, 0x1, 0xff16, 0x4, 0xd613, 0x1, 0x42cc, 0x9, 0xff16, 0x20, 0xcdd3, 0x1, 0x5b4d, 0x2, 0xcdd3, 0x1, 0xff16, 0x4, 0xee53, 0x4, 0x42cc, 0x4, 0x0000, 0x3B, 0x42cc, 0x4, 0xd6ba, 0x1, 0xffff, 0x2, 0xff16, 0x5, 0x73ce, 0x1, 0x42cc,
0x8, 0xff16, 0x28, 0xee53, 0x4, 0x42cc, 0x4, 0x0000, 0x3B, 0x42cc, 0x4, 0x9d55, 0x1, 0xffff, 0x2, 0xff59, 0x1, 0xff16, 0x4, 0xcdd3, 0x1, 0x42cc, 0x8, 0xff16, 0x28, 0xee53, 0x4, 0x42cc, 0x4, 0x0000, 0x3B, 0x42cc, 0x4, 0x7411, 0x1, 0xffff, 0x2, 0xff9b, 0x1, 0xff16, 0x5, 0x6bae, 0x1, 0x42cc, 0x7, 0xff16, 0x28, 0xee53, 0x4, 0x42cc, 0x4, 0x0000, 0x3B, 0x42ed, 0x1, 0x42cc, 0x3, 0x4aec, 0x1, 0xf7be, 0x1, 0xffff, 0x1, 0xffde, 0x1, 0xff16, 0x5, 0xc593, 0x1, 0x42cc, 0x7, 0xff16, 0x28, 0xee53,
0x4, 0x42cc, 0x4, 0x0000, 0x3C, 0x42cc, 0x4, 0xce9a, 0x1, 0xffff, 0x2, 0xff17, 0x1, 0xff16, 0x4, 0xfef6, 0x1, 0x638e, 0x1, 0x42cc, 0x6, 0xff16, 0x28, 0xee53, 0x4, 0x42cc, 0x4, 0x0000, 0x3C, 0x42cc, 0x4, 0x9d35, 0x1, 0xffff, 0x2, 0xff59, 0x1, 0xff16, 0x5, 0xbd72, 0x1, 0x42cc, 0x6, 0xff16, 0x28, 0xee53, 0x4, 0x42cc, 0x4, 0x0000, 0x3C, 0x42cc, 0x4, 0x6bd0, 0x1, 0xffff, 0x2, 0xff9c, 0x1, 0xff16, 0x5, 0xfef6, 0x1, 0x5b4d, 0x1, 0x42cc, 0x5, 0xff16, 0x28, 0xee53, 0x4, 0x42cc, 0x4, 0x0000,
0x3C, 0x3aeb, 0x1, 0x42cc, 0x4, 0xf79e, 0x1, 0xffff, 0x1, 0xfffe, 0x1, 0xff16, 0x6, 0xb552, 0x1, 0x42cc, 0x5, 0xff16, 0x28, 0xee53, 0x4, 0x42cc, 0x4, 0x0000, 0x3D, 0x42cc, 0x4, 0xc659, 0x1, 0xffff, 0x2, 0xff37, 0x1, 0xff16, 0x5, 0xfef5, 0x1, 0x532d, 0x1, 0x42cc, 0x4, 0xff16, 0x28, 0xee53, 0x4, 0x42cc, 0x4, 0x0000, 0x3D, 0x42cc, 0x4, 0x9514, 0x1, 0xffff, 0x2, 0xff7a, 0x1, 0xff16, 0x6, 0xad11, 0x1, 0x42cc, 0x4, 0xff16, 0x28, 0xee53, 0x4, 0x42cc, 0x4, 0x0000, 0x3D, 0x42cc, 0x4, 0x63af,
0x1, 0xffff, 0x2, 0xffbc, 0x1, 0xff16, 0x6, 0xf6d5, 0x1, 0x532d, 0x1, 0x42cc, 0x2, 0x5b4d, 0x1, 0xff16, 0x28, 0xee53, 0x4, 0x42cc, 0x4, 0x0000, 0x3D, 0x4b2c, 0x1, 0x42cc, 0x4, 0xef7e, 0x1, 0xffff, 0x2, 0xff16, 0x7, 0xcdd3, 0x1, 0x532d, 0x1, 0x5b4d, 0x1, 0xcdd3, 0x1, 0xff16, 0x28, 0xee53, 0x4, 0x42cc, 0x4, 0x0000, 0x3E, 0x42cc, 0x4, 0xbe39, 0x1, 0xffff, 0x2, 0xff38, 0x1, 0xff16, 0x32, 0xee53, 0x4, 0x42cc, 0x4, 0x0000, 0x3E, 0x42cc, 0x4, 0x8cd4, 0x1, 0xffff, 0x2, 0xff7a, 0x1, 0xff16,
0x32, 0xee53, 0x4, 0x42cc, 0x4, 0x0000, 0x3E, 0x42cc, 0x4, 0x5b8f, 0x1, 0xffff, 0x2, 0xffbd, 0x1, 0xff16, 0x32, 0xee53, 0x4, 0x42cc, 0x4, 0x0000, 0x3E, 0x52aa, 0x1, 0x42cc, 0x4, 0xe73c, 0x1, 0xffff, 0x2, 0xff16, 0x32, 0xee53, 0x4, 0x42cc, 0x4, 0x0000, 0x3F, 0x42cc, 0x4, 0x94f4, 0x1, 0xffff, 0x2, 0xff7a, 0x1, 0xff16, 0x31, 0xee53, 0x4, 0x42cc, 0x4, 0x0000, 0x3F, 0x42cc, 0x4, 0x4aed, 0x1, 0xef7e, 0x1, 0xffff, 0x2, 0xff16, 0x31, 0xee53, 0x4, 0x42cc, 0x4, 0x0000, 0x3F, 0x7bef, 0x1, 0x42cc,
0x4, 0x9d55, 0x1, 0xffff, 0x2, 0xff7a, 0x1, 0xff16, 0x30, 0xee53, 0x4, 0x42cc, 0x4, 0x0000, 0x40, 0x42cc, 0x4, 0x532d, 0x1, 0xf7be, 0x1, 0xffff, 0x1, 0xfffe, 0x1, 0xff16, 0x30, 0xee53, 0x4, 0x42cc, 0x4, 0x0000, 0x40, 0x4b2c, 0x1, 0x42cc, 0x4, 0xa576, 0x1, 0xffff, 0x2, 0xff7a, 0x1, 0xff16, 0x2F, 0xee53, 0x4, 0x42cc, 0x4, 0x0000, 0x41, 0x42cc, 0x4, 0x4b0d, 0x1, 0xef9e, 0x1, 0xffff, 0x2, 0xff16, 0x2F, 0xee53, 0x4, 0x42cc, 0x4, 0x0000, 0x41, 0x3aeb, 0x1, 0x42cc, 0x4, 0x9514, 0x1, 0xffff,
0x2, 0xff9b, 0x1, 0xff16, 0x2E, 0xee53, 0x4, 0x42cc, 0x4, 0x0000, 0x42, 0x42cc, 0x4, 0x4aed, 0x1, 0xe75d, 0x1, 0xffff, 0x2, 0xff37, 0x1, 0xff16, 0x2D, 0xee53, 0x4, 0x42cc, 0x4, 0x0000, 0x42, 0x332c, 0x1, 0x42cc, 0x4, 0x8cd3, 0x1, 0xffff, 0x2, 0xffbc, 0x1, 0xff16, 0x2D, 0xee53, 0x4, 0x42cc, 0x4, 0x0000, 0x43, 0x42cc, 0x4, 0x42ec, 0x1, 0xdf1c, 0x1, 0xffff, 0x2, 0xff59, 0x1, 0xff16, 0x2C, 0xee53, 0x4, 0x42cc, 0x4, 0x0000, 0x43, 0x39ef, 0x1, 0x42cc, 0x4, 0x7411, 0x1, 0xffff, 0x2, 0xffde,
0x1, 0xff16, 0x2C, 0xee53, 0x4, 0x42cc, 0x4, 0x0000, 0x44, 0x42cc, 0x5, 0xbe18, 0x1, 0xffff, 0x2, 0xff9b, 0x1, 0xff16, 0x2B, 0xee53, 0x4, 0x42cc, 0x4, 0x0000, 0x45, 0x42cc, 0x4, 0x534e, 0x1, 0xef9e, 0x1, 0xffff, 0x2, 0xff59, 0x1, 0xff16, 0x2A, 0xee53, 0x4, 0x42cc, 0x4, 0x0000, 0x45, 0x42ac, 0x1, 0x42cc, 0x4, 0x7c72, 0x1, 0xffff, 0x3, 0xff37, 0x1, 0xff16, 0x29, 0xee53, 0x4, 0x42cc, 0x4, 0x0000, 0x46, 0x42cc, 0x5, 0xb5f8, 0x1, 0xffff, 0x2, 0xffde, 0x1, 0xff16, 0x29, 0xee53, 0x4, 0x42cc,
0x4, 0x0000, 0x46, 0x7bef, 0x1, 0x42cc, 0x4, 0x4aed, 0x1, 0xd6db, 0x1, 0xffff, 0x2, 0xffdd, 0x1, 0xff16, 0x28, 0xee53, 0x4, 0x42cc, 0x4, 0x0000, 0x47, 0x42cc, 0x5, 0x534e, 0x1, 0xe73d, 0x1, 0xffff, 0x2, 0xffdd, 0x1, 0xff37, 0x1, 0xff16, 0x25, 0xfef6, 0x1, 0xee53, 0x3, 0xddf2, 0x1, 0x42cc, 0x4, 0x0000, 0x48, 0x42cc, 0x5, 0x532e, 0x1, 0xceba, 0x1, 0xffff, 0x3, 0xff9b, 0x1, 0xff38, 0x1, 0xff16, 0x23, 0xfed5, 0x1, 0xee53, 0x3, 0xb511, 0x1, 0x42cc, 0x4, 0x0000, 0x49, 0x42cc, 0x5, 0x4aec,
0x1, 0xc679, 0x1, 0xffff, 0x4, 0xff16, 0x23, 0xf694, 0x1, 0xee53, 0x2, 0xddf2, 0x1, 0x5b4d, 0x1, 0x42cc, 0x4, 0x0000, 0x4A, 0x42cc, 0x5, 0x7411, 0x1, 0xffff, 0x4, 0xff16, 0x22, 0xfed5, 0x1, 0xee53, 0x1, 0xee33, 0x1, 0xb511, 0x1, 0x5b2d, 0x1, 0x42cc, 0x5, 0x0000, 0x4B, 0x42cc, 0x4, 0x8cd4, 0x1, 0xffff, 0x4, 0xff16, 0x21, 0xfed5, 0x1, 0xee53, 0x2, 0x8c4f, 0x1, 0x42cc, 0x6, 0x0000, 0x4D, 0x42cc, 0x2, 0x638f, 0x1, 0xf7be, 0x1, 0xffff, 0x4, 0xff16, 0x20, 0xf694, 0x1, 0xee53, 0x3, 0x4aec,
0x1, 0x42cc, 0x5, 0x332c, 0x1, 0x0000, 0x51, 0xffff, 0x4, 0xff16, 0x20, 0xee53, 0x4, 0x6bae, 0x1, 0x42cc, 0x4, 0x332c, 0x1, 0x0000, 0x52, 0xffff, 0x4, 0xff16, 0x20, 0xee53, 0x4, 0xddf2, 0x1, 0x946f, 0x1, 0x42cc, 0x1, 0x42ac, 0x1, 0x0000, 0x238
};

static const uint16_t lcd_weather[5928] = {
0x0000, 0X97, 0x21a7, 0X1, 0x975f, 0X3, 0x0041, 0X1, 0x0000, 0X7B, 0x7598, 0X1, 0x9f3f, 0X3, 0x2a29, 0X1, 0x0000, 0X6C, 0x0861, 0X1, 0x1966, 0X1, 0x29e8, 0XB, 0x2a08, 0X1, 0x5c52, 0X1, 0x9f3f, 0X4, 0x8e7c, 0X1, 0x3aab, 0X1, 0x29e8, 0X1B, 0x21e8, 0X1, 0x19c8, 0X5, 0x0021, 0X1, 0x0000, 0X2, 0x0820, 0X1, 0x41e4, 0X34, 0x3142, 0X1, 0x0840, 0X1, 0x0000, 0XE, 0x1925, 0X1, 0x6cf5, 0X1, 0x971e, 0X1, 0x9f3f, 0X2F, 0x7f1f, 0X1, 0x66df, 0X5, 0x08c3, 0X1, 0x0000, 0X2, 0x20e1, 0X1, 0xff0e, 0X34, 0xfecd, 0X1, 0xfe6b, 0X1, 0xac67, 0X1, 0x2901, 0X1, 0x0000, 0XB, 0x2a29, 0X1, 0x96fe, 0X1, 0x9f3f, 0X31, 0x7f1f, 0X1, 0x66df, 0X5, 0x08c3, 0X1, 0x0000, 0X2, 0x20e1, 0X1, 0xff0e,
0X34, 0xfecd, 0X1, 0xfe8b, 0X2, 0xf64a, 0X1, 0x49e3, 0X1, 0x0000, 0X9, 0x1925, 0X1, 0x96fe, 0X1, 0x9f3f, 0X32, 0x7f1f, 0X1, 0x66df, 0X5, 0x08c3, 0X1, 0x0000, 0X2, 0x20e1, 0X1, 0xff0e, 0X34, 0xfecd, 0X1, 0xfe8b, 0X3, 0xf64a, 0X1, 0x2901, 0X1, 0x0000, 0X8, 0x6cf5, 0X1, 0x9f3f, 0X33, 0x7f1f, 0X1, 0x66df, 0X5, 0x08c3, 0X1, 0x0000, 0X2, 0x20e1, 0X1, 0xff0e, 0X34, 0xfecd, 0X1, 0xfe8b, 0X4, 0xac67, 0X1, 0x0000, 0X7, 0x0861, 0X1, 0x971e, 0X1, 0x9f3f, 0X1B, 0x7dd9, 0X1, 0x29e8, 0X1, 0x3249, 0X1, 0x865b, 0X1, 0x9f3f, 0X14, 0x7f1f, 0X1, 0x66df, 0X5, 0x08c3, 0X1, 0x0000, 0X2, 0x20e1, 0X1, 0xff0e, 0X29, 0xbd2a, 0X1, 0x9408, 0X1, 0xb50a, 0X1, 0xf6ce, 0X1, 0xff0e, 0X7,
0xfecd, 0X1, 0xfe8b, 0X4, 0xfe4b, 0X1, 0x0840, 0X1, 0x0000, 0X6, 0x1966, 0X1, 0x9f3f, 0X1C, 0x1945, 0X1, 0x0000, 0X2, 0x326a, 0X1, 0x9f3f, 0X14, 0x7f1f, 0X1, 0x66df, 0X5, 0x08c3, 0X1, 0x0000, 0X2, 0x20e1, 0X1, 0xff0e, 0X28, 0x9c49, 0X1, 0x0000, 0X3, 0x1081, 0X1, 0x9c28, 0X1, 0xff0e, 0X6, 0xfecd, 0X1, 0xfe8b, 0X5, 0x3142, 0X1, 0x0000, 0X6, 0x21c7, 0X1, 0x9f3f, 0X1C, 0x0861, 0X1, 0x0000, 0X2, 0x1966, 0X1, 0x9f3f, 0X14, 0x7f1f, 0X1, 0x66df, 0X5, 0x08c3, 0X1, 0x0000, 0X2, 0x20e1, 0X1, 0xff0e, 0X28, 0x5a85, 0X1, 0x0000, 0X5, 0x7b47, 0X1, 0xff0e, 0X5, 0xfecd, 0X1, 0xfe8b, 0X5, 0x41a2, 0X1, 0x0000, 0X6, 0x21c7, 0X1, 0x9f3f, 0X1C, 0x0861, 0X1, 0x0000, 0X2, 0x1966,
0X1, 0x9f3f, 0X14, 0x7f1f, 0X1, 0x66df, 0X5, 0x08c3, 0X1, 0x0000, 0X2, 0x20e1, 0X1, 0xff0e, 0X28, 0xb50a, 0X1, 0x0020, 0X1, 0x0000, 0X5, 0xbd2b, 0X1, 0xff0e, 0X4, 0xfecd, 0X1, 0xfe8b, 0X5, 0x41a2, 0X1, 0x0000, 0X6, 0x21c7, 0X1, 0x9f3f, 0X1C, 0x0861, 0X1, 0x0000, 0X2, 0x1966, 0X1, 0x9f3f, 0X14, 0x7f1f, 0X1, 0x66df, 0X5, 0x08c3, 0X1, 0x0000, 0X2, 0x20e1, 0X1, 0xff0e, 0X29, 0xe62d, 0X1, 0xa489, 0X1, 0x3983, 0X1, 0x0000, 0X3, 0x41e4, 0X1, 0xff0e, 0X4, 0xfecd, 0X1, 0xfe8b, 0X5, 0x41a2, 0X1, 0x0000, 0X6, 0x21c7, 0X1, 0x9f3f, 0X1C, 0x0861, 0X1, 0x0000, 0X2, 0x1966, 0X1, 0x9f3f, 0X14, 0x7f1f, 0X1, 0x66df, 0X5, 0x08c3, 0X1, 0x0000, 0X2, 0x20e1, 0X1, 0xff0e, 0X2B,
0xf6ae, 0X1, 0x18a1, 0X1, 0x0000, 0X2, 0x0020, 0X1, 0xfeee, 0X1, 0xff0e, 0X3, 0xfecd, 0X1, 0xfe8b, 0X5, 0x41a2, 0X1, 0x0000, 0X6, 0x21c7, 0X1, 0x9f3f, 0XD, 0x8ebd, 0X1, 0x971f, 0X1, 0x9f3f, 0XD, 0x1925, 0X1, 0x0000, 0X2, 0x2a29, 0X1, 0x9f3f, 0XD, 0x971e, 0X1, 0x96dd, 0X1, 0x9f3f, 0X5, 0x7f1f, 0X1, 0x66df, 0X5, 0x08c3, 0X1, 0x0000, 0X2, 0x20e1, 0X1, 0xff0e, 0X2C, 0x41e4, 0X1, 0x0000, 0X3, 0xf6ae, 0X1, 0xff0e, 0X3, 0xfecd, 0X1, 0xfe8b, 0X5, 0x41a2, 0X1, 0x0000, 0X6, 0x21c7, 0X1, 0x9f3f, 0XC, 0x432e, 0X1, 0x0000, 0X1, 0x10c3, 0X1, 0x7db9, 0X1, 0x9f3f, 0XC, 0x7578, 0X1, 0x1945, 0X1, 0x21a7, 0X1, 0x861a, 0X1, 0x9f3f, 0XC, 0x6d16, 0X1, 0x0861, 0X1, 0x0000, 0X1,
0x5411, 0X1, 0x9f3f, 0X4, 0x7f1f, 0X1, 0x66df, 0X5, 0x08c3, 0X1, 0x0000, 0X2, 0x20e1, 0X1, 0xff0e, 0X2B, 0xee6d, 0X1, 0x1061, 0X1, 0x0000, 0X2, 0x0840, 0X1, 0xff0e, 0X4, 0xfecd, 0X1, 0xfe8b, 0X5, 0x41a2, 0X1, 0x0000, 0X6, 0x21c7, 0X1, 0x9f3f, 0XB, 0x8ebd, 0X1, 0x0000, 0X3, 0x0862, 0X1, 0x7db8, 0X1, 0x9f3f, 0X1A, 0x6d16, 0X1, 0x0020, 0X1, 0x0000, 0X2, 0x0862, 0X1, 0x9f3f, 0X4, 0x7f1f, 0X1, 0x66df, 0X5, 0x08c3, 0X1, 0x0000, 0X2, 0x20e1, 0X1, 0xff0e, 0XA, 0xfeee, 0X1, 0xaca9, 0X1, 0x9c28, 0X1E, 0x8387, 0X1, 0x20e1, 0X1, 0x0000, 0X3, 0x5245, 0X1, 0xff0e, 0X4, 0xfecd, 0X1, 0xfe8b, 0X5, 0x41a2, 0X1, 0x0000, 0X6, 0x21c7, 0X1, 0x9f3f, 0XB, 0x971f, 0X1, 0x10a3, 0X1,
0x0000, 0X3, 0x0862, 0X1, 0x7db8, 0X1, 0x9f3f, 0X18, 0x6d15, 0X1, 0x0020, 0X1, 0x0000, 0X3, 0x2187, 0X1, 0x9f3f, 0X4, 0x7f1f, 0X1, 0x66df, 0X5, 0x08c3, 0X1, 0x0000, 0X2, 0x20e1, 0X1, 0xff0e, 0XA, 0x5a85, 0X1, 0x0000, 0X23, 0x0020, 0X1, 0xcdac, 0X1, 0xff0e, 0X4, 0xfecd, 0X1, 0xfe8b, 0X5, 0x41a2, 0X1, 0x0000, 0X6, 0x21c7, 0X1, 0x9f3f, 0XC, 0x7db8, 0X1, 0x0861, 0X1, 0x0000, 0X3, 0x0862, 0X1, 0x8e7b, 0X1, 0x9f3f, 0X16, 0x7db9, 0X1, 0x0020, 0X1, 0x0000, 0X3, 0x10c3, 0X1, 0x863b, 0X1, 0x9f3f, 0X4, 0x7f1f, 0X1, 0x66df, 0X5, 0x08c3, 0X1, 0x0000, 0X2, 0x20e1, 0X1, 0xff0e, 0XA, 0x18a1, 0X1, 0x0000, 0X23, 0x9c28, 0X1, 0xff0e, 0X5, 0xfecd, 0X1, 0xfe8b, 0X5, 0x41a2, 0X1,
0x0000, 0X6, 0x21c7, 0X1, 0x9f3f, 0XD, 0x7db8, 0X1, 0x0861, 0X1, 0x0000, 0X3, 0x5c53, 0X1, 0x9f3f, 0X16, 0x4b6e, 0X1, 0x0000, 0X3, 0x10c3, 0X1, 0x863b, 0X1, 0x9f3f, 0X5, 0x7f1f, 0X1, 0x66df, 0X5, 0x08c3, 0X1, 0x0000, 0X2, 0x20e1, 0X1, 0xff0e, 0XA, 0x6b06, 0X1, 0x0000, 0X21, 0x2942, 0X1, 0xbd2a, 0X1, 0xff0e, 0X6, 0xfecd, 0X1, 0xfe8b, 0X5, 0x41a2, 0X1, 0x0000, 0X6, 0x21c7, 0X1, 0x9f3f, 0XE, 0x7db8, 0X1, 0x0862, 0X1, 0x0000, 0X1, 0x0020, 0X1, 0x861a, 0X1, 0x9f3f, 0X7, 0x7dfa, 0X1, 0x5411, 0X1, 0x432e, 0X1, 0x328b, 0X1, 0x3aab, 0X1, 0x434e, 0X1, 0x5c52, 0X1, 0x865b, 0X1, 0x9f3f, 0X7, 0x6d36, 0X1, 0x0000, 0X2, 0x10c3, 0X1, 0x863b, 0X1, 0x9f3f, 0X6, 0x7f1f, 0X1,
0x66df, 0X5, 0x08c3, 0X1, 0x0000, 0X2, 0x20e1, 0X1, 0xff0e, 0XB, 0xc56b, 0X1, 0xaca9, 0X1E, 0xb4ea, 0X1, 0xde0c, 0X1, 0xff0e, 0X8, 0xfecd, 0X1, 0xfe8b, 0X5, 0x41a2, 0X1, 0x0000, 0X6, 0x21c7, 0X1, 0x9f3f, 0XF, 0x865b, 0X1, 0x5c52, 0X1, 0x861a, 0X1, 0x9f3f, 0X5, 0x971e, 0X1, 0x5c32, 0X1, 0x1104, 0X1, 0x0000, 0X8, 0x1945, 0X1, 0x64b4, 0X1, 0x9f3f, 0X6, 0x7db8, 0X1, 0x5c73, 0X1, 0x8ebd, 0X1, 0x9f3f, 0X7, 0x7f1f, 0X1, 0x66df, 0X5, 0x08c3, 0X1, 0x0000, 0X2, 0x20e1, 0X1, 0xff0e, 0X34, 0xfecd, 0X1, 0xfe8b, 0X5, 0x41a2, 0X1, 0x0000, 0X6, 0x21c7, 0X1, 0x9f3f, 0X16, 0x7557, 0X1, 0x1104, 0X1, 0x0000, 0XC, 0x1966, 0X1, 0x7dfa, 0X1, 0x9f3f, 0XE, 0x7f1f, 0X1, 0x66df, 0X5,
0x08c3, 0X1, 0x0000, 0X2, 0x20e1, 0X1, 0xff0e, 0X34, 0xfecd, 0X1, 0xfe8b, 0X5, 0x41a2, 0X1, 0x0000, 0X6, 0x21c7, 0X1, 0x9f3f, 0X15, 0x5c52, 0X1, 0x0020, 0X1, 0x0000, 0XE, 0x0041, 0X1, 0x6cf5, 0X1, 0x9f3f, 0XD, 0x7f1f, 0X1, 0x66df, 0X5, 0x08c3, 0X1, 0x0000, 0X2, 0x20e1, 0X1, 0xff0e, 0X34, 0xfecd, 0X1, 0xfe8b, 0X5, 0x41a2, 0X1, 0x0000, 0X6, 0x21c7, 0X1, 0x9f3f, 0X14, 0x5c32, 0X1, 0x0000, 0X5, 0x39a3, 0X1, 0x9408, 0X1, 0xcdac, 0X1, 0xe64d, 0X2, 0xcd8b, 0X1, 0x83a7, 0X1, 0x2942, 0X1, 0x0000, 0X5, 0x6d36, 0X1, 0x9f3f, 0XC, 0x7f1f, 0X1, 0x66df, 0X5, 0x08c3, 0X1, 0x0000, 0X2, 0x20e1, 0X1, 0xff0e, 0X34, 0xfecd, 0X1, 0xfe8b, 0X5, 0x41a2, 0X1, 0x0000, 0X6, 0x21c7, 0X1,
0x9f3f, 0X13, 0x7557, 0X1, 0x0020, 0X1, 0x0000, 0X3, 0x20e1, 0X1, 0xbd0a, 0X1, 0xff0e, 0X7, 0xfeee, 0X1, 0xa489, 0X1, 0x1081, 0X1, 0x0000, 0X3, 0x0861, 0X1, 0x861a, 0X1, 0x9f3f, 0XB, 0x7f1f, 0X1, 0x66df, 0X5, 0x08c3, 0X1, 0x0000, 0X2, 0x20e1, 0X1, 0xff0e, 0XA, 0xd5cc, 0X1, 0x4a24, 0X1, 0x3163, 0X1, 0x3183, 0X1, 0x41e4, 0X8, 0x4a04, 0X1, 0x5245, 0X2, 0x62a5, 0X1, 0xcd8b, 0X1, 0xff0e, 0X4, 0xcd8b, 0X1, 0x4a04, 0X1, 0x3163, 0X1, 0x3183, 0X1, 0x41e4, 0X8, 0x4a04, 0X1, 0x5245, 0X2, 0x62a5, 0X1, 0xd5cc, 0X1, 0xff0e, 0X4, 0xfecd, 0X1, 0xfe8b, 0X5, 0x41a2, 0X1, 0x0000, 0X6, 0x21c7, 0X1, 0x9f3f, 0X12, 0x971e, 0X1, 0x1104, 0X1, 0x0000, 0X3, 0x3983, 0X1, 0xee6d, 0X1, 0xff0e,
0XA, 0xde0c, 0X1, 0x2102, 0X1, 0x0000, 0X3, 0x21c8, 0X1, 0x9f3f, 0XB, 0x7f1f, 0X1, 0x66df, 0X5, 0x08c3, 0X1, 0x0000, 0X2, 0x20e1, 0X1, 0xff0e, 0XA, 0x3142, 0X1, 0x0000, 0XF, 0x1081, 0X1, 0xfece, 0X1, 0xff0e, 0X3, 0x20e1, 0X1, 0x0000, 0XF, 0x18c1, 0X1, 0xff0e, 0X4, 0xfecd, 0X1, 0xfe8b, 0X5, 0x41a2, 0X1, 0x0000, 0X6, 0x21c7, 0X1, 0x9f3f, 0X12, 0x5411, 0X1, 0x0000, 0X3, 0x20e1, 0X1, 0xee6d, 0X1, 0xff0e, 0XC, 0xddec, 0X1, 0x1060, 0X1, 0x0000, 0X3, 0x6d16, 0X1, 0x9f3f, 0XA, 0x7f1f, 0X1, 0x66df, 0X5, 0x08c3, 0X1, 0x0000, 0X2, 0x20e1, 0X1, 0xff0e, 0XA, 0x20e2, 0X1, 0x0000, 0X10, 0xee8d, 0X1, 0xff0e, 0X3, 0x1081, 0X1, 0x0000, 0XF, 0x0020, 0X1, 0xfece, 0X1, 0xff0e, 0X3,
0xfecd, 0X1, 0xfe8b, 0X5, 0x41a2, 0X1, 0x0000, 0X6, 0x21c7, 0X1, 0x9f3f, 0X12, 0x1104, 0X1, 0x0000, 0X3, 0xbd2a, 0X1, 0xff0e, 0XE, 0x9408, 0X1, 0x0000, 0X3, 0x2a08, 0X1, 0x9f3f, 0XA, 0x7f1f, 0X1, 0x66df, 0X5, 0x08c3, 0X1, 0x0000, 0X2, 0x20e1, 0X1, 0xff0e, 0XA, 0xb50a, 0X1, 0x20e1, 0X1, 0x0000, 0XD, 0x0020, 0X1, 0x7b67, 0X1, 0xff0e, 0X4, 0xacaa, 0X1, 0x18c1, 0X1, 0x0000, 0XD, 0x0020, 0X1, 0x8bc8, 0X1, 0xff0e, 0X4, 0xfecd, 0X1, 0xfe8b, 0X5, 0x41a2, 0X1, 0x0000, 0X6, 0x21c7, 0X1, 0x9f3f, 0X11, 0x7dfa, 0X1, 0x0000, 0X3, 0x39a3, 0X1, 0xff0e, 0XF, 0xfeee, 0X1, 0x18c1, 0X1, 0x0000, 0X2, 0x0020, 0X1, 0x96dd, 0X1, 0x9f3f, 0X9, 0x7f1f, 0X1, 0x66df, 0X5, 0x08c3, 0X1, 0x0000,
0X2, 0x20e1, 0X1, 0xff0e, 0X14, 0xf6ce, 0X1, 0xee8d, 0X4, 0xf6ce, 0X1, 0xff0e, 0XF, 0xf6ae, 0X1, 0xee8d, 0X4, 0xfece, 0X1, 0xff0e, 0X5, 0xfecd, 0X1, 0xfe8b, 0X5, 0x41a2, 0X1, 0x0000, 0X6, 0x21c7, 0X1, 0x9f3f, 0X11, 0x5411, 0X1, 0x0000, 0X3, 0x9408, 0X1, 0xff0e, 0X10, 0x6b06, 0X1, 0x0000, 0X3, 0x6d15, 0X1, 0x9f3f, 0X9, 0x7f1f, 0X1, 0x66df, 0X5, 0x08c3, 0X1, 0x0000, 0X2, 0x20e1, 0X1, 0xff0e, 0X34, 0xfecd, 0X1, 0xfe8b, 0X5, 0x41a2, 0X1, 0x0000, 0X6, 0x21c7, 0X1, 0x9f3f, 0X5, 0x7dd9, 0X1, 0x1966, 0X1, 0x0862, 0X4, 0x1925, 0X1, 0x7598, 0X1, 0x9f3f, 0X4, 0x432e, 0X1, 0x0000, 0X3, 0xcdac, 0X1, 0xff0e, 0X10, 0xacaa, 0X1, 0x0000, 0X3, 0x5c32, 0X1, 0x9f3f, 0X4, 0x64d5, 0X1,
0x10e4, 0X1, 0x0862, 0X4, 0x19a7, 0X1, 0x561b, 0X1, 0x66df, 0X3, 0x08c3, 0X1, 0x0000, 0X2, 0x20e1, 0X1, 0xff0e, 0X34, 0xfecd, 0X1, 0xfe8b, 0X5, 0x41a2, 0X1, 0x0000, 0X6, 0x21c7, 0X1, 0x9f3f, 0X5, 0x29e8, 0X1, 0x0000, 0X6, 0x1966, 0X1, 0x9f3f, 0X4, 0x326a, 0X1, 0x0000, 0X3, 0xe66d, 0X1, 0xff0e, 0X10, 0xc56b, 0X1, 0x0000, 0X3, 0x4b6f, 0X1, 0x9f3f, 0X4, 0x0862, 0X1, 0x0000, 0X6, 0x22cc, 0X1, 0x66df, 0X3, 0x08c3, 0X1, 0x0000, 0X2, 0x20e1, 0X1, 0xff0e, 0X34, 0xfecd, 0X1, 0xfe8b, 0X5, 0x41a2, 0X1, 0x0000, 0X6, 0x21c7, 0X1, 0x9f3f, 0X5, 0x2a29, 0X1, 0x0000, 0X6, 0x21a7, 0X1, 0x9f3f, 0X4, 0x328b, 0X1, 0x0000, 0X3, 0xe64d, 0X1, 0xff0e, 0X10, 0xc54b, 0X1, 0x0000, 0X3, 0x4b8f,
0X1, 0x9f3f, 0X4, 0x10a3, 0X1, 0x0000, 0X6, 0x2b0d, 0X1, 0x66df, 0X3, 0x08c3, 0X1, 0x0000, 0X2, 0x20e1, 0X1, 0xff0e, 0XA, 0xc54b, 0X1, 0x2942, 0X1, 0x1081, 0X1, 0x20e2, 0X8, 0x2102, 0X1, 0x3163, 0X9, 0x41e4, 0X7, 0x4a04, 0X1, 0x93e8, 0X1, 0xff0e, 0XC, 0xfecd, 0X1, 0xfe8b, 0X5, 0x41a2, 0X1, 0x0000, 0X6, 0x21c7, 0X1, 0x9f3f, 0X5, 0x865b, 0X1, 0x324a, 0X1, 0x1966, 0X4, 0x2a29, 0X1, 0x861a, 0X1, 0x9f3f, 0X4, 0x434e, 0X1, 0x0000, 0X3, 0xcd8b, 0X1, 0xff0e, 0X10, 0xa489, 0X1, 0x0000, 0X3, 0x5c52, 0X1, 0x9f3f, 0X4, 0x7598, 0X1, 0x29e8, 0X1, 0x1966, 0X4, 0x228b, 0X1, 0x5e7d, 0X1, 0x66df, 0X3, 0x08c3, 0X1, 0x0000, 0X2, 0x20e1, 0X1, 0xff0e, 0XA, 0x2102, 0X1, 0x0000, 0X1D, 0xacca,
0X1, 0xff0e, 0XB, 0xfecd, 0X1, 0xfe8b, 0X5, 0x41a2, 0X1, 0x0000, 0X6, 0x21c7, 0X1, 0x9f3f, 0X11, 0x5c32, 0X1, 0x0000, 0X3, 0x83a7, 0X1, 0xff0e, 0X10, 0x62c5, 0X1, 0x0000, 0X3, 0x6d36, 0X1, 0x9f3f, 0X9, 0x7f1f, 0X1, 0x66df, 0X5, 0x08c3, 0X1, 0x0000, 0X2, 0x20e1, 0X1, 0xff0e, 0XA, 0x2922, 0X1, 0x0000, 0X1D, 0x9408, 0X1, 0xff0e, 0XB, 0xfecd, 0X1, 0xfe8b, 0X5, 0x41a2, 0X1, 0x0000, 0X6, 0x21c7, 0X1, 0x9f3f, 0X11, 0x865b, 0X1, 0x0000, 0X3, 0x2942, 0X1, 0xff0e, 0XF, 0xf6ae, 0X1, 0x1081, 0X1, 0x0000, 0X2, 0x0041, 0X1, 0x96fe, 0X1, 0x9f3f, 0X9, 0x7f1f, 0X1, 0x66df, 0X5, 0x08c3, 0X1, 0x0000, 0X2, 0x20e1, 0X1, 0xff0e, 0XA, 0xcd8b, 0X1, 0x39c3, 0X1, 0x20e2, 0X7, 0x18c1, 0X1, 0x1061,
0X8, 0x0840, 0X1, 0x0000, 0XA, 0x39a3, 0X1, 0xf6ae, 0X1, 0xff0e, 0XB, 0xfecd, 0X1, 0xfe8b, 0X5, 0x41a2, 0X1, 0x0000, 0X6, 0x21c7, 0X1, 0x9f3f, 0X12, 0x1945, 0X1, 0x0000, 0X3, 0xa489, 0X1, 0xff0e, 0XE, 0x83a7, 0X1, 0x0000, 0X3, 0x324a, 0X1, 0x9f3f, 0XA, 0x7f1f, 0X1, 0x66df, 0X5, 0x08c3, 0X1, 0x0000, 0X2, 0x20e1, 0X1, 0xff0e, 0X25, 0xfeee, 0X1, 0xf6ae, 0X1, 0xff0e, 0XD, 0xfecd, 0X1, 0xfe8b, 0X5, 0x41a2, 0X1, 0x0000, 0X6, 0x21c7, 0X1, 0x9f3f, 0X12, 0x64b4, 0X1, 0x0000, 0X3, 0x1081, 0X1, 0xde0c, 0X1, 0xff0e, 0XC, 0xc56b, 0X1, 0x0020, 0X1, 0x0000, 0X3, 0x7598, 0X1, 0x9f3f, 0XA, 0x7f1f, 0X1, 0x66df, 0X5, 0x08c3, 0X1, 0x0000, 0X2, 0x20e1, 0X1, 0xff0e, 0X34, 0xfecd, 0X1, 0xfe8b,
0X5, 0x41a2, 0X1, 0x0000, 0X6, 0x21c7, 0X1, 0x9f3f, 0X13, 0x1966, 0X1, 0x0000, 0X3, 0x2102, 0X1, 0xddec, 0X1, 0xff0e, 0XA, 0xc56b, 0X1, 0x1081, 0X1, 0x0000, 0X3, 0x326a, 0X1, 0x9f3f, 0XB, 0x7f1f, 0X1, 0x66df, 0X5, 0x08c3, 0X1, 0x0000, 0X2, 0x20e1, 0X1, 0xff0e, 0X34, 0xfecd, 0X1, 0xfe8b, 0X5, 0x41a2, 0X1, 0x0000, 0X6, 0x21c7, 0X1, 0x9f3f, 0X13, 0x7dfa, 0X1, 0x0861, 0X1, 0x0000, 0X3, 0x1060, 0X1, 0x9428, 0X1, 0xfeee, 0X1, 0xff0e, 0X6, 0xf6ae, 0X1, 0x8387, 0X1, 0x0020, 0X1, 0x0000, 0X3, 0x10c3, 0X1, 0x8e9c, 0X1, 0x9f3f, 0XB, 0x7f1f, 0X1, 0x66df, 0X5, 0x08c3, 0X1, 0x0000, 0X2, 0x20e1, 0X1, 0xff0e, 0XB, 0xd5cc, 0X1, 0xbd2a, 0X7, 0xcdac, 0X1, 0xfeee, 0X1, 0xff0e, 0X1F, 0xfecd,
0X1, 0xfe8b, 0X5, 0x41a2, 0X1, 0x0000, 0X6, 0x21c7, 0X1, 0x9f3f, 0X14, 0x6d15, 0X1, 0x0000, 0X5, 0x18c1, 0X1, 0x6b06, 0X1, 0xacca, 0X1, 0xc56b, 0X2, 0xa489, 0X1, 0x62c5, 0X1, 0x1081, 0X1, 0x0000, 0X4, 0x0041, 0X1, 0x7dd9, 0X1, 0x9f3f, 0XC, 0x7f1f, 0X1, 0x66df, 0X5, 0x08c3, 0X1, 0x0000, 0X2, 0x20e1, 0X1, 0xff0e, 0XA, 0x7b47, 0X1, 0x0000, 0X9, 0x0860, 0X1, 0x7347, 0X1, 0xf6ce, 0X1, 0xff0e, 0X1D, 0xfecd, 0X1, 0xfe8b, 0X5, 0x41a2, 0X1, 0x0000, 0X6, 0x21c7, 0X1, 0x9f3f, 0X15, 0x6d36, 0X1, 0x0862, 0X1, 0x0000, 0XE, 0x10c3, 0X1, 0x7db9, 0X1, 0x9f3f, 0XD, 0x7f1f, 0X1, 0x66df, 0X5, 0x08c3, 0X1, 0x0000, 0X2, 0x20e1, 0X1, 0xff0e, 0XA, 0x18a1, 0X1, 0x0000, 0XB, 0x3163, 0X1, 0xf6ae,
0X1, 0xff0e, 0X1C, 0xfecd, 0X1, 0xfe8b, 0X5, 0x41a2, 0X1, 0x0000, 0X6, 0x21c7, 0X1, 0x9f3f, 0X16, 0x861a, 0X1, 0x21c7, 0X1, 0x0000, 0XC, 0x326a, 0X1, 0x8e9c, 0X1, 0x9f3f, 0XE, 0x7f1f, 0X1, 0x66df, 0X5, 0x08c3, 0X1, 0x0000, 0X2, 0x20e1, 0X1, 0xff0e, 0XA, 0x5245, 0X1, 0x0000, 0XC, 0x5265, 0X1, 0xff0e, 0X1C, 0xfecd, 0X1, 0xfe8b, 0X5, 0x41a2, 0X1, 0x0000, 0X6, 0x21c7, 0X1, 0x9f3f, 0XF, 0x7db9, 0X1, 0x4b6f, 0X1, 0x6d36, 0X1, 0x9f3f, 0X6, 0x6d16, 0X1, 0x29e8, 0X1, 0x0020, 0X1, 0x0000, 0X6, 0x0041, 0X1, 0x324a, 0X1, 0x7598, 0X1, 0x9f3f, 0X6, 0x64d4, 0X1, 0x4b6f, 0X1, 0x863a, 0X1, 0x9f3f, 0X7, 0x7f1f, 0X1, 0x66df, 0X5, 0x08c3, 0X1, 0x0000, 0X2, 0x20e1, 0X1, 0xff0e, 0XA, 0xf6ce,
0X1, 0x9c49, 0X1, 0x8bc7, 0X6, 0x83a7, 0X1, 0x5224, 0X1, 0x0000, 0X4, 0xd5cc, 0X1, 0xff0e, 0X1B, 0xfecd, 0X1, 0xfe8b, 0X5, 0x41a2, 0X1, 0x0000, 0X6, 0x21c7, 0X1, 0x9f3f, 0XE, 0x6d16, 0X1, 0x0020, 0X1, 0x0000, 0X2, 0x7db8, 0X1, 0x9f3f, 0X7, 0x96dd, 0X1, 0x6d16, 0X1, 0x5c32, 0X1, 0x4b6f, 0X1, 0x4b8f, 0X1, 0x5c32, 0X1, 0x6d36, 0X1, 0x96fe, 0X1, 0x9f3f, 0X7, 0x64d4, 0X1, 0x0000, 0X2, 0x0862, 0X1, 0x7db9, 0X1, 0x9f3f, 0X6, 0x7f1f, 0X1, 0x66df, 0X5, 0x08c3, 0X1, 0x0000, 0X2, 0x20e1, 0X1, 0xff0e, 0X14, 0x7346, 0X1, 0x0000, 0X3, 0x8bc8, 0X1, 0xff0e, 0X1B, 0xfecd, 0X1, 0xfe8b, 0X5, 0x41a2, 0X1, 0x0000, 0X6, 0x21c7, 0X1, 0x9f3f, 0XD, 0x6d16, 0X1, 0x0020, 0X1, 0x0000, 0X3, 0x5c73,
0X1, 0x9f3f, 0X16, 0x4b6f, 0X1, 0x0000, 0X3, 0x0862, 0X1, 0x7db9, 0X1, 0x9f3f, 0X5, 0x7f1f, 0X1, 0x66df, 0X5, 0x08c3, 0X1, 0x0000, 0X2, 0x20e1, 0X1, 0xff0e, 0X14, 0xcd8b, 0X1, 0x0000, 0X3, 0x7306, 0X1, 0xff0e, 0X1B, 0xfecd, 0X1, 0xfe8b, 0X5, 0x41a2, 0X1, 0x0000, 0X6, 0x21c7, 0X1, 0x9f3f, 0XC, 0x6d16, 0X1, 0x0020, 0X1, 0x0000, 0X3, 0x10c3, 0X1, 0x8ebd, 0X1, 0x9f3f, 0X16, 0x863a, 0X1, 0x0861, 0X1, 0x0000, 0X3, 0x0862, 0X1, 0x7db9, 0X1, 0x9f3f, 0X4, 0x7f1f, 0X1, 0x66df, 0X5, 0x08c3, 0X1, 0x0000, 0X2, 0x20e1, 0X1, 0xff0e, 0X14, 0x9408, 0X1, 0x0000, 0X3, 0x8387, 0X1, 0xff0e, 0X1B, 0xfecd, 0X1, 0xfe8b, 0X5, 0x41a2, 0X1, 0x0000, 0X6, 0x21c7, 0X1, 0x9f3f, 0XB, 0x96fe, 0X1, 0x0861,
0X1, 0x0000, 0X3, 0x10c3, 0X1, 0x863b, 0X1, 0x9f3f, 0X18, 0x7db8, 0X1, 0x0861, 0X1, 0x0000, 0X3, 0x1925, 0X1, 0x9f3f, 0X4, 0x7f1f, 0X1, 0x66df, 0X5, 0x08c3, 0X1, 0x0000, 0X2, 0x20e1, 0X1, 0xff0e, 0X11, 0xfeee, 0X1, 0xcd8b, 0X1, 0x8bc8, 0X1, 0x0840, 0X1, 0x0000, 0X3, 0xc54b, 0X1, 0xff0e, 0X1B, 0xfecd, 0X1, 0xfe8b, 0X5, 0x41a2, 0X1, 0x0000, 0X6, 0x21c7, 0X1, 0x9f3f, 0XB, 0x96dd, 0X1, 0x0000, 0X3, 0x10c3, 0X1, 0x863b, 0X1, 0x9f3f, 0X1A, 0x7db8, 0X1, 0x0861, 0X1, 0x0000, 0X2, 0x08a2, 0X1, 0x9f3f, 0X4, 0x7f1f, 0X1, 0x66df, 0X5, 0x08c3, 0X1, 0x0000, 0X2, 0x20e1, 0X1, 0xff0e, 0X11, 0x4a04, 0X1, 0x0000, 0X5, 0x3183, 0X1, 0xff0e, 0X1C, 0xfecd, 0X1, 0xfe8b, 0X5, 0x41a2, 0X1, 0x0000,
0X6, 0x21c7, 0X1, 0x9f3f, 0XC, 0x5411, 0X1, 0x0861, 0X1, 0x2186, 0X1, 0x863b, 0X1, 0x9f3f, 0XC, 0x64d5, 0X1, 0x0862, 0X1, 0x10a3, 0X1, 0x7598, 0X1, 0x9f3f, 0XC, 0x7db9, 0X1, 0x1925, 0X1, 0x0882, 0X1, 0x64d5, 0X1, 0x9f3f, 0X4, 0x76ff, 0X1, 0x66df, 0X5, 0x08c3, 0X1, 0x0000, 0X2, 0x20e1, 0X1, 0xff0e, 0X10, 0xe62d, 0X1, 0x0000, 0X5, 0x1081, 0X1, 0xddec, 0X1, 0xff0e, 0X1C, 0xfecc, 0X1, 0xfe8b, 0X5, 0x41a2, 0X1, 0x0000, 0X6, 0x21c7, 0X1, 0x9f3f, 0X1C, 0x10e4, 0X1, 0x0000, 0X2, 0x29e8, 0X1, 0x9f3f, 0X14, 0x66df, 0X6, 0x08c3, 0X1, 0x0000, 0X2, 0x20e1, 0X1, 0xff0e, 0X10, 0xfeee, 0X1, 0x18c1, 0X1, 0x0000, 0X3, 0x39a3, 0X1, 0xde0c, 0X1, 0xff0e, 0X1D, 0xfeac, 0X1, 0xfe8b, 0X5, 0x41a2,
0X1, 0x0000, 0X6, 0x21c7, 0X1, 0x9f3f, 0X1C, 0x0861, 0X1, 0x0000, 0X2, 0x1966, 0X1, 0x9f3f, 0X13, 0x871f, 0X1, 0x66df, 0X6, 0x08c3, 0X1, 0x0000, 0X2, 0x20e1, 0X1, 0xff0e, 0X11, 0xe64d, 0X1, 0x8be8, 0X1, 0x9408, 0X1, 0xcdac, 0X1, 0xff0e, 0X1E, 0xfeed, 0X1, 0xfe8b, 0X6, 0x41a2, 0X1, 0x0000, 0X6, 0x21c7, 0X1, 0x9f3f, 0X1C, 0x0861, 0X1, 0x0000, 0X2, 0x1966, 0X1, 0x9f3f, 0X12, 0x973f, 0X1, 0x66ff, 0X1, 0x66df, 0X6, 0x08c3, 0X1, 0x0000, 0X2, 0x20e1, 0X1, 0xff0e, 0X33, 0xfe8b, 0X7, 0x41a2, 0X1, 0x0000, 0X6, 0x21c7, 0X1, 0x9f3f, 0X1C, 0x0861, 0X1, 0x0000, 0X2, 0x1966, 0X1, 0x9f3f, 0X11, 0x973f, 0X1, 0x6eff, 0X1, 0x66df, 0X7, 0x08c3, 0X1, 0x0000, 0X2, 0x20e1, 0X1, 0xff0e, 0X32, 0xfeac,
0X1, 0xfe8b, 0X7, 0x41a2, 0X1, 0x0000, 0X6, 0x21c7, 0X1, 0x9f3f, 0X1C, 0x0862, 0X1, 0x0000, 0X2, 0x1966, 0X1, 0x9f3f, 0X10, 0x871f, 0X1, 0x66ff, 0X1, 0x66df, 0X8, 0x08c3, 0X1, 0x0000, 0X2, 0x20e1, 0X1, 0xff0e, 0X30, 0xfeed, 0X1, 0xfe8b, 0X9, 0x41a2, 0X1, 0x0000, 0X6, 0x21c7, 0X1, 0x871f, 0X1C, 0x19a7, 0X1, 0x0000, 0X2, 0x32ab, 0X1, 0x871f, 0XD, 0x7f1f, 0X1, 0x76ff, 0X1, 0x66df, 0XB, 0x08c3, 0X1, 0x0000, 0X2, 0x20c1, 0X1, 0xfecd, 0X2E, 0xfeac, 0X1, 0xfe8b, 0XB, 0x41a2, 0X1, 0x0000, 0X6, 0x19a7, 0X1, 0x66df, 0X1C, 0x561b, 0X1, 0x22cc, 0X1, 0x2b0d, 0X1, 0x5e7d, 0X1, 0x66df, 0X1A, 0x08c3, 0X1, 0x0000, 0X2, 0x20c1, 0X1, 0xfe8b, 0X3A, 0x41a2, 0X1, 0x0000, 0X6, 0x19a7, 0X1, 0x66df,
0X3A, 0x08c3, 0X1, 0x0000, 0X2, 0x20c1, 0X1, 0xfe8b, 0X3A, 0x41a2, 0X1, 0x0000, 0X6, 0x19a7, 0X1, 0x66df, 0X3A, 0x08c3, 0X1, 0x0000, 0X2, 0x20c1, 0X1, 0xfe8b, 0X3A, 0x41a2, 0X1, 0x0000, 0X6, 0x19a7, 0X1, 0x66df, 0X3A, 0x08c3, 0X1, 0x0000, 0X2, 0x20c1, 0X1, 0xfe8b, 0X3A, 0x41a2, 0X1, 0x0000, 0X6, 0x19a7, 0X1, 0x66df, 0X3A, 0x08c3, 0X1, 0x0000, 0X2, 0x20c1, 0X1, 0xfe8b, 0X3A, 0x41a2, 0X1, 0x0000, 0X6, 0x0021, 0X1, 0x08e4, 0X3A, 0x0000, 0X4, 0x20e1, 0X3A, 0x0820, 0X1, 0x0000, 0X106, 0x0841, 0X1, 0x2104, 0X34, 0x18e3, 0X6, 0x0000, 0X4, 0x20a2, 0X34, 0x2082, 0X6, 0x0820, 0X1, 0x0000, 0X6, 0x39e7, 0X1, 0xf79e, 0X34, 0xef3d, 0X1, 0xe6fc, 0X5, 0x18e3, 0X1, 0x0000, 0X2, 0x2082, 0X1,
0xfcd4, 0X34, 0xfc72, 0X1, 0xfc10, 0X5, 0x3904, 0X1, 0x0000, 0X6, 0x39e7, 0X1, 0xf79e, 0X34, 0xef3d, 0X1, 0xe6fc, 0X5, 0x18e3, 0X1, 0x0000, 0X2, 0x2082, 0X1, 0xfcd4, 0X34, 0xfc72, 0X1, 0xfc10, 0X5, 0x3904, 0X1, 0x0000, 0X6, 0x39e7, 0X1, 0xf79e, 0X34, 0xef3d, 0X1, 0xe6fc, 0X5, 0x18e3, 0X1, 0x0000, 0X2, 0x2082, 0X1, 0xfcd4, 0X34, 0xfc72, 0X1, 0xfc10, 0X5, 0x3904, 0X1, 0x0000, 0X6, 0x39e7, 0X1, 0xf79e, 0X34, 0xef3d, 0X1, 0xe6fc, 0X5, 0x18e3, 0X1, 0x0000, 0X2, 0x2082, 0X1, 0xfcd4, 0X34, 0xfc72, 0X1, 0xfc10, 0X5, 0x3904, 0X1, 0x0000, 0X6, 0x39e7, 0X1, 0xf79e, 0X34, 0xef3d, 0X1, 0xe6fc, 0X5, 0x18e3, 0X1, 0x0000, 0X2, 0x2082, 0X1, 0xfcd4, 0X34, 0xfc72, 0X1, 0xfc10, 0X5, 0x3904, 0X1,
0x0000, 0X6, 0x39e7, 0X1, 0xf79e, 0X34, 0xef3d, 0X1, 0xe6fc, 0X5, 0x18e3, 0X1, 0x0000, 0X2, 0x2082, 0X1, 0xfcd4, 0X34, 0xfc72, 0X1, 0xfc10, 0X5, 0x3904, 0X1, 0x0000, 0X6, 0x39e7, 0X1, 0xf79e, 0X27, 0xce39, 0X1, 0x528a, 0X1, 0x2124, 0X1, 0x39e7, 0X1, 0xa514, 0X1, 0xf79e, 0X8, 0xef3d, 0X1, 0xe6fc, 0X5, 0x18e3, 0X1, 0x0000, 0X2, 0x2082, 0X1, 0xfcd4, 0X34, 0xfc72, 0X1, 0xfc10, 0X5, 0x3904, 0X1, 0x0000, 0X6, 0x39e7, 0X1, 0xf79e, 0X26, 0xc618, 0X1, 0x0861, 0X1, 0x0000, 0X4, 0x8c51, 0X1, 0xf79e, 0X7, 0xef3d, 0X1, 0xe6fc, 0X5, 0x18e3, 0X1, 0x0000, 0X2, 0x2082, 0X1, 0xfcd4, 0X34, 0xfc72, 0X1, 0xfc10, 0X5, 0x3904, 0X1, 0x0000, 0X6, 0x39e7, 0X1, 0xf79e, 0X25, 0xef3d, 0X1, 0x2124, 0X1,
0x0000, 0X5, 0x0020, 0X1, 0xbdd7, 0X1, 0xf79e, 0X6, 0xef3d, 0X1, 0xe6fc, 0X5, 0x18e3, 0X1, 0x0000, 0X2, 0x2082, 0X1, 0xfcd4, 0X34, 0xfc72, 0X1, 0xfc10, 0X5, 0x3904, 0X1, 0x0000, 0X6, 0x39e7, 0X1, 0xf79e, 0X25, 0x5acb, 0X1, 0x0000, 0X7, 0x2104, 0X1, 0xe71c, 0X1, 0xf79e, 0X5, 0xef3d, 0X1, 0xe6fc, 0X5, 0x18e3, 0X1, 0x0000, 0X2, 0x2082, 0X1, 0xfcd4, 0X34, 0xfc72, 0X1, 0xfc10, 0X5, 0x3904, 0X1, 0x0000, 0X6, 0x39e7, 0X1, 0xf79e, 0X24, 0x9cd3, 0X1, 0x0000, 0X4, 0x6494, 0X1, 0x08a3, 0X1, 0x0000, 0X3, 0x52aa, 0X1, 0xf79e, 0X5, 0xef3d, 0X1, 0xe6fc, 0X5, 0x18e3, 0X1, 0x0000, 0X2, 0x2082, 0X1, 0xfcd4, 0X34, 0xfc72, 0X1, 0xfc10, 0X5, 0x3904, 0X1, 0x0000, 0X6, 0x39e7, 0X1, 0xf79e, 0X23,
0xe6fc, 0X1, 0x1082, 0X1, 0x0000, 0X3, 0x432e, 0X1, 0x9f3f, 0X1, 0x7557, 0X1, 0x0000, 0X4, 0xad55, 0X1, 0xf79e, 0X4, 0xef3d, 0X1, 0xe6fc, 0X5, 0x18e3, 0X1, 0x0000, 0X2, 0x2082, 0X1, 0xfcd4, 0X13, 0xfcd3, 0X1, 0xbb8e, 0X1, 0x6a08, 0X1, 0x3904, 0X1, 0x1882, 0X1, 0x1061, 0X1, 0x28c3, 0X1, 0x5186, 0X1, 0x92cb, 0X1, 0xec92, 0X1, 0xfcd4, 0X17, 0xfc72, 0X1, 0xfc10, 0X5, 0x3904, 0X1, 0x0000, 0X6, 0x39e7, 0X1, 0xf79e, 0X23, 0x5acb, 0X1, 0x0000, 0X3, 0x1945, 0X1, 0x96fe, 0X1, 0x9f3f, 0X2, 0x432e, 0X1, 0x0000, 0X3, 0x18e3, 0X1, 0xef3d, 0X1, 0xf79e, 0X3, 0xef3d, 0X1, 0xe6fc, 0X5, 0x18e3, 0X1, 0x0000, 0X2, 0x2082, 0X1, 0xfcd4, 0X12, 0xb36e, 0X1, 0x28c3, 0X1, 0x0000, 0X8, 0x0820, 0X1, 0x7a49,
0X1, 0xf493, 0X1, 0xfcd4, 0X15, 0xfc72, 0X1, 0xfc10, 0X5, 0x3904, 0X1, 0x0000, 0X6, 0x39e7, 0X1, 0xf79e, 0X22, 0xbdb7, 0X1, 0x0000, 0X3, 0x0020, 0X1, 0x7dfa, 0X1, 0x9f3f, 0X3, 0x971e, 0X1, 0x1925, 0X1, 0x0000, 0X3, 0x73ae, 0X1, 0xf79e, 0X3, 0xef3d, 0X1, 0xe6fc, 0X5, 0x18e3, 0X1, 0x0000, 0X2, 0x2082, 0X1, 0xfcd4, 0X10, 0xfcb3, 0X1, 0x7208, 0X1, 0x0000, 0XC, 0x28c3, 0X1, 0xdc11, 0X1, 0xfcd4, 0X14, 0xfc72, 0X1, 0xfc10, 0X5, 0x3904, 0X1, 0x0000, 0X6, 0x39e7, 0X1, 0xf79e, 0X21, 0xf77e, 0X1, 0x2965, 0X1, 0x0000, 0X3, 0x434e, 0X1, 0x9f3f, 0X5, 0x7557, 0X1, 0x0000, 0X3, 0x0020, 0X1, 0xd69a, 0X1, 0xf79e, 0X2, 0xef3d, 0X1, 0xe6fc, 0X5, 0x18e3, 0X1, 0x0000, 0X2, 0x2082, 0X1, 0xfcd4, 0XF,
0xfcd3, 0X1, 0x51a6, 0X1, 0x0000, 0X5, 0x0020, 0X1, 0x18e3, 0X1, 0x2945, 0X1, 0x1082, 0X1, 0x0000, 0X5, 0x1061, 0X1, 0xdc11, 0X1, 0xfcd4, 0X13, 0xfc72, 0X1, 0xfc10, 0X5, 0x3904, 0X1, 0x0000, 0X6, 0x39e7, 0X1, 0xf79e, 0X21, 0xa514, 0X1, 0x0000, 0X3, 0x08a3, 0X1, 0x96dd, 0X1, 0x9f3f, 0X6, 0x326a, 0X1, 0x0000, 0X3, 0x62ec, 0X1, 0xf79e, 0X2, 0xef3d, 0X1, 0xe6fc, 0X5, 0x18e3, 0X1, 0x0000, 0X2, 0x2082, 0X1, 0xfcd4, 0XF, 0x7a6a, 0X1, 0x0000, 0X4, 0x2124, 0X1, 0xa514, 0X1, 0xef7d, 0X1, 0xffdf, 0X3, 0xc638, 0X1, 0x52aa, 0X1, 0x0000, 0X4, 0x20a2, 0X1, 0xf493, 0X1, 0xfcd4, 0X12, 0xfc72, 0X1, 0xfc10, 0X5, 0x3904, 0X1, 0x0000, 0X6, 0x39e7, 0X1, 0xf79e, 0X21, 0x3186, 0X1, 0x0000, 0X3, 0x6493,
0X1, 0x9f3f, 0X7, 0x8e7b, 0X1, 0x0020, 0X1, 0x0000, 0X2, 0x0020, 0X1, 0xdedb, 0X1, 0xf79e, 0X1, 0xef3d, 0X1, 0xe6fc, 0X5, 0x18e3, 0X1, 0x0000, 0X2, 0x2082, 0X1, 0xfcd4, 0XE, 0xd410, 0X1, 0x0000, 0X4, 0x5aeb, 0X1, 0xf7be, 0X1, 0xffdf, 0X7, 0xad75, 0X1, 0x0841, 0X1, 0x0000, 0X3, 0x7208, 0X1, 0xfcd4, 0X12, 0xfc72, 0X1, 0xfc10, 0X5, 0x3904, 0X1, 0x0000, 0X6, 0x39e7, 0X1, 0xf79e, 0X20, 0xc638, 0X1, 0x0000, 0X3, 0x10c3, 0X1, 0x971e, 0X1, 0x9f3f, 0X8, 0x3aab, 0X1, 0x0000, 0X3, 0x8410, 0X1, 0xf79e, 0X1, 0xef3d, 0X1, 0xe6fc, 0X5, 0x18e3, 0X1, 0x0000, 0X2, 0x2082, 0X1, 0xfcd4, 0XE, 0x5186, 0X1, 0x0000, 0X3, 0x528a, 0X1, 0xffdf, 0XA, 0xb596, 0X1, 0x0000, 0X3, 0x0820, 0X1, 0xe452, 0X1, 0xfcd4,
0X11, 0xfc72, 0X1, 0xfc10, 0X5, 0x3904, 0X1, 0x0000, 0X6, 0x39e7, 0X1, 0xf79e, 0X20, 0x7baf, 0X1, 0x0000, 0X3, 0x53d0, 0X1, 0x9f3f, 0X9, 0x7dd9, 0X1, 0x0000, 0X3, 0x31a6, 0X1, 0xf79e, 0X1, 0xef3d, 0X1, 0xe6fc, 0X5, 0x18e3, 0X1, 0x0000, 0X2, 0x2082, 0X1, 0xfcd4, 0XD, 0xec92, 0X1, 0x0020, 0X1, 0x0000, 0X2, 0x0861, 0X1, 0xe75d, 0X1, 0xffdf, 0XB, 0x630c, 0X1, 0x0000, 0X3, 0x1061, 0X1, 0x0821, 0X1, 0x0820, 0X1, 0x20a3, 0X1, 0x61e7, 0X1, 0xbb8f, 0X1, 0xfcd4, 0XC, 0xfc72, 0X1, 0xfc10, 0X5, 0x3904, 0X1, 0x0000, 0X6, 0x39e7, 0X1, 0xf79e, 0X20, 0x39c7, 0X1, 0x0000, 0X3, 0x8e7c, 0X1, 0x9f3f, 0XA, 0x1945, 0X1, 0x0000, 0X3, 0xe71c, 0X1, 0xef3d, 0X1, 0xe6fc, 0X5, 0x18e3, 0X1, 0x0000, 0X2, 0x2082,
0X1, 0xfcd4, 0XD, 0xa32d, 0X1, 0x0000, 0X3, 0x6b6d, 0X1, 0xffdf, 0XC, 0xd69a, 0X1, 0x0000, 0X9, 0x4145, 0X1, 0xe451, 0X1, 0xfcd4, 0XA, 0xfc72, 0X1, 0xfc10, 0X5, 0x3904, 0X1, 0x0000, 0X6, 0x39e7, 0X1, 0xf79e, 0X20, 0x18c3, 0X1, 0x0000, 0X2, 0x1104, 0X1, 0x9f3f, 0XB, 0x430d, 0X1, 0x0000, 0X3, 0xc638, 0X1, 0xef3d, 0X1, 0xe6fc, 0X5, 0x18e3, 0X1, 0x0000, 0X2, 0x2082, 0X1, 0xfcd4, 0XD, 0x826a, 0X1, 0x0000, 0X3, 0xb5b6, 0X1, 0xffdf, 0XD, 0x18e3, 0X1, 0x0000, 0X9, 0x1862, 0X1, 0xd3f0, 0X1, 0xfcd4, 0X9, 0xfc72, 0X1, 0xfc10, 0X5, 0x3904, 0X1, 0x0000, 0X6, 0x39e7, 0X1, 0xf79e, 0X14, 0xdedb, 0X1, 0x630c, 0X1, 0x18e3, 0X1, 0x10a2, 0X1, 0x4a49, 0X1, 0xbdf7, 0X1, 0xf79e, 0X6, 0x0841, 0X1, 0x0000,
0X2, 0x1966, 0X1, 0x9f3f, 0XB, 0x4b8f, 0X1, 0x0000, 0X3, 0xbdb7, 0X1, 0xef3d, 0X1, 0xe6fc, 0X5, 0x18e3, 0X1, 0x0000, 0X2, 0x2082, 0X1, 0xfcd4, 0XD, 0x6a08, 0X1, 0x0000, 0X3, 0xd69a, 0X1, 0xffdf, 0XD, 0x8410, 0X1, 0x0000, 0X2, 0x0841, 0X1, 0x2965, 0X1, 0x3186, 0X1, 0x0841, 0X1, 0x0000, 0X4, 0x2082, 0X1, 0xec72, 0X1, 0xfcd4, 0X8, 0xfc72, 0X1, 0xfc10, 0X5, 0x3904, 0X1, 0x0000, 0X6, 0x39e7, 0X1, 0xf79e, 0X13, 0xd69a, 0X1, 0x18c3, 0X1, 0x0000, 0X4, 0x0020, 0X1, 0xad35, 0X1, 0xf79e, 0X5, 0x2104, 0X1, 0x0000, 0X2, 0x08a2, 0X1, 0x9f3f, 0XB, 0x3aab, 0X1, 0x0000, 0X3, 0xd67a, 0X1, 0xef3d, 0X1, 0xe6fc, 0X5, 0x18e3, 0X1, 0x0000, 0X2, 0x2082, 0X1, 0xfcd4, 0XD, 0x6a08, 0X1, 0x0000, 0X3, 0xce79, 0X1,
0xffdf, 0XE, 0xb596, 0X1, 0xa534, 0X1, 0xef7d, 0X1, 0xffdf, 0X2, 0xf79e, 0X1, 0x8c71, 0X1, 0x0841, 0X1, 0x0000, 0X3, 0x69e8, 0X1, 0xfcd4, 0X8, 0xfc72, 0X1, 0xfc10, 0X5, 0x3904, 0X1, 0x0000, 0X6, 0x39e7, 0X1, 0xf79e, 0X12, 0xef5d, 0X1, 0x31a6, 0X1, 0x0000, 0X6, 0x0841, 0X1, 0xce59, 0X1, 0xf79e, 0X4, 0x4a49, 0X1, 0x0000, 0X3, 0x7598, 0X1, 0x9f3f, 0X9, 0x971e, 0X1, 0x08a2, 0X1, 0x0000, 0X2, 0x0841, 0X1, 0xef5d, 0X1, 0xef3d, 0X1, 0xe6fc, 0X5, 0x18e3, 0X1, 0x0000, 0X2, 0x2082, 0X1, 0xfcd4, 0XC, 0xfcd3, 0X1, 0x69e8, 0X1, 0x0000, 0X3, 0xa534, 0X1, 0xffdf, 0X15, 0xbdd7, 0X1, 0x0020, 0X1, 0x0000, 0X3, 0xe452, 0X1, 0xfcd4, 0X7, 0xfc72, 0X1, 0xfc10, 0X5, 0x3904, 0X1, 0x0000, 0X6, 0x39e7, 0X1, 0xf79e,
0X12, 0x6b4d, 0X1, 0x0000, 0X3, 0x0020, 0X1, 0x0862, 0X1, 0x0000, 0X3, 0x3186, 0X1, 0xef5d, 0X1, 0xf79e, 0X3, 0x9492, 0X1, 0x0000, 0X3, 0x29e8, 0X1, 0x9f3f, 0X9, 0x53d0, 0X1, 0x0000, 0X3, 0x4a69, 0X1, 0xf79e, 0X1, 0xef3d, 0X1, 0xe6fc, 0X5, 0x18e3, 0X1, 0x0000, 0X2, 0x2082, 0X1, 0xfcd4, 0XB, 0xb36e, 0X1, 0x28c3, 0X1, 0x0000, 0X4, 0x632c, 0X1, 0xffdf, 0X16, 0x6b4d, 0X1, 0x0000, 0X3, 0x9aec, 0X1, 0xfcd4, 0X7, 0xfc72, 0X1, 0xfc10, 0X5, 0x3904, 0X1, 0x0000, 0X6, 0x39e7, 0X1, 0xf79e, 0X11, 0xad55, 0X1, 0x0000, 0X4, 0x5c73, 0X1, 0x863b, 0X1, 0x0861, 0X1, 0x0000, 0X3, 0x6b4d, 0X1, 0xf79e, 0X3, 0xe71c, 0X1, 0x1082, 0X1, 0x0000, 0X3, 0x430d, 0X1, 0x9f3f, 0X7, 0x6cf5, 0X1, 0x0020, 0X1, 0x0000, 0X3,
0xb596, 0X1, 0xf79e, 0X1, 0xef3d, 0X1, 0xe6fc, 0X5, 0x18e3, 0X1, 0x0000, 0X2, 0x2082, 0X1, 0xfcd4, 0X9, 0xfcb3, 0X1, 0x6a08, 0X1, 0x0000, 0X6, 0x632c, 0X1, 0xffdf, 0X16, 0xc638, 0X1, 0x0000, 0X3, 0x69e8, 0X1, 0xfcd4, 0X7, 0xfc72, 0X1, 0xfc10, 0X5, 0x3904, 0X1, 0x0000, 0X6, 0x39e7, 0X1, 0xf79e, 0X10, 0xdedb, 0X1, 0x1082, 0X1, 0x0000, 0X3, 0x326a, 0X1, 0x9f3f, 0X2, 0x5c73, 0X1, 0x0000, 0X4, 0xad55, 0X1, 0xf79e, 0X3, 0x8c51, 0X1, 0x0000, 0X4, 0x21c7, 0X1, 0x7577, 0X1, 0x971f, 0X1, 0x9f3f, 0X2, 0x863a, 0X1, 0x3aec, 0X1, 0x0000, 0X4, 0x4228, 0X1, 0xf79e, 0X2, 0xef3d, 0X1, 0xe6fc, 0X5, 0x18e3, 0X1, 0x0000, 0X2, 0x2082, 0X1, 0xfcd4, 0X8, 0xfcd3, 0X1, 0x59a7, 0X1, 0x0000, 0X6, 0x39e7, 0X1, 0xdefb,
0X1, 0xffdf, 0X16, 0xef5d, 0X1, 0x0000, 0X3, 0x3904, 0X1, 0xec72, 0X1, 0xfcd4, 0X6, 0xfc72, 0X1, 0xfc10, 0X5, 0x3904, 0X1, 0x0000, 0X6, 0x39e7, 0X1, 0xf79e, 0X10, 0x4a69, 0X1, 0x0000, 0X3, 0x10c3, 0X1, 0x8ebd, 0X1, 0x9f3f, 0X3, 0x326a, 0X1, 0x0000, 0X3, 0x18c3, 0X1, 0xe71c, 0X1, 0xf79e, 0X2, 0xf77e, 0X1, 0x528a, 0X1, 0x0000, 0X5, 0x0861, 0X1, 0x1925, 0X1, 0x08a3, 0X1, 0x0000, 0X5, 0x18e3, 0X1, 0xe6fc, 0X1, 0xf79e, 0X2, 0xef3d, 0X1, 0xe6fc, 0X5, 0x18e3, 0X1, 0x0000, 0X2, 0x2082, 0X1, 0xfcd4, 0X8, 0x8a8a, 0X1, 0x0000, 0X4, 0x2124, 0X1, 0x9cf3, 0X1, 0xef5d, 0X1, 0xffdf, 0X18, 0xd6ba, 0X1, 0x0000, 0X5, 0x5186, 0X1, 0xd410, 0X1, 0xfcd4, 0X4, 0xfc72, 0X1, 0xfc10, 0X5, 0x3904, 0X1, 0x0000, 0X6,
0x39e7, 0X1, 0xf79e, 0XF, 0x9cd3, 0X1, 0x0000, 0X3, 0x0020, 0X1, 0x7598, 0X1, 0x9f3f, 0X4, 0x8edd, 0X1, 0x10e4, 0X1, 0x0000, 0X3, 0x5aeb, 0X1, 0xf79e, 0X3, 0xef5d, 0X1, 0x528a, 0X1, 0x0000, 0XB, 0x2945, 0X1, 0xd67a, 0X1, 0xf79e, 0X3, 0xef3d, 0X1, 0xe6fc, 0X5, 0x18e3, 0X1, 0x0000, 0X2, 0x2082, 0X1, 0xfcd4, 0X7, 0xdc31, 0X1, 0x0820, 0X1, 0x0000, 0X3, 0x5aeb, 0X1, 0xf79e, 0X1, 0xffdf, 0X1A, 0xce59, 0X1, 0x0000, 0X6, 0x0820, 0X1, 0x9aec, 0X1, 0xfcd4, 0X3, 0xfc72, 0X1, 0xfc10, 0X5, 0x3904, 0X1, 0x0000, 0X6, 0x39e7, 0X1, 0xf79e, 0XE, 0xe6fc, 0X1, 0x1082, 0X1, 0x0000, 0X3, 0x4baf, 0X1, 0x9f3f, 0X6, 0x7578, 0X1, 0x0000, 0X4, 0xb596, 0X1, 0xf79e, 0X3, 0xf77e, 0X1, 0x9472, 0X1, 0x10a2, 0X1, 0x0000,
0X7, 0x0020, 0X1, 0x6b4d, 0X1, 0xe71c, 0X1, 0xf79e, 0X4, 0xef3d, 0X1, 0xe6fc, 0X5, 0x18e3, 0X1, 0x0000, 0X2, 0x2082, 0X1, 0xfcd4, 0X7, 0x7208, 0X1, 0x0000, 0X3, 0x4228, 0X1, 0xffdf, 0X1D, 0x39e7, 0X1, 0x0000, 0X7, 0x9b0c, 0X1, 0xfcd4, 0X2, 0xfc72, 0X1, 0xfc10, 0X5, 0x3904, 0X1, 0x0000, 0X6, 0x39e7, 0X1, 0xf79e, 0XE, 0x632c, 0X1, 0x0000, 0X3, 0x1925, 0X1, 0x971e, 0X1, 0x9f3f, 0X7, 0x430d, 0X1, 0x0000, 0X3, 0x2945, 0X1, 0xef5d, 0X1, 0xf79e, 0X4, 0xef3d, 0X1, 0x9cd3, 0X1, 0x528a, 0X1, 0x2945, 0X1, 0x10a2, 0X1, 0x2124, 0X1, 0x4208, 0X1, 0x8430, 0X1, 0xd6ba, 0X1, 0xf79e, 0X6, 0xef3d, 0X1, 0xe6fc, 0X5, 0x18e3, 0X1, 0x0000, 0X2, 0x2082, 0X1, 0xfcd4, 0X6, 0xfcd3, 0X1, 0x1061, 0X1, 0x0000, 0X2, 0x0020,
0X1, 0xdefb, 0X1, 0xffdf, 0X1D, 0xf7df, 0X1, 0xce79, 0X1, 0xad96, 0X1, 0x738e, 0X1, 0x0861, 0X1, 0x0000, 0X3, 0x0820, 0X1, 0xd411, 0X1, 0xfcd4, 0X1, 0xfc72, 0X1, 0xfc10, 0X5, 0x3904, 0X1, 0x0000, 0X6, 0x39e7, 0X1, 0xf79e, 0XD, 0xce59, 0X1, 0x0020, 0X1, 0x0000, 0X3, 0x7577, 0X1, 0x9f3f, 0X8, 0x96dd, 0X1, 0x08a3, 0X1, 0x0000, 0X3, 0x8c51, 0X1, 0xf79e, 0X13, 0xef3d, 0X1, 0xe6fc, 0X5, 0x18e3, 0X1, 0x0000, 0X2, 0x2082, 0X1, 0xfcd4, 0X6, 0xd3f0, 0X1, 0x0000, 0X3, 0x4a69, 0X1, 0xffdf, 0X22, 0xe71c, 0X1, 0x2965, 0X1, 0x0000, 0X3, 0x51a6, 0X1, 0xfcd4, 0X1, 0xfc72, 0X1, 0xfc10, 0X5, 0x3904, 0X1, 0x0000, 0X6, 0x39e7, 0X1, 0xf79e, 0XD, 0x4228, 0X1, 0x0000, 0X3, 0x328b, 0X1, 0x9f3f, 0XA, 0x5c73, 0X1, 0x0000,
0X3, 0x1082, 0X1, 0xe73c, 0X1, 0xf79e, 0X12, 0xef3d, 0X1, 0xe6fc, 0X5, 0x18e3, 0X1, 0x0000, 0X2, 0x2082, 0X1, 0xfcd4, 0X6, 0xb34d, 0X1, 0x0000, 0X3, 0x8430, 0X1, 0xffdf, 0X23, 0xe71c, 0X1, 0x0861, 0X1, 0x0000, 0X3, 0xec72, 0X1, 0xfc72, 0X1, 0xfc10, 0X5, 0x3904, 0X1, 0x0000, 0X6, 0x39e7, 0X1, 0xf79e, 0XC, 0xc618, 0X1, 0x0000, 0X3, 0x0041, 0X1, 0x865b, 0X1, 0x9f3f, 0XB, 0x2186, 0X1, 0x0000, 0X3, 0x8410, 0X1, 0xf79e, 0X12, 0xef3d, 0X1, 0xe6fc, 0X5, 0x18e3, 0X1, 0x0000, 0X2, 0x2082, 0X1, 0xfcd4, 0X6, 0xa30c, 0X1, 0x0000, 0X3, 0x94d3, 0X1, 0xffdf, 0X24, 0x6b6d, 0X1, 0x0000, 0X3, 0xab4d, 0X1, 0xfc72, 0X1, 0xfc10, 0X5, 0x3904, 0X1, 0x0000, 0X6, 0x39e7, 0X1, 0xf79e, 0XC, 0x4a69, 0X1, 0x0000, 0X3, 0x4bb0,
0X1, 0x9f3f, 0XC, 0x7db8, 0X1, 0x0000, 0X3, 0x10a2, 0X1, 0xef5d, 0X1, 0xf79e, 0X11, 0xef3d, 0X1, 0xe6fc, 0X5, 0x18e3, 0X1, 0x0000, 0X2, 0x2082, 0X1, 0xfcd4, 0X6, 0xbb6e, 0X1, 0x0000, 0X3, 0x8430, 0X1, 0xffdf, 0X24, 0xad75, 0X1, 0x0000, 0X3, 0x8aab, 0X1, 0xfc72, 0X1, 0xfc10, 0X5, 0x3904, 0X1, 0x0000, 0X6, 0x39e7, 0X1, 0xf79e, 0XB, 0xdebb, 0X1, 0x0000, 0X3, 0x0861, 0X1, 0x96dd, 0X1, 0x9f3f, 0XD, 0x29e8, 0X1, 0x0000, 0X3, 0x9cd3, 0X1, 0xf79e, 0X11, 0xef3d, 0X1, 0xe6fc, 0X5, 0x18e3, 0X1, 0x0000, 0X2, 0x2082, 0X1, 0xfcd4, 0X6, 0xd411, 0X1, 0x0000, 0X3, 0x4228, 0X1, 0xffdf, 0X24, 0xb596, 0X1, 0x0000, 0X3, 0x828a, 0X1, 0xfc72, 0X1, 0xfc10, 0X5, 0x3904, 0X1, 0x0000, 0X6, 0x39e7, 0X1, 0xf79e, 0XB, 0x7bcf,
0X1, 0x0000, 0X3, 0x4b6f, 0X1, 0x9f3f, 0XE, 0x7557, 0X1, 0x0000, 0X3, 0x39c7, 0X1, 0xf79e, 0X11, 0xef3d, 0X1, 0xe6fc, 0X5, 0x18e3, 0X1, 0x0000, 0X2, 0x2082, 0X1, 0xfcd4, 0X7, 0x20a2, 0X1, 0x0000, 0X2, 0x0020, 0X1, 0xd69a, 0X1, 0xffdf, 0X23, 0x8430, 0X1, 0x0000, 0X3, 0xa30c, 0X1, 0xfc72, 0X1, 0xfc10, 0X5, 0x3904, 0X1, 0x0000, 0X6, 0x39e7, 0X1, 0xf79e, 0XB, 0x2945, 0X1, 0x0000, 0X3, 0x863b, 0X1, 0x9f3f, 0XF, 0x1104, 0X1, 0x0000, 0X3, 0xdedb, 0X1, 0xf79e, 0X10, 0xef3d, 0X1, 0xe6fc, 0X5, 0x18e3, 0X1, 0x0000, 0X2, 0x2082, 0X1, 0xfcd4, 0X7, 0x7a49, 0X1, 0x0000, 0X3, 0x39c7, 0X1, 0xf7be, 0X1, 0xffdf, 0X21, 0xf7be, 0X1, 0x2104, 0X1, 0x0000, 0X3, 0xdc31, 0X1, 0xfc72, 0X1, 0xfc10, 0X5, 0x3904, 0X1, 0x0000,
0X6, 0x39e7, 0X1, 0xf79e, 0XA, 0xdebb, 0X1, 0x0000, 0X3, 0x2186, 0X1, 0x9f3f, 0X10, 0x4b6f, 0X1, 0x0000, 0X3, 0x9cd3, 0X1, 0xf79e, 0X10, 0xef3d, 0X1, 0xe6fc, 0X5, 0x18e3, 0X1, 0x0000, 0X2, 0x2082, 0X1, 0xfcd4, 0X7, 0xec72, 0X1, 0x0841, 0X1, 0x0000, 0X3, 0x4a49, 0X1, 0xef7d, 0X1, 0xffdf, 0X20, 0x630c, 0X1, 0x0000, 0X3, 0x3104, 0X1, 0xfcd4, 0X1, 0xfc72, 0X1, 0xfc10, 0X5, 0x3904, 0X1, 0x0000, 0X6, 0x39e7, 0X1, 0xf79e, 0XA, 0xad35, 0X1, 0x0000, 0X3, 0x4b8f, 0X1, 0x9f3f, 0X10, 0x7557, 0X1, 0x0000, 0X3, 0x6b4d, 0X1, 0xf79e, 0X10, 0xef3d, 0X1, 0xe6fc, 0X5, 0x18e3, 0X1, 0x0000, 0X2, 0x2082, 0X1, 0xfcd4, 0X8, 0x9aec, 0X1, 0x0000, 0X4, 0x18c3, 0X1, 0x8c51, 0X1, 0xdedb, 0X1, 0xffdf, 0X1B, 0xf7df, 0X1, 0xbdd7,
0X1, 0x39e7, 0X1, 0x0000, 0X4, 0xb36e, 0X1, 0xfcd4, 0X1, 0xfc72, 0X1, 0xfc10, 0X5, 0x3904, 0X1, 0x0000, 0X6, 0x39e7, 0X1, 0xf79e, 0XA, 0x8c31, 0X1, 0x0000, 0X3, 0x64d4, 0X1, 0x9f3f, 0X10, 0x8ebd, 0X1, 0x0000, 0X3, 0x4228, 0X1, 0xf79e, 0X10, 0xef3d, 0X1, 0xe6fc, 0X5, 0x18e3, 0X1, 0x0000, 0X2, 0x2082, 0X1, 0xfcd4, 0X9, 0x6a08, 0X1, 0x0000, 0X6, 0x0020, 0X1, 0x1082, 0X1A, 0x0000, 0X6, 0x69e8, 0X1, 0xfcd4, 0X2, 0xfc72, 0X1, 0xfc10, 0X5, 0x3904, 0X1, 0x0000, 0X6, 0x39e7, 0X1, 0xf79e, 0XA, 0x83f0, 0X1, 0x0000, 0X3, 0x6d36, 0X1, 0x9f3f, 0X10, 0x971f, 0X1, 0x0000, 0X3, 0x39e7, 0X1, 0xf79e, 0X10, 0xef3d, 0X1, 0xe6fc, 0X5, 0x18e3, 0X1, 0x0000, 0X2, 0x2082, 0X1, 0xfcd4, 0X9, 0xfcd3, 0X1, 0x828a, 0X1, 0x0000,
0X25, 0x59a7, 0X1, 0xfcb3, 0X1, 0xfcd4, 0X2, 0xfc72, 0X1, 0xfc10, 0X5, 0x3904, 0X1, 0x0000, 0X6, 0x39e7, 0X1, 0xf79e, 0XA, 0x9492, 0X1, 0x0000, 0X3, 0x6494, 0X1, 0x9f3f, 0X10, 0x8e7c, 0X1, 0x0000, 0X3, 0x52aa, 0X1, 0xf79e, 0X10, 0xef3d, 0X1, 0xe6fc, 0X5, 0x18e3, 0X1, 0x0000, 0X2, 0x2082, 0X1, 0xfcd4, 0XB, 0xc3cf, 0X1, 0x3924, 0X1, 0x0000, 0X21, 0x1061, 0X1, 0x92cb, 0X1, 0xfcd3, 0X1, 0xfcd4, 0X3, 0xfc72, 0X1, 0xfc10, 0X5, 0x3904, 0X1, 0x0000, 0X6, 0x39e7, 0X1, 0xf79e, 0XA, 0xad55, 0X1, 0x0000, 0X3, 0x4b6e, 0X1, 0x9f3f, 0X10, 0x7557, 0X1, 0x0000, 0X3, 0x6b4d, 0X1, 0xf79e, 0X10, 0xef3d, 0X1, 0xe6fc, 0X5, 0x18e3, 0X1, 0x0000, 0X2, 0x2082, 0X1, 0xfcd4, 0XD, 0xd3f0, 0X1, 0x828a, 0X1, 0x51a6, 0X1, 0x3904,
0X1, 0x30e4, 0X1A, 0x3925, 0X1, 0x59c7, 0X1, 0xa32d, 0X1, 0xf493, 0X1, 0xfcd4, 0X5, 0xfc72, 0X1, 0xfc10, 0X5, 0x3904, 0X1, 0x0000, 0X6, 0x39e7, 0X1, 0xf79e, 0XA, 0xdefb, 0X1, 0x0000, 0X3, 0x1925, 0X1, 0x9f3f, 0X10, 0x430d, 0X1, 0x0000, 0X3, 0xa514, 0X1, 0xf79e, 0X10, 0xef3d, 0X1, 0xe6fc, 0X5, 0x18e3, 0X1, 0x0000, 0X2, 0x2082, 0X1, 0xfcd4, 0X34, 0xfc72, 0X1, 0xfc10, 0X5, 0x3904, 0X1, 0x0000, 0X6, 0x39e7, 0X1, 0xf79e, 0XB, 0x39c7, 0X1, 0x0000, 0X3, 0x6d16, 0X1, 0x9f3f, 0XE, 0x8e9c, 0X1, 0x0861, 0X1, 0x0000, 0X2, 0x0020, 0X1, 0xe73c, 0X1, 0xf79e, 0X10, 0xef3d, 0X1, 0xe6fc, 0X5, 0x18e3, 0X1, 0x0000, 0X2, 0x2082, 0X1, 0xfcd4, 0X34, 0xfc72, 0X1, 0xfc10, 0X5, 0x3904, 0X1, 0x0000, 0X6, 0x39e7, 0X1, 0xf79e,
0XB, 0x9492, 0X1, 0x0000, 0X3, 0x1925, 0X1, 0x96dd, 0X1, 0x9f3f, 0XD, 0x3aab, 0X1, 0x0000, 0X3, 0x528a, 0X1, 0xf79e, 0X11, 0xef3d, 0X1, 0xe6fc, 0X5, 0x18e3, 0X1, 0x0000, 0X2, 0x2082, 0X1, 0xfcd4, 0X34, 0xfc51, 0X1, 0xfc10, 0X5, 0x3904, 0X1, 0x0000, 0X6, 0x39e7, 0X1, 0xf79e, 0XB, 0xef7d, 0X1, 0x2124, 0X1, 0x0000, 0X3, 0x2a29, 0X1, 0x971e, 0X1, 0x9f3f, 0XB, 0x53f1, 0X1, 0x0000, 0X3, 0x0020, 0X1, 0xd67a, 0X1, 0xf79e, 0X11, 0xe71c, 0X1, 0xe6fc, 0X5, 0x18e3, 0X1, 0x0000, 0X2, 0x2082, 0X1, 0xfcd4, 0X33, 0xfcd3, 0X1, 0xfc11, 0X1, 0xfc10, 0X5, 0x3904, 0X1, 0x0000, 0X6, 0x39e7, 0X1, 0xf79e, 0XC, 0xad55, 0X1, 0x0000, 0X4, 0x21a7, 0X1, 0x8e7c, 0X1, 0x9f3f, 0X8, 0x96fe, 0X1, 0x432d, 0X1, 0x0000, 0X4, 0x736e,
0X1, 0xf79e, 0X11, 0xef5d, 0X1, 0xe6fc, 0X6, 0x18e3, 0X1, 0x0000, 0X2, 0x2082, 0X1, 0xfcd4, 0X33, 0xfc72, 0X1, 0xfc10, 0X6, 0x3904, 0X1, 0x0000, 0X6, 0x39e7, 0X1, 0xf79e, 0XD, 0x7bef, 0X1, 0x0000, 0X4, 0x0041, 0X1, 0x4b6f, 0X1, 0x861a, 0X1, 0x9f3f, 0X4, 0x8e9c, 0X1, 0x5c52, 0X1, 0x10e3, 0X1, 0x0000, 0X4, 0x4208, 0X1, 0xef7d, 0X1, 0xf79e, 0X10, 0xf77e, 0X1, 0xe71c, 0X1, 0xe6fc, 0X6, 0x18e3, 0X1, 0x0000, 0X2, 0x2082, 0X1, 0xfcd4, 0X32, 0xfcb3, 0X1, 0xfc11, 0X1, 0xfc10, 0X6, 0x3904, 0X1, 0x0000, 0X6, 0x39e7, 0X1, 0xf79e, 0XD, 0xf77e, 0X1, 0x6b4d, 0X1, 0x0000, 0X6, 0x10c3, 0X1, 0x21a7, 0X1, 0x21c7, 0X1, 0x1104, 0X1, 0x0000, 0X6, 0x39c7, 0X1, 0xe71c, 0X1, 0xf79e, 0X10, 0xf77e, 0X1, 0xe71c, 0X1, 0xe6fc,
0X7, 0x18e3, 0X1, 0x0000, 0X2, 0x2082, 0X1, 0xfcd4, 0X31, 0xfcb3, 0X1, 0xfc11, 0X1, 0xfc10, 0X7, 0x3904, 0X1, 0x0000, 0X6, 0x39e7, 0X1, 0xf79e, 0XF, 0x9492, 0X1, 0x0020, 0X1, 0x0000, 0XD, 0x5aeb, 0X1, 0xef5d, 0X1, 0xf79e, 0X10, 0xef5d, 0X1, 0xe71c, 0X1, 0xe6fc, 0X8, 0x18e3, 0X1, 0x0000, 0X2, 0x2082, 0X1, 0xfcd4, 0X2F, 0xfcd3, 0X1, 0xfc72, 0X1, 0xfc11, 0X1, 0xfc10, 0X8, 0x3904, 0X1, 0x0000, 0X6, 0x2965, 0X1, 0xef5d, 0X10, 0xd67a, 0X1, 0x5aeb, 0X1, 0x0000, 0XA, 0x3186, 0X1, 0xb576, 0X1, 0xef5d, 0X10, 0xef3d, 0X1, 0xe71c, 0X1, 0xe6fc, 0XA, 0x18e3, 0X1, 0x0000, 0X2, 0x2082, 0X1, 0xfc72, 0X2E, 0xfc51, 0X1, 0xfc11, 0X1, 0xfc10, 0XA, 0x30c3, 0X1, 0x0000, 0X6, 0x0861, 0X1, 0xdedb, 0X1, 0xe6fc, 0X11, 0xc618,
0X1, 0x7bef, 0X1, 0x39c7, 0X1, 0x18e3, 0X1, 0x0020, 0X1, 0x0000, 0X1, 0x10a2, 0X1, 0x3186, 0X1, 0x6b4d, 0X1, 0xb576, 0X1, 0xe6fc, 0X1E, 0x18e3, 0X1, 0x0000, 0X2, 0x2082, 0X1, 0xfc10, 0X39, 0xf3f0, 0X1, 0x0820, 0X1, 0x0000, 0X7, 0x9cb3, 0X1, 0xe6fc, 0X39, 0x18e3, 0X1, 0x0000, 0X2, 0x2082, 0X1, 0xfc10, 0X39, 0xaaab, 0X1, 0x0000, 0X8, 0x2124, 0X1, 0xdebb, 0X1, 0xe6fc, 0X38, 0x18e3, 0X1, 0x0000, 0X2, 0x2082, 0X1, 0xfc10, 0X38, 0xf3d0, 0X1, 0x20a2, 0X1, 0x0000, 0X9, 0x4208, 0X1, 0xdebb, 0X1, 0xe6fc, 0X37, 0x18e3, 0X1, 0x0000, 0X2, 0x2082, 0X1, 0xfc10, 0X37, 0xf3d0, 0X1, 0x4924, 0X1, 0x0000, 0XB, 0x2104, 0X1, 0x9cb3, 0X1, 0xdedb, 0X1, 0xe6fc, 0X35, 0x18e3, 0X1, 0x0000, 0X2, 0x2082, 0X1, 0xfc10, 0X35, 0xf3f0,
0X1, 0xaaab, 0X1, 0x20a2, 0X1, 0x0000, 0XE, 0x0841, 0X1, 0x2945, 0X1, 0x39c7, 0X34, 0x0020, 0X1, 0x0000, 0X2, 0x0820, 0X1, 0x4104, 0X1C, 0x5986, 0X1, 0xe38f, 0X1, 0xfc10, 0X4, 0x9249, 0X1, 0x4124, 0X1, 0x4104, 0X10, 0x30c3, 0X1, 0x0820, 0X1, 0x0000, 0X67, 0x4945, 0X1, 0xfc10, 0X3, 0xc30c, 0X1, 0x0000, 0X7B, 0x1041, 0X1, 0xfc52, 0X3, 0x5986, 0X1, 0x0000, 0X9C
};

static const uint16_t lcd_settings[5758] = {
0x0000, 0X22, 0x000f, 0X1, 0x19a9, 0X1, 0x19c9, 0X1, 0x0000, 0X14, 0x11a9, 0X1, 0x19aa, 0X2, 0x198a, 0X1, 0x0000, 0X63, 0x11c9, 0X1, 0x19aa, 0X4, 0x000f, 0X1, 0x0000, 0X13, 0x19aa, 0X6, 0x0000, 0X5F, 0x11a9, 0X1, 0x19aa, 0X7, 0x0000, 0X12, 0x19aa, 0X9, 0x19c9, 0X1, 0x0000, 0X5A, 0x19a9, 0X1, 0x19aa, 0XA, 0x0000, 0X10, 0x018c, 0X1, 0x19aa, 0XB, 0x19a9, 0X1, 0x02aa, 0X1, 0x0000, 0X54, 0x018c, 0X1, 0x19aa, 0XD, 0x02aa,
0X1, 0x0000, 0XF, 0x19aa, 0X5, 0x21ea, 0X1, 0x19aa, 0X9, 0x11a9, 0X1, 0x0000, 0X50, 0x1989, 0X1, 0x19aa, 0X9, 0x428a, 0X1, 0xa44b, 0X1, 0x322a, 0X1, 0x19aa, 0X4, 0x0000, 0XE, 0x11aa, 0X1, 0x19aa, 0X4, 0x4aaa, 0X1, 0xfdeb, 0X1, 0xb48b, 0X1, 0x5aea, 0X1, 0x19aa, 0XA, 0x018c, 0X1, 0x0000, 0X4B, 0x11aa, 0X1, 0x19aa, 0X8, 0x19ca, 0X1, 0x630a, 0X1, 0xc4eb, 0X1, 0xfdeb, 0X2, 0xbcab, 0X1, 0x19aa, 0X5, 0x0000, 0XD, 0x19aa, 0X5, 0xcd0b, 0X1, 0xfdeb, 0X3, 0xe58b, 0X1, 0x8beb, 0X1, 0x322a, 0X1, 0x19aa, 0X7, 0x198a, 0X1, 0x0000, 0X4B, 0x19aa, 0X7, 0x2a0a, 0X1, 0x83aa, 0X1, 0xe56b,
0X1, 0xfdeb, 0X5, 0x6b2a, 0X1, 0x19aa, 0X4, 0x018c, 0X1, 0x0000, 0XB, 0x19a9, 0X1, 0x19aa, 0X4, 0x734a, 0X1, 0xfdeb, 0X7, 0xbccb, 0X1, 0x632a, 0X1, 0x19ca, 0X1, 0x19aa, 0X4, 0x19eb, 0X1, 0x0000, 0X4B, 0x19aa, 0X5, 0x426a, 0X1, 0xa44b, 0X1, 0xf5cb, 0X1, 0xfdeb, 0X7, 0xedab, 0X1, 0x2a0a, 0X1, 0x19aa, 0X4, 0x11a9, 0X1, 0x19c9, 0X1, 0x19aa, 0X7, 0x19a9, 0X1, 0x118a, 0X1, 0x19aa, 0X4, 0x21ea, 0X1, 0xed8b, 0X1, 0xfdeb, 0X9, 0xd52b, 0X1, 0x19aa, 0X4, 0x0000, 0X4C, 0x19aa, 0X5, 0xcd0b, 0X1, 0xfdeb, 0XA, 0xb48b, 0X1, 0x19aa, 0X13, 0x940b, 0X1, 0xfdeb, 0XA, 0xb48b,
0X1, 0x19aa, 0X4, 0x0000, 0X4C, 0x01e7, 0X1, 0x19aa, 0X4, 0x8beb, 0X1, 0xfdeb, 0XB, 0x630a, 0X1, 0x19aa, 0X11, 0x3a4a, 0X1, 0xfdeb, 0XB, 0x83aa, 0X1, 0x19aa, 0X4, 0x0000, 0X4D, 0x19aa, 0X4, 0x52ca, 0X1, 0xfdeb, 0XB, 0xe58b, 0X1, 0x21ea, 0X1, 0x19aa, 0X10, 0xbccb, 0X1, 0xfdeb, 0XB, 0x52ca, 0X1, 0x19aa, 0X3, 0x198a, 0X1, 0x0000, 0X4D, 0x19aa, 0X4, 0x19ca, 0X1, 0xf5cb, 0X1, 0xfdeb, 0XB, 0xa44b, 0X1, 0x19aa, 0X1,
0x19ca, 0X1, 0x322a, 0X1, 0x52aa, 0X1, 0x6b2a, 0X1, 0x83aa, 0X1, 0x9c2b, 0X1, 0xb4ab, 0X1, 0xac6b, 0X1, 0x9c2b, 0X1, 0x8bca, 0X1, 0x7b6a, 0X1, 0x632a, 0X1, 0x52ca, 0X1, 0x3a4a, 0X1, 0x630a, 0X1, 0xfdeb, 0XC, 0x21ea, 0X1, 0x19aa, 0X3, 0x0000, 0X4E, 0x19aa, 0X5, 0xbccb, 0X1, 0xfdeb, 0XC, 0xe56b, 0X1, 0xfdeb, 0X1A, 0xd52b, 0X1, 0x19aa, 0X4, 0x0000, 0X4F, 0x19aa, 0X4, 0x83aa, 0X1, 0xfdeb, 0X27, 0xa44b, 0X1, 0x19aa, 0X4, 0x0000, 0X4F, 0x19aa, 0X4, 0x428a, 0X1, 0xfdeb, 0X27, 0x736a, 0X1, 0x19aa, 0X3, 0x19a9, 0X1, 0x0000, 0X4F, 0x19aa, 0X5, 0xedab, 0X1,
0xfdeb, 0X26, 0x428a, 0X1, 0x19aa, 0X4, 0x11ea, 0X1, 0x0000, 0X4D, 0x198a, 0X1, 0x19aa, 0X5, 0xb48b, 0X1, 0xfdeb, 0X26, 0x3a4a, 0X1, 0x19aa, 0X6, 0x0000, 0X18, 0x018c, 0X1, 0x19a9, 0X1, 0x19aa, 0X8, 0x19ca, 0X1, 0x0000, 0X28, 0x11aa, 0X1, 0x19aa, 0X5, 0x426a, 0X1, 0xdd4b, 0X1, 0xfdeb, 0X26, 0xf5cb, 0X1, 0x6b2a, 0X1, 0x19aa, 0X5, 0x19ca, 0X1, 0x0000, 0X14, 0x198a, 0X1, 0x19aa, 0X10, 0x11aa, 0X1, 0x0000, 0X23, 0x19ca, 0X1, 0x19aa, 0X5, 0x632a, 0X1, 0xf5cb, 0X1, 0xfdeb, 0X29, 0x9c0b, 0X1, 0x19ca, 0X1, 0x19aa, 0X5, 0x0000, 0X11, 0x11aa, 0X1, 0x19aa, 0X14,
0x0000, 0X21, 0x19a9, 0X1, 0x19aa, 0X5, 0x83aa, 0X1, 0xfdeb, 0X2C, 0xc4eb, 0X1, 0x2a0a, 0X1, 0x19aa, 0X4, 0x19a9, 0X1, 0x0000, 0XE, 0x19a9, 0X1, 0x19aa, 0X15, 0x118a, 0X1, 0x0000, 0X20, 0x19aa, 0X5, 0x19ca, 0X1, 0xa44b, 0X1, 0xfdeb, 0X2E, 0xe58b, 0X1, 0x4aaa, 0X1, 0x19aa, 0X4, 0x19a9, 0X1, 0x0000, 0X8, 0x11aa, 0X1, 0x19aa, 0XC, 0x42ee, 0X1, 0x63d1, 0X1, 0x7c73, 0X1, 0x9515, 0X1, 0xadb7, 0X1, 0x9d56, 0X1, 0x84b4, 0X1, 0x19ca, 0X1, 0x19aa, 0X5, 0x118a, 0X1, 0x0000, 0X14, 0x018c, 0X1, 0x11aa, 0X1, 0x0000, 0XA, 0x118a, 0X1, 0x19aa, 0X4, 0x21ea, 0X1,
0xbccb, 0X1, 0xfdeb, 0X31, 0x5aea, 0X1, 0x19aa, 0X5, 0x0000, 0X3, 0x11a9, 0X1, 0x19aa, 0XC, 0x19ca, 0X1, 0x536f, 0X1, 0x9d56, 0X1, 0xe75d, 0X1, 0xffff, 0X5, 0xffdf, 0X1, 0x5b90, 0X1, 0x19aa, 0X5, 0x118a, 0X1, 0x0000, 0X15, 0x19a9, 0X1, 0x19aa, 0X4, 0x11aa, 0X1, 0x11ea, 0X1, 0x0000, 0X4, 0x1989, 0X1, 0x19aa, 0X4, 0x19ca, 0X1, 0xbccb, 0X1, 0xfdeb, 0X32, 0xf5cb, 0X1, 0x428a, 0X1, 0x19aa, 0X13, 0x63d1, 0X1, 0xdf1c, 0X1, 0xffff, 0X7, 0xffdf, 0X1, 0x5b90, 0X1, 0x19aa, 0X5, 0x118a, 0X1, 0x0000, 0X16, 0x19aa, 0X9, 0x11a9, 0X1, 0x19aa, 0X6, 0x940b, 0X1,
0xfdeb, 0X17, 0xfe0c, 0X1, 0xfe2e, 0X1, 0xfe70, 0X1, 0xfe4f, 0X1, 0xfe2d, 0X1, 0xfdeb, 0X18, 0xe58b, 0X1, 0x322a, 0X1, 0x19aa, 0X10, 0x534f, 0X1, 0xd6db, 0X1, 0xffff, 0X8, 0xffdf, 0X1, 0x5b90, 0X1, 0x19aa, 0X5, 0x118a, 0X1, 0x0000, 0X16, 0x19ca, 0X1, 0x19aa, 0XF, 0x632a, 0X1, 0xfdeb, 0X13, 0xfe0c, 0X1, 0xfe91, 0X1, 0xff37, 0X1, 0xff9c, 0X1, 0xffde, 0X1, 0xffff, 0X6, 0xffbd, 0X1, 0xff7a, 0X1, 0xfef5, 0X1, 0xfe4e, 0X1, 0xfdeb, 0X14, 0xd52b, 0X1, 0x21ea, 0X1, 0x19aa, 0XE, 0x8cd4, 0X1, 0xffff, 0X9, 0xffdf, 0X1, 0x5b90, 0X1, 0x19aa, 0X5, 0x118a, 0X1,
0x0000, 0X17, 0x19aa, 0XF, 0x426a, 0X1, 0xf5cb, 0X1, 0xfdeb, 0X11, 0xfe91, 0X1, 0xff58, 0X1, 0xffde, 0X1, 0xffff, 0XE, 0xffbc, 0X1, 0xff16, 0X1, 0xfe2d, 0X1, 0xfdeb, 0X12, 0xbccb, 0X1, 0x19ca, 0X1, 0x19aa, 0X4, 0x2a0a, 0X1, 0x6b2a, 0X1, 0xa44b, 0X1, 0x3a4a, 0X1, 0x19aa, 0X3, 0x21ea, 0X1, 0xb5d8, 0X1, 0xffff, 0X9, 0xffdf, 0X1, 0x5b90, 0X1, 0x19aa, 0X5, 0x118a, 0X1, 0x0000, 0X17, 0x02aa, 0X1, 0x19aa, 0X4, 0x8beb, 0X1, 0xb48b, 0X1, 0x83aa, 0X1, 0x52ca, 0X1, 0x21ea, 0X1, 0x19aa, 0X5, 0x29ea, 0X1, 0xdd6b, 0X1, 0xfdeb, 0X10, 0xfe4f, 0X1, 0xff7a, 0X1,
0xffff, 0X14, 0xff16, 0X1, 0xfe0c, 0X1, 0xfdeb, 0X11, 0x8bca, 0X1, 0x21ea, 0X1, 0x5aea, 0X1, 0x9c0b, 0X1, 0xd52b, 0X1, 0xfdeb, 0X2, 0xa44b, 0X1, 0x19aa, 0X3, 0x19ea, 0X1, 0xce9b, 0X1, 0xffff, 0X9, 0xffdf, 0X1, 0x5b90, 0X1, 0x19aa, 0X5, 0x118a, 0X1, 0x0000, 0X18, 0x11aa, 0X1, 0x19aa, 0X3, 0x21ca, 0X1, 0xedab, 0X1, 0xfdeb, 0X4, 0xd52b, 0X1, 0xa44b, 0X1, 0x736a, 0X1, 0x426a, 0X1, 0x19ca, 0X1, 0xac6b, 0X1, 0xfdeb, 0XF, 0xfe2d, 0X1, 0xff58, 0X1, 0xffff, 0X17, 0xffde, 0X1, 0xfed4, 0X1, 0xfdeb, 0X16, 0xe56b, 0X1, 0x21ea, 0X1, 0x19aa, 0X3, 0x9d56, 0X1,
0xffff, 0X9, 0xffdf, 0X1, 0x5b90, 0X1, 0x19aa, 0X5, 0x118a, 0X1, 0x0000, 0X19, 0x19aa, 0X4, 0x6b2a, 0X1, 0xfdeb, 0X9, 0xf5cb, 0X1, 0xfdeb, 0XF, 0xfe6f, 0X1, 0xffdd, 0X1, 0xffff, 0X1A, 0xff59, 0X1, 0xfe0c, 0X1, 0xfdeb, 0X14, 0x5aea, 0X1, 0x19aa, 0X3, 0x63b1, 0X1, 0xffff, 0X9, 0xffdf, 0X1, 0x5b90, 0X1, 0x19aa, 0X5, 0x118a, 0X1, 0x0000, 0X19, 0x118a, 0X1, 0x19aa, 0X4, 0xc4cb, 0X1, 0xfdeb, 0X18, 0xfeb2, 0X1, 0xffff, 0X1D, 0xff9c, 0X1, 0xfe2e, 0X1, 0xfdeb, 0X12, 0xac6b, 0X1, 0x19aa, 0X3, 0x326c, 0X1, 0xf79e, 0X1, 0xffff, 0X8, 0xffdf, 0X1, 0x5b90, 0X1, 0x19aa, 0X5, 0x118a, 0X1, 0x0000, 0X1A, 0x19aa, 0X4, 0x322a, 0X1, 0xfdeb, 0X18, 0xfef5, 0X1, 0xffff, 0X1F, 0xffde, 0X1, 0xfe4f, 0X1, 0xfdeb, 0X11, 0x3a4a, 0X1, 0x19aa, 0X2, 0x19ca, 0X1, 0xce9b, 0X1, 0xffff, 0X8, 0xffdf, 0X1, 0x5b90, 0X1, 0x19aa, 0X5, 0x118a, 0X1, 0x0000, 0X16,
0x19aa, 0X1, 0x19ca, 0X1, 0x0000, 0X3, 0x19aa, 0X4, 0x8bcb, 0X1, 0xfdeb, 0X17, 0xfeb2, 0X1, 0xffff, 0X21, 0xffdd, 0X1, 0xfe2d, 0X1, 0xfdeb, 0XF, 0xcd0b, 0X1, 0x19aa, 0X3, 0x5b70, 0X1, 0xffff, 0X8, 0xffdf, 0X1, 0x5b90, 0X1, 0x19aa, 0X5, 0x118a, 0X1, 0x0000, 0X16, 0x19aa, 0X3, 0x0000, 0X2, 0x19a9, 0X1, 0x19aa, 0X4, 0xe56b, 0X1, 0xfdeb, 0X16, 0xfe6f, 0X1, 0xffff, 0X23, 0xff9b, 0X1, 0xfe0c, 0X1, 0xfdeb, 0XE, 0x7b8a, 0X1, 0x19aa, 0X3, 0xb5f8, 0X1, 0xffff, 0X7, 0xffdf, 0X1, 0x5b90, 0X1, 0x19aa, 0X5, 0x118a, 0X1, 0x0000, 0X16, 0x19aa, 0X4, 0x0000, 0X2, 0x19aa, 0X4, 0x52ca, 0X1, 0xfdeb, 0X16, 0xfe2d, 0X1, 0xffdd, 0X1, 0xffff, 0XC, 0x84b4, 0X1, 0x9515, 0X1, 0xffdf, 0X1, 0xffff, 0X15, 0xff58, 0X1, 0xfdeb, 0XE, 0x2a0a, 0X1, 0x19aa, 0X2, 0x2a2c, 0X1, 0xffdf, 0X1, 0xffff, 0X6, 0xffdf, 0X1, 0x5b90, 0X1, 0x19aa, 0X5, 0x118a, 0X1,
0x0000, 0X16, 0x19aa, 0X5, 0x0000, 0X1, 0x1989, 0X1, 0x19aa, 0X4, 0xac6b, 0X1, 0xfdeb, 0X16, 0xff58, 0X1, 0xffff, 0XC, 0x7c73, 0X1, 0x19aa, 0X2, 0x42cd, 0X1, 0xce9a, 0X1, 0xffff, 0X15, 0xfe91, 0X1, 0xfdeb, 0XC, 0xbccb, 0X1, 0x19aa, 0X3, 0x8494, 0X1, 0xffff, 0X6, 0xffdf, 0X1, 0x5b70, 0X1, 0x19aa, 0X5, 0x118a, 0X1, 0x0000, 0X16, 0x19aa, 0X6, 0x118a, 0X1, 0x19aa, 0X5, 0x322a, 0X1, 0xb48b, 0X1, 0xfdeb, 0X14, 0xfe4f, 0X1, 0xffff, 0XC, 0x7c53, 0X1, 0x19aa, 0X5, 0x7432, 0X1, 0xef9e, 0X1, 0xffff, 0X13, 0xffbc, 0X1, 0xfe0c, 0X1, 0xfdeb, 0XB, 0x7b8a, 0X1,
0x19aa, 0X3, 0xdefc, 0X1, 0xffff, 0X5, 0xffdf, 0X1, 0x5b70, 0X1, 0x19aa, 0X5, 0x118a, 0X1, 0x0000, 0X16, 0x19aa, 0X7, 0x11aa, 0X1, 0x19aa, 0X7, 0x52ca, 0X1, 0xd54b, 0X1, 0xfdeb, 0X12, 0xff7a, 0X1, 0xffff, 0XB, 0x7432, 0X1, 0x19aa, 0X7, 0x2a2b, 0X1, 0xadb7, 0X1, 0xffff, 0X13, 0xfed3, 0X1, 0xfdeb, 0XB, 0x632a, 0X1, 0x19aa, 0X2, 0x21eb, 0X1, 0xffff, 0X6, 0x6bf1, 0X1, 0x19aa, 0X5, 0x118a, 0X1, 0x0000, 0X16, 0x19aa, 0X8, 0x11aa, 0X1, 0x19aa, 0X8, 0x19ca, 0X1, 0x7b8a, 0X1, 0xedab, 0X1, 0xfdeb, 0XF, 0xfe91, 0X1, 0xffff, 0XB, 0x6c12, 0X1, 0x19aa, 0XA,
0x534f, 0X1, 0xdefc, 0X1, 0xffff, 0X11, 0xffdd, 0X1, 0xfe0c, 0X1, 0xfdeb, 0XA, 0x4aaa, 0X1, 0x19aa, 0X2, 0x3aad, 0X1, 0xffff, 0X6, 0xd6db, 0X1, 0x2a0b, 0X1, 0x19aa, 0X5, 0x0000, 0X15, 0x19aa, 0XA, 0x0000, 0X2, 0x19aa, 0X8, 0x2a0a, 0X1, 0xa44b, 0X1, 0xfdeb, 0XE, 0xff59, 0X1, 0xffff, 0XA, 0x6bd1, 0X1, 0x19aa, 0X4, 0x326c, 0X1, 0x8cf5, 0X1, 0x21eb, 0X1, 0x19aa, 0X5, 0x19ca, 0X1, 0x8cb4, 0X1, 0xffdf, 0X1, 0xffff, 0X10, 0xfe92, 0X1, 0xfdeb, 0XA, 0x324a, 0X1, 0x19aa, 0X2, 0x5b70, 0X1, 0xffff, 0X7, 0xd6db, 0X1, 0x2a0b, 0X1, 0x19aa, 0X4, 0x19a9, 0X1, 0x0000, 0X13, 0x19aa, 0X6, 0x534f, 0X1, 0x19aa, 0X4, 0x0000, 0X3, 0x11a9, 0X1, 0x19aa, 0X8, 0x428a, 0X1, 0xdd6b, 0X1, 0xfdeb, 0XB, 0xfe0c, 0X1, 0xfffe, 0X1, 0xffff, 0X8, 0xffdf, 0X1, 0x63b1, 0X1, 0x19aa, 0X4, 0x326c, 0X1, 0xdf1c, 0X1, 0xffff, 0X1, 0xe75d, 0X1, 0x5b90, 0X1,
0x19aa, 0X6, 0x3a8d, 0X1, 0xbe39, 0X1, 0xffff, 0XF, 0xff38, 0X1, 0xfdeb, 0XA, 0x21ca, 0X1, 0x19aa, 0X2, 0x7432, 0X1, 0xffff, 0X8, 0xd6db, 0X1, 0x2a0b, 0X1, 0x19aa, 0X4, 0x19a9, 0X1, 0x0000, 0X11, 0x19aa, 0X6, 0x5b90, 0X1, 0xf79e, 0X1, 0x19aa, 0X4, 0x0000, 0X5, 0x198a, 0X1, 0x19aa, 0X7, 0xc4eb, 0X1, 0xfdeb, 0XB, 0xfe91, 0X1, 0xffff, 0X8, 0xffdf, 0X1, 0x5b90, 0X1, 0x19aa, 0X4, 0x326c, 0X1, 0xdf1c, 0X1, 0xffff, 0X4, 0xb5f8, 0X1, 0x324c, 0X1, 0x19aa, 0X6, 0x63d1, 0X1, 0xef5d, 0X1, 0xffff, 0XD, 0xffde, 0X1, 0xfe0c, 0X1, 0xfdeb, 0X8, 0xf5ab, 0X1,
0x19aa, 0X3, 0x8cf5, 0X1, 0xffff, 0X9, 0xd6db, 0X1, 0x2a0b, 0X1, 0x19aa, 0X4, 0x11aa, 0X1, 0x0000, 0XF, 0x19aa, 0X6, 0x5b90, 0X1, 0xffdf, 0X2, 0x19aa, 0X4, 0x0000, 0X7, 0x19aa, 0X6, 0xe56b, 0X1, 0xfdeb, 0XB, 0xff37, 0X1, 0xffff, 0X8, 0x63d1, 0X1, 0x19aa, 0X4, 0x326c, 0X1, 0xdf1c, 0X1, 0xffff, 0X6, 0xf7be, 0X1, 0x7c53, 0X1, 0x19ca, 0X1, 0x19aa, 0X5, 0x220b, 0X1, 0x9d56, 0X1, 0xffff, 0XD, 0xfe70, 0X1, 0xfdeb, 0X9, 0x19ca, 0X1, 0x19aa, 0X2, 0x9515, 0X1, 0xffff, 0XA, 0xd6db, 0X1, 0x2a0b, 0X1, 0x19aa, 0X4, 0x11aa, 0X1, 0x0000, 0XD, 0x19aa, 0X6,
0x5b90, 0X1, 0xffdf, 0X1, 0xffff, 0X2, 0x19aa, 0X4, 0x0000, 0X8, 0x19aa, 0X5, 0xf5cb, 0X1, 0xfdeb, 0XB, 0xffbc, 0X1, 0xffff, 0X8, 0x9d56, 0X1, 0x19aa, 0X4, 0x9536, 0X1, 0xffff, 0X9, 0xcebb, 0X1, 0x42ce, 0X1, 0x19aa, 0X6, 0x4b0e, 0X1, 0xd6db, 0X1, 0xffff, 0XB, 0xfef5, 0X1, 0xfdeb, 0X9, 0x3a4a, 0X1, 0x19aa, 0X2, 0x7432, 0X1, 0xffff, 0XB, 0xd6db, 0X1, 0x2a0b, 0X1, 0x19aa, 0X5, 0x0000, 0XB, 0x19aa, 0X6, 0x5b90, 0X1, 0xffdf, 0X1, 0xffff, 0X3, 0x19aa, 0X4, 0x0000, 0X8, 0x19aa, 0X4, 0x21ca, 0X1, 0xfdeb, 0XC, 0xffde, 0X1, 0xffff, 0X9, 0x4b0f, 0X1,
0x19aa, 0X3, 0x2a2b, 0X1, 0xef7e, 0X1, 0xffff, 0XA, 0x9515, 0X1, 0x21eb, 0X1, 0x19aa, 0X5, 0x19ca, 0X1, 0x7c73, 0X1, 0xf7be, 0X1, 0xffff, 0X9, 0xff37, 0X1, 0xfdeb, 0X9, 0x5aea, 0X1, 0x19aa, 0X2, 0x4b2f, 0X1, 0xffff, 0XC, 0xd6db, 0X1, 0x2a0b, 0X1, 0x19aa, 0X5, 0x0000, 0X9, 0x19aa, 0X6, 0x5b90, 0X1, 0xffdf, 0X1, 0xffff, 0X3, 0xe73d, 0X1, 0x19aa, 0X4, 0x0000, 0X8, 0x19aa, 0X4, 0x322a, 0X1, 0xfdeb, 0XB, 0xfe0c, 0X1, 0xffff, 0XA, 0xdefc, 0X1, 0x19ca, 0X1, 0x19aa, 0X3, 0x6bf1, 0X1, 0xffff, 0XB, 0xe73d, 0X1, 0x5b90, 0X1, 0x19aa, 0X6, 0x324c, 0X1,
0xb5f8, 0X1, 0xffff, 0X8, 0xff79, 0X1, 0xfdeb, 0X9, 0x7b8a, 0X1, 0x19aa, 0X2, 0x2a0b, 0X1, 0xffff, 0XD, 0xd6db, 0X1, 0x2a0b, 0X1, 0x19aa, 0X5, 0x0000, 0X7, 0x19aa, 0X6, 0x5b90, 0X1, 0xffdf, 0X1, 0xffff, 0X4, 0xadb8, 0X1, 0x19aa, 0X4, 0x0000, 0X8, 0x19a9, 0X1, 0x19aa, 0X3, 0x428a, 0X1, 0xfdeb, 0XB, 0xfe4e, 0X1, 0xffff, 0XB, 0x8cd4, 0X1, 0x19aa, 0X4, 0xc65a, 0X1, 0xffff, 0XC, 0xb5d8, 0X1,
0x2a4c, 0X1, 0x19aa, 0X6, 0x7c53, 0X1, 0xffff, 0X7, 0xff9b, 0X1, 0xfdeb, 0X9, 0x9c2b, 0X1, 0x19aa, 0X3, 0xef7d, 0X1, 0xffff, 0XD, 0xd6db, 0X1, 0x2a0b, 0X1, 0x19aa, 0X5, 0x0000, 0X5, 0x19aa, 0X6, 0x5b90, 0X1, 0xffdf, 0X1, 0xffff, 0X5, 0x7c53, 0X1, 0x19aa, 0X4, 0x0000, 0X8, 0x19aa, 0X4, 0x5aea, 0X1, 0xfdeb, 0XB, 0xfe70, 0X1, 0xffff, 0XB, 0xffdf, 0X1, 0x3aad, 0X1, 0x19aa, 0X3, 0x3a8d, 0X1,
0xf7df, 0X1, 0xffff, 0XC, 0xf79e, 0X1, 0x7432, 0X1, 0x19aa, 0X5, 0x63b1, 0X1, 0xffff, 0X7, 0xffdd, 0X1, 0xfdeb, 0X9, 0x9c0b, 0X1, 0x19aa, 0X3, 0xc65a, 0X1, 0xffff, 0XE, 0xd6db, 0X1, 0x2a0b, 0X1, 0x19aa, 0X5, 0x0000, 0X3, 0x19aa, 0X6, 0x5b90, 0X1, 0xffdf, 0X1, 0xffff, 0X6, 0x42ee, 0X1, 0x19aa, 0X4, 0x0000, 0X8, 0x19aa, 0X4, 0x630a, 0X1, 0xfdeb, 0XB, 0xfe70, 0X1, 0xffff, 0XC, 0xce7a, 0X1,
0x19aa, 0X4, 0x84b4, 0X1, 0xffff, 0XE, 0xce9a, 0X1, 0x2a0b, 0X1, 0x19aa, 0X3, 0x7c53, 0X1, 0xffff, 0X7, 0xffbd, 0X1, 0xfdeb, 0X8, 0xb48b, 0X1, 0x19ca, 0X1, 0x19aa, 0X3, 0x8493, 0X1, 0xffff, 0XF, 0xd6db, 0X1, 0x2a0b, 0X1, 0x19aa, 0X5, 0x0000, 0X1, 0x19aa, 0X6,
0x5b90, 0X1, 0xffdf, 0X1, 0xffff, 0X6, 0xef5d, 0X1, 0x19ca, 0X1, 0x19aa, 0X3, 0x294a, 0X1, 0x0000, 0X8, 0x19aa, 0X4, 0x4aaa, 0X1, 0xfdeb, 0XB, 0xfe2e, 0X1, 0xffff, 0XD, 0x7432, 0X1, 0x19aa, 0X3, 0x19ca, 0X1, 0xd6fc, 0X1, 0xffff, 0XE, 0x2a4c, 0X1, 0x19aa, 0X3, 0x94f5, 0X1, 0xffff, 0X7, 0xff9b, 0X1, 0xfdeb, 0X7, 0xb48b, 0X1, 0x19ca, 0X1, 0x19aa, 0X3, 0x324c, 0X1, 0xdf1c, 0X1, 0xffff, 0X10,
0xd6db, 0X1, 0x2a0b, 0X1, 0x19aa, 0XA, 0x5b90, 0X1, 0xffdf, 0X1, 0xffff, 0X7, 0x7c73, 0X1, 0x19aa, 0X4, 0x0000, 0X9, 0x19aa, 0X4, 0x322a, 0X1, 0xfdeb, 0XB, 0xfe0c, 0X1, 0xffff, 0XD, 0xf79e, 0X1, 0x324c, 0X1, 0x19aa, 0X3, 0x4b0f, 0X1, 0xffff, 0XD, 0xffdf, 0X1, 0x19aa, 0X4, 0xad97, 0X1, 0xffff, 0X7, 0xff59, 0X1, 0xfdeb, 0X6, 0xb48b, 0X1, 0x19ca, 0X1, 0x19aa, 0X3, 0x324c, 0X1, 0xdf1c, 0X1, 0xffff, 0X12, 0xd6db, 0X1, 0x2a0b, 0X1, 0x19aa, 0X8, 0x5b90, 0X1, 0xffdf, 0X1, 0xffff, 0X7, 0xef7e, 0X1, 0x21eb, 0X1, 0x19aa, 0X3,
0x19a9, 0X1, 0x0000, 0X9, 0x19a9, 0X1, 0x19aa, 0X3, 0x19ca, 0X1, 0xfdeb, 0XC, 0xffde, 0X1, 0xffff, 0XD, 0xb5f8, 0X1, 0x19aa, 0X4, 0xa577, 0X1, 0xffff, 0XC, 0xe73d, 0X1, 0x19aa, 0X4, 0xbe39, 0X1, 0xffff, 0X7, 0xff37, 0X1, 0xfdeb, 0X5, 0xb48b, 0X1, 0x19ca, 0X1, 0x19aa, 0X3, 0x324c, 0X1, 0xdf1c, 0X1, 0xffff, 0X14, 0xd6db, 0X1, 0x2a0b, 0X1, 0x19aa, 0X6, 0x5b90, 0X1, 0xffdf, 0X1, 0xffff, 0X8,
0x8cb4, 0X1, 0x19aa, 0X4, 0x0000, 0XA, 0x11c9, 0X1, 0x19aa, 0X4, 0xe58b, 0X1, 0xfdeb, 0XB, 0xff9b, 0X1, 0xffff, 0XE, 0x63b1, 0X1, 0x19aa, 0X3, 0x220b, 0X1, 0xef7d, 0X1, 0xffff, 0XB, 0xce9a, 0X1, 0x19aa, 0X4, 0xadd8, 0X1, 0xffff, 0X7, 0xfef4, 0X1, 0xfdeb, 0X4, 0xac8b, 0X1, 0x19ca, 0X1, 0x19aa, 0X3, 0x324c, 0X1, 0xdf1c, 0X1, 0xffff, 0X16, 0xd6db, 0X1, 0x2a0b, 0X1, 0x19aa, 0X4, 0x5b90, 0X1,
0xffdf, 0X1, 0xffff, 0X8, 0xe75d, 0X1, 0x220b, 0X1, 0x19aa, 0X4, 0x0000, 0XA, 0x11aa, 0X1, 0x19aa, 0X4, 0xcd0b, 0X1, 0xfdeb, 0XB, 0xff16, 0X1, 0xffff, 0XE, 0xe75d, 0X1, 0x220b, 0X1, 0x19aa, 0X3, 0x63d1, 0X1, 0xffff, 0XB, 0xb5d8, 0X1, 0x19aa, 0X4, 0x21ea, 0X1, 0xc659, 0X1, 0xffff, 0X6, 0xfe4f, 0X1, 0xfdeb, 0X3, 0xac8b, 0X1, 0x19ca, 0X1, 0x19aa, 0X3, 0x324c, 0X1, 0xdf1c, 0X1, 0xffff, 0X18,
0xd6db, 0X1, 0x2a0b, 0X1, 0x19aa, 0X2, 0x5b70, 0X1, 0xffdf, 0X1, 0xffff, 0X8, 0xffdf, 0X1, 0x4b0e, 0X1, 0x19aa, 0X4, 0x19eb, 0X1, 0x0000, 0X9, 0x000f, 0X1, 0x19aa, 0X5, 0xb48b, 0X1, 0xfdeb, 0XB, 0xfe6f, 0X1, 0xffff, 0XF, 0xa576, 0X1, 0x19aa, 0X4, 0xbe39, 0X1, 0xffff, 0XA, 0xef7d, 0X1, 0x3aad, 0X1, 0x19aa, 0X4, 0x21ea, 0X1, 0xc659, 0X1, 0xffff, 0X4, 0xffbd, 0X1, 0xfdeb, 0X3, 0xac8b, 0X1,
0x19ca, 0X1, 0x19aa, 0X3, 0x324c, 0X1, 0xdf1c, 0X1, 0xffff, 0X1A, 0xd6db, 0X1, 0x2a0b, 0X1, 0x5b70, 0X1, 0xffdf, 0X1, 0xffff, 0X9, 0x7412, 0X1, 0x19aa, 0X5, 0x0000, 0X9, 0x11aa, 0X1, 0x19aa, 0X6, 0x93eb, 0X1, 0xfdeb, 0XC, 0xffdd, 0X1, 0xffff, 0XF, 0x4b2f, 0X1, 0x19aa, 0X3, 0x326c, 0X1, 0xf7be, 0X1, 0xffff, 0XA, 0xef7d, 0X1, 0x3aad, 0X1, 0x19aa, 0X4, 0x21ea, 0X1, 0xc65a, 0X1, 0xffff, 0X3,
0xff16, 0X1, 0xfdeb, 0X2, 0xac6b, 0X1, 0x19ca, 0X1, 0x19aa, 0X3, 0x324c, 0X1, 0xdf1c, 0X1, 0xffff, 0X1C, 0xdefc, 0X1, 0xffdf, 0X1, 0xffff, 0X9, 0x9d56, 0X1, 0x19aa, 0X5, 0x0000, 0X8, 0x018c, 0X1, 0x19aa, 0X7, 0x5aea, 0X1, 0xe56b, 0X1, 0xfdeb, 0XC, 0xff37, 0X1, 0xffff, 0XF, 0xdefc, 0X1, 0x19ca, 0X1, 0x19aa, 0X3, 0x8494, 0X1, 0xffff, 0XB, 0xef7d, 0X1, 0x3aad, 0X1, 0x19aa, 0X4, 0x21ea, 0X1, 0xc65a, 0X1, 0xffff, 0X2, 0xfe70, 0X1, 0xfdeb, 0X1, 0xac6b, 0X1, 0x19ca, 0X1, 0x19aa, 0X3, 0x324c, 0X1, 0xdf1c, 0X1, 0xffff, 0X7,
0xef9e, 0X1, 0xdf1c, 0X1, 0xffff, 0X1E, 0x9d56, 0X1, 0x19ca, 0X1, 0x19aa, 0X4, 0x0000, 0X8, 0x19aa, 0X7, 0x29ea, 0X1, 0xac6b, 0X1, 0xfdeb, 0XE, 0xfe4e, 0X1, 0xffff, 0X10, 0x8cd5, 0X1, 0x19aa, 0X3, 0x19ca, 0X1, 0xd6db, 0X1, 0xffff, 0X1, 0xf7be, 0X1, 0xd6db, 0X1, 0xb5f8, 0X1, 0x9515, 0X1, 0xc65a, 0X1, 0xffff, 0X5, 0xef7d, 0X1, 0x3aad, 0X1, 0x19aa, 0X4, 0x21ea, 0X1, 0xc65a, 0X1, 0xff9b, 0X1, 0xfdeb, 0X1, 0xac6b, 0X1, 0x19ca, 0X1, 0x19aa, 0X3, 0x324c, 0X1, 0xdf1c, 0X1, 0xffff, 0X7, 0xef9e, 0X1, 0x42ee, 0X1, 0x2a4c, 0X1,
0xdefc, 0X1, 0xffff, 0X1B, 0xffdf, 0X1, 0x7432, 0X1, 0x19aa, 0X6, 0x0000, 0X6, 0x19ca, 0X1, 0x19aa, 0X7, 0x630a, 0X1, 0xed8b, 0X1, 0xfdeb, 0X10, 0xff37, 0X1, 0xffff, 0XF, 0xffdf, 0X1, 0x3aad, 0X1, 0x19aa, 0X3, 0x2a2c, 0X1, 0x2a4c, 0X1, 0x19aa, 0X4, 0x21ea, 0X1, 0xbe39, 0X1, 0xffff, 0X5, 0xef7d, 0X1, 0x3aad, 0X1, 0x19aa, 0X4, 0x21ea, 0X1, 0xc52e, 0X1, 0xac6b, 0X1, 0x19ca, 0X1, 0x19aa, 0X3, 0x324c, 0X1, 0xdf1c, 0X1, 0xffff, 0X7, 0xef7e, 0X1, 0x42ce, 0X1, 0x19aa, 0X2, 0x2a4c, 0X1, 0xdefc, 0X1, 0xffff, 0X19, 0xdf1c, 0X1,
0x534f, 0X1, 0x19aa, 0X6, 0x0000, 0X6, 0x11a9, 0X1, 0x19aa, 0X6, 0x2a0a, 0X1, 0xb48b, 0X1, 0xfdeb, 0X12, 0xfe2d, 0X1, 0xfffe, 0X1, 0xffff, 0XF, 0xce9a, 0X1, 0x19aa, 0XA, 0x19ea, 0X1, 0xbe39, 0X1, 0xffff, 0X5, 0xef7d, 0X1, 0x3aad, 0X1, 0x19aa, 0X4, 0x21ca, 0X1, 0x19ca, 0X1, 0x19aa, 0X3, 0x324c, 0X1, 0xdf1c, 0X1, 0xffff, 0X8, 0x9515, 0X1, 0x19aa, 0X4, 0x6c12, 0X1, 0xffff, 0X17, 0xef7d, 0X1,
0x7c53, 0X1, 0x19ca, 0X1, 0x19aa, 0X5, 0x19a9, 0X1, 0x0000, 0X7, 0x19aa, 0X6, 0x6b4a, 0X1, 0xedab, 0X1, 0xfdeb, 0X14, 0xfef5, 0X1, 0xffff, 0X10, 0x7c53, 0X1, 0x19aa, 0XA, 0x19ea, 0X1, 0xbe39, 0X1, 0xffff, 0X5, 0xef7d, 0X1, 0x3aad, 0X1, 0x19aa, 0X7, 0x2a4c, 0X1, 0xdf1c, 0X1, 0xffff, 0XA, 0x7c53, 0X1, 0x19aa, 0X2, 0x5b70, 0X1, 0xffdf, 0X1, 0xffff, 0X7, 0xf79e, 0X1, 0xffff, 0XD, 0xce9a, 0X1, 0x8493, 0X1, 0x21eb, 0X1, 0x19aa, 0X6, 0x198a, 0X1, 0x0000, 0X9, 0x19aa, 0X4, 0x4aaa, 0X1, 0xfdeb, 0X16, 0xfe0c, 0X1, 0xff7a, 0X1,
0xffff, 0XF, 0xf7be, 0X1, 0x324c, 0X1, 0x19aa, 0X3, 0x324c, 0X1, 0x4b2f, 0X1, 0x6bd1, 0X1, 0x19ca, 0X1, 0x19aa, 0X3, 0x21ea, 0X1, 0xbe39, 0X1, 0xffff, 0X5, 0xef7d, 0X1, 0x3aad, 0X1, 0x19aa, 0X5, 0x2a4c, 0X1, 0xdefc, 0X1, 0xffff, 0XC, 0x7c73, 0X1, 0x5b70, 0X1, 0xffdf, 0X1, 0xffff, 0X7, 0xdf1c, 0X1, 0x326c, 0X1, 0x324c, 0X1, 0x5b90, 0X1, 0x7c73, 0X1, 0x9d56, 0X1, 0xbe19, 0X1, 0xdefc, 0X1, 0xf7be, 0X1, 0xf79e, 0X1, 0xdefc, 0X1, 0xc65a, 0X1, 0xad97, 0X1, 0x7412, 0X1, 0x2a2c, 0X1, 0x19aa, 0X8, 0x1168, 0X1, 0x0000, 0XA,
0x19aa, 0X5, 0xdd4b, 0X1, 0xfdeb, 0X16, 0xfe2d, 0X1, 0xffbd, 0X1, 0xffff, 0XF, 0xd6db, 0X1, 0xbe39, 0X1, 0xdefc, 0X1, 0xffdf, 0X1, 0xffff, 0X3, 0xbe39, 0X1, 0x21ea, 0X1, 0x19aa, 0X3, 0x19ea, 0X1, 0xbe39, 0X1, 0xffff, 0X5, 0xef7d, 0X1, 0x3aad, 0X1, 0x19aa, 0X4, 0x63d1, 0X1, 0xffff, 0XE, 0xffdf, 0X1, 0xffff, 0X7, 0xdf1c, 0X1, 0x324c, 0X1, 0x19aa, 0X14, 0x11aa, 0X1, 0x0000, 0XC, 0x1989, 0X1,
0x19aa, 0X4, 0x7b6a, 0X1, 0xfdeb, 0X17, 0xfe4f, 0X1, 0xfffe, 0X1, 0xffff, 0X16, 0xc65a, 0X1, 0x21eb, 0X1, 0x19aa, 0X3, 0x19ea, 0X1, 0xbe39, 0X1, 0xffff, 0X5, 0xef7d, 0X1, 0x3aad, 0X1, 0x19aa, 0X4, 0x7412, 0X1, 0xffff, 0X14, 0xdf1c, 0X1, 0x324c, 0X1, 0x19aa, 0X14, 0x000f, 0X1, 0x0000, 0XE, 0x19aa, 0X4, 0x21ea, 0X1, 0xf5ab, 0X1, 0xfdeb, 0X17, 0xfe70, 0X1, 0xffde, 0X1, 0xffff, 0X16, 0xc67a, 0X1, 0x21eb, 0X1, 0x19aa, 0X3, 0x19ea, 0X1, 0xbe39, 0X1, 0xffff, 0X5, 0xef7d, 0X1, 0x3aad, 0X1, 0x19aa, 0X4, 0x7412, 0X1, 0xffff, 0X12,
0xdf1c, 0X1, 0x324c, 0X1, 0x19aa, 0X13, 0x19eb, 0X1, 0x0000, 0X10, 0x19aa, 0X5, 0x9c0b, 0X1, 0xfdeb, 0X18, 0xfe4e, 0X1, 0xffbc, 0X1, 0xffff, 0X16, 0xce9a, 0X1, 0x220b, 0X1, 0x19aa, 0X3, 0x19ea, 0X1, 0xbe39, 0X1, 0xffff, 0X5, 0xef7d, 0X1, 0x3aad, 0X1, 0x19aa, 0X4, 0x7412, 0X1, 0xffff, 0X10, 0xdf1c, 0X1, 0x324c, 0X1, 0x19aa, 0X10, 0x11aa, 0X1, 0x01e7, 0X1, 0x0000, 0X14, 0x19aa, 0X4, 0x324a, 0X1, 0xfdeb, 0X19, 0xfe0c, 0X1, 0xff59, 0X1, 0xffff, 0X16, 0xcebb, 0X1, 0x2a0b, 0X1, 0x19aa, 0X3, 0x19ea, 0X1, 0xbe39, 0X1, 0xffff, 0X5, 0xef7d, 0X1, 0x3aad, 0X1, 0x19aa, 0X4, 0x7412, 0X1, 0xffff, 0XE, 0xdf1c, 0X1, 0x324c, 0X1, 0x19aa, 0X5, 0x0000, 0X22, 0x11a9, 0X1,
0x19aa, 0X4, 0xb4ab, 0X1, 0xfdeb, 0X8, 0xdd6b, 0X1, 0xc4eb, 0X1, 0xfdeb, 0X10, 0xfeb2, 0X1, 0xffbd, 0X1, 0xffff, 0X15, 0xd6db, 0X1, 0x2a2b, 0X1, 0x19aa, 0X3, 0x19ea, 0X1, 0xbe39, 0X1, 0xffff, 0X5, 0xef7d, 0X1, 0x3aad, 0X1, 0x19aa, 0X4, 0x7412, 0X1, 0xffff, 0XC, 0xdf1c, 0X1, 0x324c, 0X1, 0x19aa, 0X5, 0x0000, 0X24, 0x19aa, 0X4, 0x52ca, 0X1, 0xfdeb, 0X4, 0xe58b, 0X1, 0xac6b, 0X1, 0x734a, 0X1, 0x322a, 0X1, 0x19aa, 0X1, 0x19ca, 0X1, 0xd52b, 0X1, 0xfdeb, 0X10, 0xfe0c, 0X1, 0xfed4, 0X1, 0xffde, 0X1, 0xffff, 0X12, 0xff9b, 0X1, 0xfe50, 0X1, 0x52ca, 0X1, 0x19aa, 0X4, 0x19ea, 0X1, 0xbe39, 0X1, 0xffff, 0X5, 0xef7d, 0X1, 0x3aad, 0X1, 0x19aa, 0X4, 0x7412, 0X1,
0xffff, 0XA, 0xdf1c, 0X1, 0x324c, 0X1, 0x19aa, 0X5, 0x0000, 0X25, 0x11aa, 0X1, 0x19aa, 0X4, 0xc4eb, 0X1, 0xb48b, 0X1, 0x7b6a, 0X1, 0x3a4a, 0X1, 0x19aa, 0X6, 0x322a, 0X1, 0xed8b, 0X1, 0xfdeb, 0X11, 0xfe0c, 0X1, 0xfeb3, 0X1, 0xff59, 0X1, 0xffff, 0XD, 0xffbd, 0X1, 0xff17, 0X1, 0xfe70, 0X1, 0xfdeb, 0X1, 0x5aea, 0X1, 0x19aa, 0X6, 0x19ea, 0X1, 0xbe39, 0X1, 0xffff, 0X5, 0xef7d, 0X1, 0x3aad, 0X1, 0x19aa, 0X4, 0x7412, 0X1, 0xffff, 0X8, 0xdf1c, 0X1, 0x324c, 0X1, 0x19aa, 0X5, 0x0000, 0X26, 0x01e7, 0X1, 0x19aa, 0XF, 0x4aaa, 0X1,
0xf5cb, 0X1, 0xfdeb, 0X13, 0xfe0c, 0X1, 0xfe91, 0X1, 0xff16, 0X1, 0xff58, 0X1, 0xff7a, 0X1, 0xffbc, 0X1, 0xffde, 0X1, 0xffdd, 0X1, 0xff9b, 0X1, 0xff79, 0X1, 0xff37, 0X1, 0xfef5, 0X1, 0xfe4f, 0X1, 0xfdeb, 0X3, 0x5aea, 0X1, 0x19aa, 0X8, 0x19ea, 0X1, 0xbe39, 0X1, 0xffff, 0X5, 0xef7d, 0X1, 0x3aad, 0X1, 0x19aa, 0X4, 0x7412, 0X1, 0xffff, 0X6, 0xdf1c, 0X1, 0x324c, 0X1, 0x19aa, 0X5, 0x0000, 0X28, 0x11aa, 0X1, 0x19aa, 0XF, 0x630a, 0X1, 0xfdeb, 0X22, 0x5aea, 0X1, 0x19aa, 0X4, 0x2a4c, 0X1, 0x9536, 0X1, 0x19ca, 0X1, 0x19aa, 0X3,
0x19ea, 0X1, 0xbe39, 0X1, 0xffff, 0X5, 0xef7d, 0X1, 0x3aad, 0X1, 0x19aa, 0X4, 0x7412, 0X1, 0xffff, 0X4, 0xdf1c, 0X1, 0x324c, 0X1, 0x19aa, 0X5, 0x0000, 0X29, 0x1969, 0X1, 0x19aa, 0X10, 0x83aa, 0X1, 0xfdeb, 0X20, 0x5aea, 0X1, 0x19aa, 0X4, 0x2a4c, 0X1, 0xdefc, 0X1, 0xffff, 0X1, 0xb5f8, 0X1, 0x19ca, 0X1, 0x19aa, 0X3, 0x19ea, 0X1, 0xbe39, 0X1, 0xffff, 0X5, 0xef7d, 0X1, 0x3aad, 0X1, 0x19aa, 0X4, 0x7412, 0X1, 0xffff, 0X2, 0xdefc, 0X1, 0x324c, 0X1, 0x19aa, 0X5, 0x0000, 0X2B, 0x19aa, 0X7, 0x1969, 0X1, 0x0000, 0X3, 0x11c9, 0X1,
0x19aa, 0X5, 0x8beb, 0X1, 0xfdeb, 0X1D, 0xf5cb, 0X1, 0x5aea, 0X1, 0x19aa, 0X4, 0x324c, 0X1, 0xdf1c, 0X1, 0xffff, 0X3, 0xb5f8, 0X1, 0x19ca, 0X1, 0x19aa, 0X3, 0x19ea, 0X1, 0xbe39, 0X1, 0xffff, 0X5, 0xef7d, 0X1, 0x3aad, 0X1, 0x19aa, 0X4, 0x7412, 0X1, 0xdefc, 0X1, 0x2a4c, 0X1, 0x19aa, 0X5, 0x0000, 0X2C, 0x19aa, 0X3, 0x11aa, 0X1, 0x0000, 0X8, 0x11aa, 0X1, 0x19aa, 0X5, 0x52aa, 0X1, 0xdd6b, 0X1, 0xfdeb, 0X1A, 0xf5cb, 0X1, 0x5aea, 0X1, 0x19aa, 0X4, 0x324c, 0X1, 0xdf1c, 0X1, 0xffff, 0X5, 0xb5f8, 0X1, 0x19ca, 0X1, 0x19aa, 0X3, 0x19ea, 0X1, 0xbe39, 0X1, 0xffff, 0X5, 0xef7d, 0X1, 0x3aad, 0X1, 0x19aa, 0X4, 0x19ca, 0X1, 0x19aa, 0X5, 0x0000, 0X3A, 0x19aa, 0X6,
0x21ea, 0X1, 0x9c2b, 0X1, 0xfdeb, 0X18, 0xf5cb, 0X1, 0x5aea, 0X1, 0x19aa, 0X4, 0x324c, 0X1, 0xdf1c, 0X1, 0xffff, 0X7, 0xb5f8, 0X1, 0x19ca, 0X1, 0x19aa, 0X3, 0x19ea, 0X1, 0xbe39, 0X1, 0xffff, 0X5, 0xef7d, 0X1, 0x3aad, 0X1, 0x19aa, 0X8, 0x0000, 0X3C, 0x19aa, 0X7, 0x52ca, 0X1, 0xe56b, 0X1, 0xfdeb, 0X15, 0xf5cb, 0X1, 0x5aea, 0X1, 0x19aa, 0X4, 0x324c, 0X1, 0xdf1c, 0X1, 0xffff, 0X9, 0xb5f8, 0X1, 0x19ca, 0X1, 0x19aa, 0X3, 0x19ea, 0X1, 0xbe39, 0X1, 0xffff, 0X5, 0xef7d, 0X1, 0x3aad, 0X1, 0x19aa, 0X6, 0x0000, 0X3E, 0x11a9, 0X1,
0x19aa, 0X6, 0x21ea, 0X1, 0xb48b, 0X1, 0xfdeb, 0X13, 0xf5cb, 0X1, 0x5aea, 0X1, 0x19aa, 0X4, 0x324c, 0X1, 0xdf1c, 0X1, 0xffff, 0XB, 0xb5f8, 0X1, 0x19ca, 0X1, 0x19aa, 0X3, 0x19ea, 0X1, 0xbe39, 0X1, 0xffff, 0X5, 0xef7d, 0X1, 0x3aad, 0X1, 0x19aa, 0X5, 0x000f, 0X1, 0x0000, 0X3E, 0x11a9, 0X1, 0x19aa, 0X6, 0x83ca, 0X1, 0xfdeb, 0X12, 0xf5cb, 0X1, 0x5aea, 0X1, 0x19aa, 0X4, 0x324c, 0X1, 0xdf1c, 0X1, 0xffff, 0XD, 0xb5f8, 0X1, 0x19ca, 0X1, 0x19aa, 0X3, 0x19ea, 0X1, 0xbe39, 0X1, 0xffff, 0X5, 0xef7d, 0X1, 0x3aad, 0X1, 0x19aa, 0X5,
0x000f, 0X1, 0x0000, 0X5, 0x19aa, 0X5, 0x0000, 0X34, 0x01e7, 0X1, 0x19aa, 0X5, 0xbcab, 0X1, 0xfdeb, 0X6, 0xd52b, 0X1, 0x9c2b, 0X1, 0x736a, 0X1, 0x630a, 0X1, 0x52ca, 0X1, 0x426a, 0X1, 0x52aa, 0X1, 0x6b4a, 0X1, 0x8bcb, 0X1, 0xac6b, 0X1, 0xcceb, 0X1, 0xe56b, 0X1, 0x5aea, 0X1, 0x19aa, 0X4, 0x324c, 0X1, 0xdf1c, 0X1, 0xffff, 0XF, 0xb5f8, 0X1, 0x19ca, 0X1, 0x19aa, 0X3, 0x19ea, 0X1, 0xbe39, 0X1, 0xffff, 0X5, 0xef7d, 0X1, 0x3aad, 0X1, 0x19aa, 0X5, 0x000f, 0X1, 0x0000, 0X2, 0x000f, 0X1, 0x19aa, 0X7, 0x0000, 0X34, 0x11a9, 0X1,
0x19aa, 0X4, 0xedab, 0X1, 0xfdeb, 0X3, 0xb48b, 0X1, 0x5aea, 0X1, 0x21ca, 0X1, 0x19aa, 0X10, 0x324c, 0X1, 0xdf1c, 0X1, 0xffff, 0X11, 0xb5f8, 0X1, 0x19ca, 0X1, 0x19aa, 0X3, 0x19ea, 0X1, 0xbe39, 0X1, 0xffff, 0X5, 0xef7d, 0X1, 0x3aad, 0X1, 0x19aa, 0X5, 0x000f, 0X1, 0x0000, 0X1, 0x19aa, 0X9, 0x0000, 0X33, 0x19aa, 0X4, 0x3a4a, 0X1, 0xfdeb, 0X1, 0xedab, 0X1, 0x83aa, 0X1, 0x2a0a, 0X1, 0x19aa, 0X12, 0x324c, 0X1, 0xdf1c, 0X1, 0xffff, 0X13, 0xb5f8, 0X1, 0x19ca, 0X1, 0x19aa, 0X3, 0x19ea, 0X1, 0xbe39, 0X1, 0xffff, 0X5, 0xef7d, 0X1, 0x3aad, 0X1, 0x19aa, 0XF, 0x0000, 0X33, 0x19aa, 0X4, 0x632a, 0X1, 0x9c2b, 0X1, 0x2a0a, 0X1, 0x19aa, 0X13, 0x324c, 0X1, 0xdf1c, 0X1,
0xffff, 0X15, 0xb5f8, 0X1, 0x19ca, 0X1, 0x19aa, 0X3, 0x19ea, 0X1, 0xbe39, 0X1, 0xffff, 0X5, 0xef7d, 0X1, 0x3aad, 0X1, 0x19aa, 0X8, 0x29ca, 0X1, 0x6a2a, 0X1, 0x19aa, 0X4, 0x0000, 0X33, 0x19aa, 0X4, 0x19ca, 0X1, 0x19aa, 0X8, 0x21ea, 0X1, 0x3a8d, 0X1, 0x534f, 0X1, 0x6bf1, 0X1, 0x7c73, 0X1, 0x6bf1, 0X1, 0x4b2f, 0X1, 0x2a4c, 0X1, 0x19aa, 0X4, 0x324c, 0X1, 0xdf1c, 0X1, 0xffff, 0X7, 0xdf1c, 0X1, 0x6bf2, 0X1, 0xf7bf, 0X1, 0xffff, 0XC, 0xdefc, 0X1, 0x2a2b, 0X1, 0x19aa, 0X4, 0x19ea, 0X1, 0xbe39, 0X1, 0xffff, 0X5, 0xef7d, 0X1,
0x3aad, 0X1, 0x19aa, 0X6, 0x29ca, 0X1, 0xcaca, 0X2, 0x19aa, 0X4, 0x0000, 0X32, 0x11ca, 0X1, 0x19aa, 0XA, 0x324c, 0X1, 0x7432, 0X1, 0xbe39, 0X1, 0xffdf, 0X1, 0xffff, 0X7, 0xf7df, 0X1, 0xdefc, 0X1, 0xbe19, 0X1, 0x7c53, 0X1, 0xdf1c, 0X1, 0xffff, 0X7, 0xe73d, 0X1, 0x326c, 0X1, 0x19aa, 0X1, 0x534f, 0X1, 0xf7bf, 0X1, 0xffff, 0XA, 0xdefc, 0X1, 0x2a4c, 0X1, 0x19aa, 0X6, 0x19ea, 0X1, 0xbe39, 0X1, 0xffff, 0X5, 0xef7d, 0X1, 0x2a2b, 0X1, 0x19aa, 0X4, 0x29ca, 0X1, 0xcaca, 0X1, 0xf30a, 0X1, 0xcaca, 0X1, 0x19aa, 0X4, 0x0000, 0X32, 0x19a9, 0X1, 0x19aa, 0X8, 0x42ce, 0X1, 0xbe39, 0X1, 0xffff, 0X16, 0xe73d, 0X1, 0x326c, 0X1, 0x19aa, 0X3, 0x534f, 0X1, 0xf7df, 0X1,
0xffff, 0X8, 0xd6fc, 0X1, 0x2a2b, 0X1, 0x19aa, 0X8, 0x19ea, 0X1, 0xbe39, 0X1, 0xffff, 0X4, 0x8cd5, 0X1, 0x19aa, 0X4, 0x29ca, 0X1, 0xcaca, 0X1, 0xf30a, 0X2, 0xd2ca, 0X1, 0x19aa, 0X4, 0x0000, 0X32, 0x19aa, 0X7, 0x326c, 0X1, 0xadb8, 0X1, 0xffff, 0X18, 0xef9e, 0X1, 0x42ee, 0X1, 0x19aa, 0X3, 0x6bf2, 0X1, 0xffff, 0X8, 0xd6dc, 0X1, 0x2a2b, 0X1, 0x19aa, 0X4, 0x19ca, 0X1, 0x19a9, 0X1, 0x19aa, 0X4, 0x19ea, 0X1, 0xbe39, 0X1, 0xffff, 0X2, 0x8cd5, 0X1, 0x19aa, 0X4, 0x29ca, 0X1, 0xcaca, 0X1, 0xf30a, 0X3, 0xe2ea, 0X1, 0x19aa, 0X4,
0x0000, 0X32, 0x19aa, 0X6, 0x63b1, 0X1, 0xf7be, 0X1, 0xffff, 0X1A, 0xef9e, 0X1, 0x42ee, 0X1, 0x19aa, 0X1, 0x6c12, 0X1, 0xffff, 0X8, 0xd6db, 0X1, 0x2a2b, 0X1, 0x19aa, 0X4, 0x19ca, 0X1, 0x0000, 0X2, 0x19aa, 0X5, 0x19ea, 0X1, 0xbe39, 0X1, 0x8cd5, 0X1, 0x19aa, 0X4, 0x29ca, 0X1, 0xcaca, 0X1, 0xf30a, 0X5, 0x29ca, 0X1, 0x19aa, 0X4, 0x0000, 0X30, 0x198a, 0X1, 0x19aa, 0X5, 0x8cb4, 0X1, 0xffff, 0X1D, 0xef9e, 0X1, 0x8cf5, 0X1, 0xffff, 0X8, 0xd6db, 0X1, 0x2a2b, 0X1, 0x19aa, 0X5, 0x0000, 0X4, 0x19aa, 0X5, 0x19ca, 0X1, 0x19aa, 0X4, 0x29ca, 0X1, 0xcaca, 0X1, 0xf30a, 0X6, 0x520a, 0X1, 0x19aa, 0X4, 0x0000, 0X2F, 0x02aa, 0X1, 0x19aa, 0X5, 0xadb7, 0X1, 0xffff, 0X27, 0xd6bb, 0X1, 0x2a0b, 0X1, 0x19aa, 0X5, 0x0000, 0X6, 0x19aa, 0X8, 0x29ca, 0X1, 0xcaca, 0X1, 0xf30a, 0X7, 0x7a4a, 0X1, 0x19aa, 0X4,
0x294a, 0X1, 0x0000, 0X2E, 0x19aa, 0X5, 0x8cd4, 0X1, 0xffff, 0X9, 0xffdf, 0X1, 0x6c12, 0X1, 0xdefc, 0X1, 0xffff, 0X1B, 0xcebb, 0X1, 0x220b, 0X1, 0x19aa, 0X5, 0x0000, 0X8, 0x19aa, 0X6, 0x29ca, 0X1, 0xcaca, 0X1, 0xf30a, 0X8, 0xdaca, 0X1, 0x21aa, 0X1, 0x19aa, 0X4, 0x0000, 0X2D, 0x19a9, 0X1, 0x19aa, 0X4, 0x5b90, 0X1, 0xffff, 0X9, 0xffdf, 0X1, 0x5b70, 0X1, 0x19aa, 0X1, 0x2a4c, 0X1, 0xdefc, 0X1, 0xffff, 0X19, 0xcebb, 0X1, 0x220b, 0X1, 0x19aa, 0X5, 0x0000, 0X8, 0x19aa, 0X6, 0x29ca, 0X1, 0xcaca, 0X1, 0xf30a, 0XA, 0x7a4a, 0X1, 0x19aa, 0X5, 0x118a, 0X1, 0x0000, 0X2A, 0x01e7, 0X1, 0x19aa, 0X4, 0x3aad, 0X1, 0xf79e, 0X1, 0xffff, 0X8, 0xffdf, 0X1, 0x5b70, 0X1,
0x19aa, 0X3, 0x2a4c, 0X1, 0xdefc, 0X1, 0xffff, 0X17, 0xce9b, 0X1, 0x220b, 0X1, 0x19aa, 0X5, 0x0000, 0X8, 0x19e9, 0X1, 0x19aa, 0X5, 0x29ca, 0X1, 0xcaca, 0X1, 0xf30a, 0XB, 0xe2ea, 0X1, 0x29ca, 0X1, 0x19aa, 0X8, 0x19a9, 0X1, 0x11ea, 0X1, 0x0000, 0X25, 0x19aa, 0X5, 0xc67a, 0X1, 0xffff, 0X8, 0xffdf, 0X1, 0x5b90, 0X1, 0x19aa, 0X5, 0x2a4c, 0X1, 0xdefc, 0X1, 0xffff, 0X15, 0xce9a, 0X1, 0x220b, 0X1, 0x19aa, 0X5, 0x0000, 0X9, 0x19aa, 0X5, 0x29ca, 0X1, 0xcaca, 0X1, 0xf30a, 0XD, 0xc2aa, 0X1, 0x29ca, 0X1, 0x19aa, 0X9, 0x118a, 0X1,
0x0000, 0X24, 0x19aa, 0X4, 0x4b2f, 0X1, 0xffff, 0X8, 0xffdf, 0X1, 0x5b90, 0X1, 0x19aa, 0X7, 0x2a4c, 0X1, 0xdefc, 0X1, 0xffff, 0X13, 0xce7a, 0X1, 0x21eb, 0X1, 0x19aa, 0X5, 0x0000, 0X9, 0x19aa, 0X5, 0x29ca, 0X1, 0xcaca, 0X1, 0xf30a, 0XF, 0xdaea, 0X1, 0x622a, 0X1, 0x19aa, 0X9, 0x19e9, 0X1, 0x0000, 0X22, 0x19ca, 0X1, 0x19aa, 0X4, 0xbe39, 0X1, 0xffff, 0X7, 0xffdf, 0X1, 0x5b90, 0X1, 0x19aa, 0X9, 0x2a4c, 0X1, 0xdefc, 0X1, 0xffff, 0X11, 0xc67a, 0X1, 0x21eb, 0X1, 0x19aa, 0X4, 0x118a, 0X1, 0x0000, 0XA, 0x19aa, 0X4, 0x29ca, 0X1, 0xcaca, 0X1, 0xf30a, 0X12, 0xa28a, 0X1, 0x29ca, 0X1, 0x19aa, 0X8, 0x1989, 0X1, 0x0000, 0X21, 0x19aa, 0X4, 0x42ee, 0X1, 0xffff, 0X7, 0xffdf, 0X1, 0x5b90, 0X1, 0x19aa, 0X5, 0x118a, 0X1, 0x19aa, 0X5, 0x2a4c, 0X1, 0xdefc, 0X1, 0xffff, 0XF, 0xd6db, 0X1, 0x21eb, 0X1,
0x19aa, 0X4, 0x118a, 0X1, 0x0000, 0XB, 0x19aa, 0X4, 0x5a0a, 0X1, 0xaa8a, 0X3, 0xc2aa, 0X1, 0xe2ea, 0X1, 0xf30a, 0XF, 0xeaea, 0X1, 0xbaaa, 0X1, 0x926a, 0X1, 0x622a, 0X1, 0x31ca, 0X1, 0x19aa, 0X5, 0x11a9, 0X1, 0x0000, 0X20, 0x19aa, 0X4, 0xa576, 0X1, 0xffff, 0X6, 0xffdf, 0X1, 0x5b90, 0X1, 0x19aa, 0X5, 0x118a, 0X1, 0x0000, 0X2, 0x19aa, 0X5, 0x2a4c, 0X1, 0xdefc, 0X1, 0xffff, 0XE, 0xdf1c, 0X1, 0x19aa, 0X4, 0x118a, 0X1, 0x0000, 0XC, 0x11aa, 0X1, 0x19aa, 0X9, 0x21ca, 0X1, 0x49ea, 0X1, 0xa28a, 0X1, 0xeb0a, 0X1, 0xf30a, 0XF,
0xeaea, 0X1, 0x520a, 0X1, 0x19aa, 0X5, 0x19c9, 0X1, 0x0000, 0X1E, 0x11ca, 0X1, 0x19aa, 0X4, 0xd6fc, 0X1, 0xffff, 0X5, 0xffdf, 0X1, 0x5b90, 0X1, 0x19aa, 0X5, 0x118a, 0X1, 0x0000, 0X4, 0x19aa, 0X5, 0x2a4c, 0X1, 0xdefc, 0X1, 0xffff, 0XE, 0x2a0b, 0X1, 0x19aa, 0X3, 0x11a9, 0X1, 0x0000, 0XD, 0x19aa, 0XC, 0x39ea, 0X1, 0xaa8a, 0X1, 0xf30a, 0XF, 0xeaea, 0X1, 0x520a, 0X1, 0x19aa, 0X5, 0x198a, 0X1, 0x0000, 0X1D, 0x19aa, 0X4, 0x220b, 0X1, 0xffff, 0X5, 0xffdf, 0X1, 0x5b90, 0X1, 0x19aa, 0X5, 0x118a, 0X1, 0x0000, 0X6, 0x19aa, 0X5, 0x2a4c, 0X1, 0xdefc, 0X1, 0xffff, 0XD, 0x4b2f, 0X1, 0x19aa, 0X3, 0x19a9, 0X1, 0x0000, 0XD, 0x19ca, 0X1, 0x19aa, 0XD, 0x8a6a, 0X1, 0xf30a, 0XF, 0xeaea, 0X1, 0x520a, 0X1, 0x19aa, 0X5, 0x11a9, 0X1, 0x0000, 0X1C, 0x19aa, 0X4, 0x5b70, 0X1, 0xffff, 0X4, 0xffdf, 0X1, 0x5b90, 0X1, 0x19aa, 0X5, 0x118a, 0X1, 0x0000, 0X8, 0x19aa, 0X5, 0x2a4c, 0X1, 0xdefc, 0X1, 0xffff, 0XC, 0x7432, 0X1, 0x19aa, 0X4,
0x0000, 0XF, 0x11a9, 0X1, 0x19aa, 0XC, 0xbaaa, 0X1, 0xf30a, 0XF, 0xeaea, 0X1, 0x520a, 0X1, 0x19aa, 0X6, 0x0000, 0X1B, 0x19aa, 0X4, 0x8cd4, 0X1, 0xffff, 0X3, 0xffdf, 0X1, 0x5b90, 0X1, 0x19aa, 0X5, 0x118a, 0X1, 0x0000, 0XA, 0x19aa, 0X5, 0x2a4c, 0X1, 0xdefc, 0X1, 0xffff, 0XB, 0x9d36, 0X1, 0x19aa, 0X4, 0x0000, 0X17, 0x19aa, 0X5, 0x39ea, 0X1, 0xeaea, 0X1, 0xf30a, 0XF, 0xeaea, 0X1, 0x520a, 0X1, 0x19aa, 0X6, 0x0000, 0X1A, 0x19aa, 0X4, 0x94f5, 0X1, 0xffff, 0X2, 0xffdf, 0X1, 0x5b90, 0X1, 0x19aa, 0X5, 0x1969, 0X1, 0x0000, 0XC, 0x19aa, 0X5, 0x2a4c, 0X1, 0xdefc, 0X1, 0xffff, 0XA, 0xbe39, 0X1, 0x19aa, 0X4, 0x0000, 0X18, 0x19eb, 0X1, 0x19aa, 0X4, 0x7a4a, 0X1,
0xf30a, 0X10, 0xeaea, 0X1, 0x520a, 0X1, 0x19aa, 0X6, 0x0000, 0X19, 0x19aa, 0X4, 0x8cf5, 0X1, 0xffff, 0X1, 0xffdf, 0X1, 0x5b90, 0X1, 0x19aa, 0X5, 0x1969, 0X1, 0x0000, 0XE, 0x19aa, 0X5, 0x2a4c, 0X1, 0xdefc, 0X1, 0xffff, 0X9, 0xd6db, 0X1, 0x19aa, 0X4, 0x0000, 0X19, 0x11a9, 0X1, 0x19aa, 0X4, 0xe2ea, 0X1, 0xf30a, 0X10, 0xeaea, 0X1, 0x520a, 0X1, 0x19aa, 0X5, 0x19ca, 0X1, 0x0000, 0X18, 0x19aa, 0X4, 0x8cd4, 0X1, 0xffdf, 0X1, 0x5b90, 0X1, 0x19aa, 0X5, 0x1969, 0X1, 0x0000, 0X10, 0x19aa, 0X5, 0x2a4c, 0X1, 0xdefc, 0X1, 0xffff, 0X8,
0xbe39, 0X1, 0x19aa, 0X4, 0x0000, 0X1A, 0x19aa, 0X4, 0xb2aa, 0X1, 0xf30a, 0X11, 0xeaea, 0X1, 0x520a, 0X1, 0x19aa, 0X5, 0x11a9, 0X1, 0x0000, 0X17, 0x19aa, 0X4, 0x8494, 0X1, 0x5b90, 0X1, 0x19aa, 0X5, 0x1969, 0X1, 0x0000, 0X12, 0x19aa, 0X5, 0x2a4c, 0X1, 0xdefc, 0X1, 0xffff, 0X7, 0xa577, 0X1, 0x19aa, 0X4, 0x0000, 0X1A, 0x19a9, 0X1, 0x19aa, 0X3, 0x8a6a, 0X1, 0xf30a, 0X12, 0xeaea, 0X1, 0x520a, 0X1, 0x19aa, 0X6, 0x0000, 0X16, 0x19aa, 0X4, 0x21ea, 0X1, 0x19aa, 0X5, 0x1969, 0X1, 0x0000, 0X14, 0x19aa, 0X5, 0x2a4c, 0X1, 0xdefc, 0X1,
0xffff, 0X6, 0x8cd4, 0X1, 0x19aa, 0X4, 0x0000, 0X1A, 0x11a9, 0X1, 0x19aa, 0X3, 0x5a0a, 0X1, 0xf30a, 0X13, 0xeaea, 0X1, 0x520a, 0X1, 0x19aa, 0X6, 0x0000, 0X15, 0x19aa, 0X9, 0x1969, 0X1, 0x0000, 0X16, 0x19aa, 0X5, 0x2a4c, 0X1, 0xe73d, 0X1, 0xffff, 0X5, 0x7412, 0X1, 0x19aa, 0X3, 0x11aa, 0X1, 0x0000, 0X1B, 0x19aa, 0X3, 0x21ca, 0X1, 0xcaca, 0X1, 0xf30a, 0X13, 0xeaea, 0X1, 0x520a, 0X1, 0x19aa, 0X5, 0x11ca, 0X1, 0x0000, 0X14, 0x11a9, 0X1, 0x19aa, 0X7, 0x19e9, 0X1, 0x0000, 0X16, 0x19aa, 0X6, 0x5b70, 0X1, 0xffdf, 0X1, 0xffff, 0X5,
0x534f, 0X1, 0x19aa, 0X3, 0x02aa, 0X1, 0x0000, 0X1B, 0x19aa, 0X4, 0x29ca, 0X1, 0xcaca, 0X1, 0xf30a, 0X13, 0xeaea, 0X1, 0x520a, 0X1, 0x19aa, 0X5, 0x0000, 0X15, 0x19aa, 0X6, 0x19e9, 0X1, 0x0000, 0X16, 0x19aa, 0X6, 0x5b70, 0X1, 0xffdf, 0X1, 0xffff, 0X5, 0xef7e, 0X1, 0x19ca, 0X1, 0x19aa, 0X3, 0x0000, 0X1C, 0x198a, 0X1, 0x19aa, 0X4, 0x29ca, 0X1, 0xcaca, 0X1, 0xf30a, 0X13, 0xeaea, 0X1, 0x520a, 0X1, 0x19aa, 0X5, 0x0000, 0X14, 0x19aa, 0X5, 0x19e9, 0X1, 0x0000, 0X16, 0x19aa, 0X6, 0x5b90, 0X1, 0xffdf, 0X1, 0xffff, 0X6, 0x9d36, 0X1, 0x19aa, 0X4, 0x0000, 0X1D, 0x198a, 0X1, 0x19aa, 0X4, 0x29ca, 0X1, 0xcaca, 0X1, 0xf30a, 0X13, 0xdaea, 0X1, 0x29ca, 0X1, 0x19aa, 0X4,
0x118a, 0X1, 0x0000, 0X13, 0x19aa, 0X4, 0x19e9, 0X1, 0x0000, 0X16, 0x19aa, 0X6, 0x5b90, 0X1, 0xffdf, 0X1, 0xffff, 0X7, 0x3aad, 0X1, 0x19aa, 0X4, 0x0000, 0X1E, 0x198a, 0X1, 0x19aa, 0X4, 0x29ca, 0X1, 0xcaca, 0X1, 0xf30a, 0X13, 0xa28a, 0X1, 0x19aa, 0X4, 0x19a9, 0X1, 0x0000, 0X13, 0x118a, 0X1, 0x19aa, 0X2, 0x19e9, 0X1, 0x0000, 0X16, 0x19aa, 0X6, 0x5b90, 0X1, 0xffdf, 0X1, 0xffff, 0X7, 0xce9a, 0X1, 0x19aa, 0X4, 0x0000, 0X20, 0x198a, 0X1, 0x19aa, 0X4, 0x29ca, 0X1, 0xcaca, 0X1, 0xf30a, 0X13, 0x39ea, 0X1, 0x19aa, 0X4, 0x0000, 0X14,
0x19aa, 0X1, 0x19e9, 0X1, 0x0000, 0X16, 0x19aa, 0X6, 0x5b90, 0X1, 0xffdf, 0X1, 0xffff, 0X8, 0x6c12, 0X1, 0x19aa, 0X4, 0x0000, 0X21, 0x198a, 0X1, 0x19aa, 0X4, 0x29ca, 0X1, 0xcaca, 0X1, 0xf30a, 0X12, 0x622a, 0X1, 0x19aa, 0X4, 0x0000, 0X2B, 0x19aa, 0X6, 0x5b90, 0X1, 0xffdf, 0X1, 0xffff, 0X8, 0xbe39, 0X1, 0x19aa, 0X4, 0x294a, 0X1, 0x0000, 0X22, 0x198a, 0X1, 0x19aa, 0X4, 0x29ca, 0X1, 0xcaca, 0X1, 0xf30a, 0X11, 0x8a6a, 0X1, 0x19aa, 0X4, 0x0000, 0X2A, 0x19aa, 0X6, 0x5b90, 0X1, 0xffdf, 0X1, 0xffff, 0X8, 0xef5d, 0X1, 0x2a2c, 0X1, 0x19aa, 0X4, 0x0000, 0X24, 0x198a, 0X1, 0x19aa, 0X4, 0x29ca, 0X1, 0xcaca, 0X1, 0xf30a, 0X10, 0x8a6a, 0X1, 0x19aa, 0X4, 0x0000, 0X29, 0x19aa, 0X6, 0x5b90, 0X1, 0xffdf, 0X1, 0xffff, 0X9, 0x534f, 0X1, 0x19aa, 0X4, 0x1989, 0X1, 0x0000, 0X25, 0x198a, 0X1, 0x19aa, 0X4,
0x29ca, 0X1, 0xcaca, 0X1, 0xf30a, 0XF, 0x5a0a, 0X1, 0x19aa, 0X4, 0x0000, 0X28, 0x19aa, 0X6, 0x5b90, 0X1, 0xffdf, 0X1, 0xffff, 0X9, 0x8cf5, 0X1, 0x19aa, 0X4, 0x198a, 0X1, 0x0000, 0X27, 0x198a, 0X1, 0x19aa, 0X4, 0x29ca, 0X1, 0xc2ca, 0X1, 0xf30a, 0XD, 0xeb0a, 0X1, 0x29ca, 0X1, 0x19aa, 0X4, 0x0000, 0X27, 0x19aa, 0X6, 0x5b90, 0X1, 0xffdf, 0X1, 0xffff, 0X9, 0xa577, 0X1, 0x19ca, 0X1, 0x19aa, 0X4, 0x0000, 0X29, 0x198a, 0X1, 0x19aa, 0X4, 0x29ca, 0X1, 0xc2ca, 0X1, 0xf30a, 0XC, 0x8a6a, 0X1, 0x19aa, 0X4, 0x11c9, 0X1, 0x0000, 0X26, 0x19aa, 0X6, 0x5b90, 0X1, 0xffdf, 0X1, 0xffff, 0X9, 0x7c53, 0X1, 0x19aa, 0X5, 0x0000, 0X2B, 0x198a, 0X1, 0x19aa, 0X4, 0x29ca, 0X1,
0xc2ca, 0X1, 0xf30a, 0XA, 0xcaca, 0X1, 0x19aa, 0X5, 0x02aa, 0X1, 0x0000, 0X25, 0x19aa, 0X6, 0x5b90, 0X1, 0xffdf, 0X1, 0xffff, 0X8, 0xef5d, 0X1, 0x534f, 0X1, 0x19aa, 0X5, 0x294a, 0X1, 0x0000, 0X2C, 0x198a, 0X1, 0x19aa, 0X4, 0x21ca, 0X1, 0xa28a, 0X1, 0xf30a, 0X8, 0xbaaa, 0X1, 0x31ca, 0X1, 0x19aa, 0X5, 0x0000, 0X25, 0x19aa, 0X6, 0x5b90, 0X1, 0xffdf, 0X1, 0xffff, 0X7, 0xf7be, 0X1, 0x8cd4, 0X1, 0x21eb, 0X1, 0x19aa, 0X5, 0x1168, 0X1, 0x0000, 0X2E, 0x198a, 0X1, 0x19aa, 0X5, 0x520a, 0X1, 0xc2aa, 0X1, 0xeaea, 0X1, 0xf30a, 0X2, 0xeb0a, 0X1, 0xcaca, 0X1, 0x6a2a, 0X1, 0x19aa, 0X6, 0x0000, 0X25, 0x19aa, 0X6, 0x5b90, 0X1, 0xffdf, 0X1, 0xffff, 0X6, 0xef5d, 0X1,
0x9d36, 0X1, 0x2a2b, 0X1, 0x19aa, 0X6, 0x0000, 0X31, 0x198a, 0X1, 0x19aa, 0X7, 0x39ea, 0X1, 0x41ea, 0X1, 0x21aa, 0X1, 0x19aa, 0X7, 0x2129, 0X1, 0x0000, 0X24, 0x19aa, 0X6, 0x5b90, 0X1, 0xffdf, 0X1, 0xffff, 0X3, 0xef5d, 0X1, 0xce9b, 0X1, 0x8cf5, 0X1, 0x4b0e, 0X1, 0x19aa, 0X8, 0x0000, 0X33, 0x19c9, 0X1, 0x19aa, 0XF, 0x11ca, 0X1, 0x0000, 0X24, 0x19aa, 0X8, 0x2a2b, 0X1, 0x3aad, 0X1, 0x324c, 0X1, 0x19ca, 0X1, 0x19aa, 0XA, 0x19c9, 0X1, 0x0000, 0X36, 0x19aa, 0XC, 0x11aa, 0X1, 0x0000, 0X25, 0x19aa, 0X16, 0x0000, 0X39, 0x118a, 0X1, 0x19aa, 0X9, 0x198a, 0X1, 0x0000, 0X26, 0x118a, 0X1, 0x19aa, 0X12, 0x19a9, 0X1, 0x0000, 0X3E, 0x018c, 0X1, 0x19ca, 0X1, 0x19aa, 0X2, 0x0000, 0X2D, 0x02aa, 0X1, 0x19aa, 0XD, 0x0000, 0X50
};

static const uint16_t lcd_game[1840] = {
0x0000, 0XBA2, 0xfaaa, 0X1, 0xf20b, 0X1, 0xf22b, 0X4, 0xf20b, 0X1, 0xf22c, 0X1, 0xfa10, 0X1, 0x0000, 0X2A, 0xfa0c, 0X1, 0xf20b, 0X1, 0xfa2b, 0X4, 0xf22b, 0X2, 0xf22c, 0X1, 0x0000, 0X41, 0xf20b, 0X1, 0xf22b, 0X1, 0xfa4c, 0X1, 0xfa6c, 0X9, 0xfa4c, 0X1, 0xf22b, 0X1, 0xfa0c, 0X1, 0x0000, 0X24, 0xfa6c, 0X1, 0xf22b, 0X1, 0xfa4c, 0X1, 0xfa6c, 0X9, 0xfa4c, 0X1, 0xfa2b, 0X1, 0xf22c, 0X1, 0x0000, 0X3B, 0xf800, 0X1, 0xf22b, 0X1, 0xfa4c, 0X1, 0xfa6c, 0XE, 0xfa4c, 0X1, 0xf22b, 0X1, 0xfa10, 0X1, 0x0000, 0X20, 0xfa10, 0X1, 0xf22b, 0X1, 0xfa6c, 0XF, 0xfa4c, 0X1, 0xf22b, 0X1, 0x0000, 0X38, 0xf20b, 0X1, 0xfa4c, 0X1, 0xfa6c, 0X12, 0xfa4c, 0X1, 0xf22b, 0X1, 0x0000, 0X1E, 0xf22b, 0X1, 0xfa4c, 0X1, 0xfa6c, 0X12, 0xfa4c, 0X1, 0xf22b, 0X1, 0x0000, 0X34, 0xe9ab, 0X1, 0xfa2b, 0X1, 0xfa6c, 0X16, 0xf22b, 0X1, 0x0000, 0X1C, 0xfa2b, 0X1, 0xfa6c, 0X16, 0xfa2b, 0X1, 0xfa10, 0X1, 0x0000, 0X31, 0xf24b, 0X1, 0xfa4c, 0X1, 0xfa6c, 0X18, 0xf22b, 0X1, 0x0000, 0X1A, 0xf22b, 0X1, 0xfa6c, 0X18, 0xfa4c, 0X1, 0xf20b, 0X1, 0x0000, 0X2F, 0xf20b, 0X1, 0xfa4c, 0X1, 0xfa6c, 0X1A, 0xfa2b, 0X1, 0xf800, 0X1, 0x0000, 0X16, 0xf800, 0X1, 0xf22b, 0X1, 0xfa6c, 0X1B, 0xf20b, 0X1, 0x0000, 0X2D, 0xe9aa, 0X1, 0xfa4c, 0X1, 0xfa6c, 0X1C, 0xfa4b, 0X1, 0xf20b, 0X1, 0x0000, 0X14, 0xf20b, 0X1, 0xfa4c, 0X1, 0xfa6c, 0X1D, 0xf22b, 0X1, 0x0000, 0X2B, 0xe9aa, 0X1, 0xf20b, 0X1, 0xfa6c, 0X1F,
0xf22b, 0X1, 0xf20b, 0X1, 0x0000, 0X10, 0xf20b, 0X1, 0xfa2b, 0X1, 0xfa6c, 0X20, 0xf22b, 0X1, 0x0000, 0X29, 0xe98a, 0X1, 0xe9ea, 0X1, 0xfa6c, 0X22, 0xfa4b, 0X1, 0xf22b, 0X1, 0xf26c, 0X1, 0x0000, 0XA, 0xf26c, 0X1, 0xf22b, 0X1, 0xfa4b, 0X1, 0xfa6c, 0X23, 0xf22b, 0X1, 0x0000, 0X27, 0xe98a, 0X1, 0xe9aa, 0X1, 0xfa4c, 0X1, 0xfa6c, 0X26, 0xfa4c, 0X8, 0xfa6c, 0X28, 0xf22b, 0X1, 0x0000, 0X25, 0xe9c9, 0X1, 0xe9aa, 0X1, 0xf20b, 0X1, 0xfa6c, 0X58, 0xf20b, 0X1, 0x0000, 0X23, 0xf800, 0X1, 0xe9aa, 0X1, 0xe9ca, 0X1, 0xfa6c, 0X59, 0xfa4c, 0X1, 0xf1cb, 0X1, 0x0000, 0X22, 0xe9aa, 0X2, 0xfa4c, 0X1, 0xfa6c, 0X5A, 0xfa4c, 0X1, 0x0000, 0X21, 0xe9aa, 0X2, 0xf1eb, 0X1, 0xfa6c, 0X5C, 0xfa2b, 0X1, 0x0000, 0X1F, 0xe18a, 0X1, 0xe9aa, 0X2, 0xfa4c, 0X1, 0xfa6c, 0X5D, 0xf20b, 0X1, 0x0000, 0X1E, 0xe9aa, 0X2, 0xf20b, 0X1, 0xfa6c, 0X5E, 0xfa4c, 0X1, 0x0000, 0X1D, 0xe9aa, 0X3, 0xfa6c, 0X60, 0xf22b, 0X1, 0x0000, 0X1B, 0xe96b, 0X1, 0xe9aa, 0X2, 0xf20b, 0X1, 0xfa6c, 0X61, 0xf1cb, 0X1, 0x0000, 0X1A, 0xe9aa, 0X3, 0xfa4c, 0X1, 0xfa6c, 0X61, 0xfa2b, 0X1, 0x0000, 0X19, 0xe9ca, 0X1, 0xe9aa, 0X2, 0xf1eb, 0X1, 0xfa6c, 0X63, 0xf22b, 0X1, 0x0000, 0X18, 0xe9aa, 0X3, 0xfa2b, 0X1, 0xfa6c, 0X63, 0xfa4b, 0X1, 0x0000, 0X17, 0xe9aa, 0X3, 0xe9ca, 0X1, 0xfa6c, 0X65, 0xf22b, 0X1, 0x0000, 0X16, 0xe9aa, 0X3, 0xf20b, 0X1, 0xfa6c, 0X65, 0xf22b, 0X1, 0x0000, 0X15, 0xe9cb, 0X1, 0xe9aa,
0X3, 0xfa4c, 0X1, 0xfa6c, 0X66, 0xf22c, 0X1, 0x0000, 0X14, 0xe9aa, 0X3, 0xe9ca, 0X1, 0xfa6c, 0X42, 0xfacd, 0X1, 0xfd36, 0X1, 0xfefc, 0X1, 0xffbf, 0X2, 0xfefc, 0X1, 0xfd36, 0X1, 0xfacd, 0X1, 0xfa6c, 0X1D, 0xf22b, 0X1, 0x0000, 0X13, 0xe1ca, 0X1, 0xe9aa, 0X3, 0xf20b, 0X1, 0xfa6c, 0X15, 0xfbb0, 0X1, 0xfd76, 0X1, 0xfdf8, 0X1, 0xfd15, 0X1, 0xfaee, 0X1, 0xfa6c, 0X27, 0xfbd1, 0X1, 0xff9e, 0X1, 0xffff, 0X6, 0xff9e, 0X1, 0xfbd1, 0X1, 0xfa6c, 0X1C, 0xfa4c, 0X1, 0x0000, 0X13, 0xe9aa, 0X4, 0xfa2b, 0X1, 0xfa6c, 0X14, 0xfd76, 0X1, 0xffff, 0X4, 0xff9e, 0X1, 0xfbf1, 0X1, 0xfa6c, 0X25, 0xfbb0, 0X1, 0xffdf, 0X1, 0xffff, 0X8, 0xffdf, 0X1, 0xfb90, 0X1, 0xfa6c, 0X1C, 0xf20b, 0X1, 0x0000, 0X12, 0xe9aa, 0X4, 0xfa6c, 0X14, 0xfbf1, 0X1, 0xffff, 0X6, 0xff7d, 0X1, 0xfa8d, 0X1, 0xfa6c, 0X23, 0xfa8c, 0X1, 0xff1c, 0X1, 0xffff, 0XA, 0xff1c, 0X1, 0xfa8c, 0X1, 0xfa6c, 0X1B, 0xfa2b, 0X1, 0x0000, 0X11, 0xf1ca, 0X1, 0xe9aa, 0X3, 0xe9eb, 0X1, 0xfa6c, 0X14, 0xfdb7, 0X1, 0xffff, 0X7, 0xfbd1, 0X1, 0xfa6c, 0X23, 0xfc12, 0X1, 0xffff, 0XC, 0xfbf1, 0X1, 0xfa6c, 0X1D, 0x0000, 0X10, 0xe9aa, 0X4, 0xf20b, 0X1, 0xfa6c, 0X14, 0xfe39, 0X1, 0xffff, 0X7, 0xfc52, 0X1, 0xfa6c, 0X23, 0xfd77, 0X1, 0xffff, 0XC, 0xfd76, 0X1, 0xfa6c, 0X1C, 0xf22b, 0X1, 0x0000, 0X10, 0xe9aa, 0X4, 0xfa2b, 0X1, 0xfa6c, 0X14, 0xfe39, 0X1, 0xffff, 0X7, 0xfc53, 0X1, 0xfa6c, 0X23, 0xfe19, 0X1, 0xffff, 0XC,
0xfdf8, 0X1, 0xfa6c, 0X1C, 0xfa4b, 0X1, 0x0000, 0XF, 0xfaaa, 0X1, 0xe9aa, 0X4, 0xfa6c, 0X15, 0xfe39, 0X1, 0xffff, 0X7, 0xfc53, 0X1, 0xfa6c, 0X23, 0xfdb7, 0X1, 0xffff, 0XC, 0xfdb7, 0X1, 0xfa6c, 0X1D, 0xf800, 0X1, 0x0000, 0XE, 0xe9aa, 0X4, 0xe9ca, 0X1, 0xfa6c, 0X15, 0xfe39, 0X1, 0xffff, 0X7, 0xfc53, 0X1, 0xfa6c, 0X23, 0xfc94, 0X1, 0xffff, 0XC, 0xfc93, 0X1, 0xfa6c, 0X1D, 0xf22b, 0X1, 0x0000, 0XE, 0xe9aa, 0X4, 0xf1eb, 0X1, 0xfa6c, 0XF, 0xfbf1, 0X1,
0xfd97, 0X1, 0xfe39, 0X4, 0xff5d, 0X1, 0xffff, 0X7, 0xfedb, 0X1, 0xfe39, 0X3, 0xfe19, 0X1, 0xfd36, 0X1, 0xfb2e, 0X1, 0xfa6c, 0X1D, 0xfacd, 0X1, 0xffbe, 0X1, 0xffff, 0XA, 0xffbe, 0X1, 0xfacd, 0X1, 0xfa6c, 0X1D, 0xfa2b, 0X1, 0x0000, 0XE, 0xe9aa, 0X4, 0xf20b, 0X1, 0xfa6c, 0XE, 0xfd76, 0X1, 0xffff, 0X14, 0xffbf, 0X1, 0xfbd1, 0X1, 0xfa6c, 0X1D, 0xfcd4, 0X1, 0xffff, 0XA, 0xfcb4, 0X1, 0xfa6c, 0X1E, 0xfa4c, 0X1, 0x0000, 0XD, 0xfa08, 0X1, 0xe9aa, 0X4, 0xfa4b, 0X1, 0xfa6c, 0XD, 0xfbb0, 0X1, 0xffff, 0X16, 0xff3c, 0X1, 0xfa8c, 0X1, 0xfa6c, 0X1D, 0xfd77, 0X1, 0xffff, 0X8, 0xfd76, 0X1, 0xfa6c, 0X20, 0xfa10, 0X1, 0x0000, 0XC, 0xe9aa, 0X5, 0xfa4c, 0X1, 0xfa6c, 0XD, 0xfd76, 0X1, 0xffff, 0X17, 0xfb90, 0X1, 0xfa6c, 0X1E, 0xfc32, 0X1, 0xfefc, 0X1, 0xffff, 0X4, 0xfefc, 0X1, 0xfc12, 0X1, 0xfa6c, 0X21, 0xfa2b, 0X1, 0x0000, 0XC, 0xe9aa, 0X5, 0xfa6c, 0XE, 0xfdf8, 0X1, 0xffff, 0X17, 0xfc12, 0X1, 0xfa6c, 0X20, 0xfb2f, 0X1, 0xfc12, 0X2, 0xfb2f, 0X1, 0xfa6c, 0X8, 0xfacd, 0X1, 0xfc94, 0X1, 0xfdb7, 0X1, 0xfe19, 0X1, 0xfd77, 0X1, 0xfc11, 0X1, 0xfa8c, 0X1, 0xfa6c, 0X14, 0xf22b, 0X1, 0x0000, 0XC, 0xe9aa, 0X4, 0xe9ca, 0X1, 0xfa6c, 0XE, 0xfd15, 0X1, 0xffff, 0X17, 0xfb2e, 0X1, 0xfa6c, 0X2B, 0xfcd4, 0X1, 0xffbe, 0X1, 0xffff, 0X5, 0xff1c, 0X1, 0xfb90, 0X1, 0xfa6c, 0X13, 0xfa4b, 0X1, 0x0000, 0XC, 0xe9aa, 0X4, 0xe9ca, 0X1, 0xfa6c, 0XE, 0xfacd, 0X1, 0xff9e, 0X1,
0xffff, 0X15, 0xfe39, 0X1, 0xfa6c, 0X2B, 0xfd97, 0X1, 0xffff, 0X8, 0xffdf, 0X1, 0xfbd1, 0X1, 0xfa6c, 0X12, 0xfa4c, 0X1, 0x0000, 0XB, 0xf810, 0X1, 0xe9aa, 0X4, 0xf1eb, 0X1, 0xfa6c, 0XF, 0xfbf1, 0X1, 0xff7d, 0X1, 0xffff, 0X13, 0xfe9a, 0X1, 0xfaee, 0X1, 0xfa6c, 0X2A, 0xfc32, 0X1, 0xffff, 0XA, 0xff9e, 0X1, 0xfacd, 0X1, 0xfa6c, 0X12, 0x0000, 0XB, 0xe98a, 0X1, 0xe9aa, 0X4, 0xf1eb, 0X1, 0xfa6c, 0X10, 0xfa8d, 0X1, 0xfbd1, 0X1, 0xfc53, 0X4, 0xfedb, 0X1, 0xffff, 0X7, 0xfd97, 0X1, 0xfc53, 0X3, 0xfc32, 0X1, 0xfb6f, 0X1, 0xfa6c, 0X2C, 0xff1c, 0X1, 0xffff, 0XB, 0xfd35, 0X1, 0xfa6c, 0X12, 0xf22b, 0X1, 0x0000, 0XA, 0xe9aa, 0X5, 0xf1eb, 0X1, 0xfa6c, 0X16, 0xfe39, 0X1, 0xffff, 0X7, 0xfc53, 0X1, 0xfa6c, 0X30, 0xfb4f, 0X1, 0xffff, 0XC, 0xfefc, 0X1, 0xfa6c, 0X12, 0xf22b, 0X1, 0x0000, 0XA, 0xe9aa, 0X5, 0xf20b, 0X1, 0xfa6c, 0X16, 0xfe39, 0X1, 0xffff, 0X7, 0xfc53, 0X1, 0xfa6c, 0X30, 0xfc12, 0X1, 0xffff, 0XC, 0xffbf, 0X1, 0xfa6c, 0X12, 0xfa2b, 0X1, 0x0000, 0XA, 0xe9aa, 0X5, 0xf20b, 0X1, 0xfa6c, 0X16, 0xfe39, 0X1, 0xffff, 0X7, 0xfc53, 0X1, 0xfa6c, 0X30, 0xfc12, 0X1, 0xffff, 0XC, 0xffbe, 0X1, 0xfa6c, 0X12, 0xf22b, 0X1, 0x0000, 0XA, 0xe9aa, 0X5, 0xf20b, 0X1, 0xfa6c, 0X16, 0xfe19, 0X1, 0xffff, 0X7, 0xfc32, 0X1, 0xfa6c, 0X30, 0xfb4f, 0X1, 0xffff, 0XC, 0xfefc, 0X1, 0xfa6c, 0X12, 0xfa2b, 0X1, 0x0000, 0XA, 0xe9aa, 0X5, 0xf20b, 0X1, 0xfa6c, 0X16, 0xfd15, 0X1, 0xffff, 0X7, 0xfb2f, 0X1, 0xfa6c, 0X31, 0xff1c, 0X1, 0xffff, 0XB, 0xfd35, 0X1,
0xfa6c, 0X12, 0xfa2b, 0X1, 0x0000, 0XA, 0xe9aa, 0X5, 0xf1eb, 0X1, 0xfa6c, 0X16, 0xfaee, 0X1, 0xff9e, 0X1, 0xffff, 0X5, 0xfdd8, 0X1, 0xfa6c, 0X32, 0xfc32, 0X1, 0xffff, 0XA, 0xff7e, 0X1, 0xfacd, 0X1, 0xfa6c, 0X12, 0xfa4b, 0X1, 0x0000, 0XA, 0xe9aa, 0X5, 0xf1eb, 0X1, 0xfa6c, 0X17, 0xfb6f, 0X1, 0xfefc, 0X1, 0xffff, 0X3, 0xfdd8, 0X1, 0xfaad, 0X1, 0xfa6c, 0X33, 0xfd77, 0X1, 0xffff, 0X8, 0xffdf, 0X1, 0xfbd1, 0X1, 0xfa6c, 0X13, 0xfa4c, 0X1, 0x0000, 0XA, 0xe9aa, 0X5, 0xe9eb, 0X1, 0xfa6c, 0X18, 0xfa8c, 0X1, 0xfbb0, 0X1, 0xfc32, 0X1, 0xfb2f, 0X1, 0xfa6c, 0X36, 0xfcd4, 0X1, 0xffbe, 0X1, 0xffff, 0X5, 0xfefc, 0X1, 0xfb90, 0X1, 0xfa6c, 0X14, 0xfa4c, 0X1, 0x0000, 0XA, 0xe9aa, 0X5, 0xe9ca, 0X1, 0xfa6c, 0X53, 0xfacd, 0X1, 0xfc93, 0X1, 0xfdb7, 0X1, 0xfe19, 0X1, 0xfd76, 0X1, 0xfbf1, 0X1, 0xfa8c, 0X1, 0xfa6c, 0X15, 0xfa4c, 0X1, 0x0000, 0XA, 0xe9aa, 0X6, 0xfa6c, 0X6F, 0xfa4c, 0X1, 0x0000, 0XA, 0xe9aa, 0X6, 0xfa6c, 0X6F, 0xfa4c, 0X1, 0x0000, 0XA, 0xe9aa, 0X6, 0xfa4c, 0X1, 0xfa6c, 0X6E, 0xfa4c, 0X1, 0x0000, 0XA, 0xe9aa, 0X6, 0xf22b, 0X1, 0xfa6c, 0X32, 0xfa4c, 0X1, 0xfa4b, 0X1, 0xfa2b, 0XB, 0xfa4c, 0X1, 0xfa6c, 0X2E, 0xfa4b, 0X1, 0x0000, 0XA, 0xe9aa, 0X6, 0xf1eb, 0X1, 0xfa6c, 0X2F, 0xfa2b, 0X1, 0xf1eb, 0X1, 0xe9aa, 0X10, 0xe9ca, 0X1, 0xf20b, 0X1, 0xfa4c, 0X1, 0xfa6c, 0X2A, 0xf24b, 0X1, 0x0000, 0XA, 0xe9aa, 0X6, 0xe9ca, 0X1, 0xfa6c, 0X2D, 0xf22b,
0X1, 0xe9ca, 0X1, 0xe9aa, 0X15, 0xe9eb, 0X1, 0xfa4c, 0X1, 0xfa6c, 0X28, 0xf22b, 0X1, 0x0000, 0XA, 0xe9aa, 0X7, 0xfa6c, 0X2C, 0xe9eb, 0X1, 0xe9aa, 0X19, 0xf20b, 0X1, 0xfa6c, 0X27, 0xf22b, 0X1, 0x0000, 0XA, 0xe9aa, 0X7, 0xf22b, 0X1, 0xfa6c, 0X29, 0xfa4c, 0X1, 0xe9ca, 0X1, 0xe9aa, 0X1B, 0xf1eb, 0X1, 0xfa6c, 0X26, 0xf20b, 0X1, 0x0000, 0XA, 0xf810, 0X1, 0xe9aa, 0X6, 0xf1eb, 0X1, 0xfa6c, 0X29, 0xe9ca, 0X1, 0xe9aa, 0X1D, 0xf1eb, 0X1, 0xfa6c, 0X25, 0x0000, 0XC, 0xe9aa, 0X7, 0xfa6c, 0X28, 0xe9cb, 0X1, 0xe9aa, 0X3, 0xe1cb, 0X1, 0xe9ab, 0X1, 0x0000, 0XA, 0xe9c9, 0X1, 0xe1ca, 0X1, 0xe9ca, 0X1, 0xe9aa, 0XD, 0xf20b, 0X1, 0xfa6c, 0X23, 0xfa4c, 0X1, 0x0000, 0XC, 0xe9aa, 0X7, 0xf22b, 0X1, 0xfa6c, 0X26, 0xf20b, 0X1, 0xe9aa, 0X1, 0xf800, 0X1, 0x0000, 0X12, 0xf800, 0X1, 0xe9aa, 0XC, 0xfa4c, 0X1, 0xfa6c, 0X22, 0xfa2b, 0X1, 0x0000, 0XC, 0xe9aa, 0X7, 0xe9ca, 0X1, 0xfa6c, 0X25, 0xfa2b, 0X1, 0xf800, 0X1, 0x0000, 0X16, 0xf800, 0X1, 0xe9aa, 0XA, 0xe9ca, 0X1, 0xfa6c, 0X22, 0xf22b, 0X1, 0x0000, 0XC, 0xe9c9, 0X1, 0xe9aa, 0X7, 0xfa2b, 0X1, 0xfa6c, 0X22, 0xfa4c, 0X1, 0xf20b, 0X1, 0x0000, 0X1A, 0xe9aa, 0XA, 0xe9ea, 0X1, 0xfa6c, 0X21, 0xfa0c, 0X1, 0x0000, 0XD, 0xe9aa, 0X7, 0xe9ca, 0X1, 0xfa6c, 0X22, 0xf22b, 0X1, 0x0000, 0X1C, 0xe9ca, 0X1, 0xe9aa, 0X9, 0xf20b, 0X1, 0xfa6c, 0X1F, 0xfa4c, 0X1, 0x0000, 0XE, 0xe9aa, 0X8, 0xf22b, 0X1, 0xfa6c, 0X20, 0xfa2b, 0X1, 0x0000, 0X1E, 0xe9aa, 0XA, 0xf20b, 0X1, 0xfa6c, 0X1E, 0xfa2b, 0X1, 0x0000, 0XE, 0xe9ab, 0X1,
0xe9aa, 0X7, 0xe9ca, 0X1, 0xfa6c, 0X1F, 0xfa2b, 0X1, 0x0000, 0X20, 0xe9aa, 0XA, 0xf22b, 0X1, 0xfa6c, 0X1E, 0x0000, 0XF, 0xe9aa, 0X8, 0xf1eb, 0X1, 0xfa6c, 0X1D, 0xfa2b, 0X1, 0x0000, 0X22, 0xe9aa, 0XA, 0xf22b, 0X1, 0xfa6c, 0X1B, 0xfa4b, 0X1, 0x0000, 0X10, 0xe9aa, 0X9, 0xf20b, 0X1, 0xfa6c, 0X1B, 0xfa4c, 0X1, 0xe9ab, 0X1, 0x0000, 0X22, 0xf98c, 0X1, 0xe9aa, 0XA, 0xf20b, 0X1, 0xfa6c, 0X1A, 0xf22b, 0X1, 0x0000, 0X11, 0xe9aa, 0X9, 0xf22b, 0X1, 0xfa6c, 0X1A, 0xf22b, 0X1, 0x0000, 0X24, 0xe9aa, 0XB, 0xf1eb, 0X1, 0xfa6c, 0X18, 0xfa4c, 0X1, 0x0000, 0X12, 0xe9aa, 0XA, 0xf22b, 0X1, 0xfa6c, 0X17, 0xfa4b, 0X1, 0xe9eb, 0X1, 0x0000, 0X26, 0xe9ca, 0X1, 0xe9aa, 0XA, 0xe9ca, 0X1, 0xfa6c, 0X17, 0xf20b, 0X1, 0x0000, 0X13, 0xe9aa, 0XA, 0xf20b, 0X1, 0xfa6c, 0X15, 0xf20b, 0X1, 0xe9aa, 0X1, 0x0000, 0X28, 0xe9aa, 0XC, 0xf20b, 0X1, 0xfa6c, 0X14, 0xfa2b, 0X1, 0x0000, 0X14, 0xda0c, 0X1, 0xe9aa, 0XA, 0xe9eb, 0X1, 0xfa4c, 0X1, 0xfa6c, 0X11, 0xf22b, 0X1, 0xe9ca, 0X1, 0xe9aa, 0X1, 0x0000, 0X2A, 0xe9aa, 0XC, 0xe9ca, 0X1, 0xfa4b, 0X1, 0xfa6c, 0X11, 0xf22b, 0X1, 0xfa0c, 0X1, 0x0000, 0X15, 0xe9ca, 0X1, 0xe9aa, 0XB, 0xf1eb, 0X1, 0xfa6c, 0XE, 0xf22b, 0X1, 0xe9ca, 0X1, 0xe9aa, 0X2, 0x0000, 0X2C, 0xe9aa, 0XD, 0xe9ea, 0X1, 0xfa2b, 0X1, 0xfa6c, 0XD, 0xfa2b, 0X1, 0xe9ca, 0X1, 0xe9ab, 0X1, 0x0000, 0X17, 0xe9aa, 0XD, 0xe9cb, 0X1, 0xf22b, 0X1, 0xfa4c, 0X1, 0xfa6c, 0X6, 0xfa4b, 0X1, 0xf20b, 0X1, 0xe9cb, 0X1, 0xe9aa, 0X4, 0x0000, 0X2E, 0xe1aa, 0X1, 0xe9aa, 0XE,
0xf1eb, 0X1, 0xf22b, 0X1, 0xfa4c, 0X1, 0xfa6c, 0X6, 0xfa4c, 0X1, 0xf20b, 0X1, 0xe9ca, 0X1, 0xe9aa, 0X2, 0x0000, 0X19, 0xe9aa, 0X10, 0xe9ca, 0X3, 0xe9aa, 0X8, 0x0000, 0X30, 0xe1aa, 0X1, 0xe9aa, 0X11, 0xe9ca, 0X3, 0xe9aa, 0X6, 0x0000, 0X1B, 0xe9aa, 0X18, 0xe1ca, 0X1, 0x0000, 0X32, 0xfaaa, 0X1, 0xe9aa, 0X18, 0x0000, 0X1D, 0xe98a, 0X1, 0xe9aa, 0X14, 0xe1aa, 0X1, 0x0000, 0X36, 0xe9ca, 0X1, 0xe9aa, 0X15, 0x0000, 0X1F, 0xf800, 0X1, 0xe9aa, 0X11, 0xe9ca, 0X1, 0x0000, 0X3A, 0xe9aa, 0X12, 0x0000, 0X23, 0xf94a, 0X1, 0xe9aa, 0XD, 0xd929, 0X1, 0x0000, 0X3E, 0xe1cb, 0X1, 0xe9aa, 0XD, 0xf800, 0X1, 0x0000, 0X27, 0xfa08, 0X1, 0xe9ca, 0X1, 0xe9aa, 0X5, 0xe18b, 0X1, 0x0000, 0X45, 0xe9c9, 0X1, 0xe9aa, 0X6, 0xe9ca, 0X1, 0xf98c, 0X1, 0x0000, 0XB95
};

static const uint16_t lcd_microsd[1968] = {
0x0000, 0X212, 0x6c92, 0X1, 0x7c32, 0X47, 0x7c52, 0X1, 0x6c92, 0X1, 0x0000, 0X35, 0x7c31, 0X1, 0x7c32, 0X49, 0x7c52, 0X1, 0x7c31, 0X1, 0x0000, 0X33, 0x6c92, 0X1, 0x7c32, 0X4B, 0x7c52, 0X1, 0x6c92, 0X1, 0x0000, 0X32, 0x7c32, 0X4E, 0x0000, 0X32, 0x7c32, 0X5, 0x7c11, 0X1, 0x636f, 0X1, 0x5b2d, 0X44, 0x636f, 0X1, 0x7c11, 0X1, 0x7c32, 0X1, 0x0000, 0X32, 0x7c32, 0X4, 0x7c11, 0X1, 0x5b2e, 0X1, 0x5b2d, 0X46, 0x5b2e, 0X1, 0x7c11, 0X1, 0x0000, 0X32, 0x7c32, 0X4, 0x636f, 0X1, 0x5b2d, 0X48, 0x638f, 0X1, 0x0000, 0X32, 0x7c32, 0X4, 0x5b2d, 0X49, 0x5b2e, 0X1, 0x0000, 0X32, 0x7c32, 0X4, 0x5b2d, 0X4, 0xfea7, 0X8, 0x5b2d, 0XA, 0xfea7, 0X8, 0x5b2d, 0XA, 0xfea7, 0X8, 0x5b2d, 0XA, 0xfea7, 0X8, 0x5b2d, 0X8, 0x0000, 0X32, 0x7c32, 0X4, 0x5b2d, 0X4, 0xfea7, 0X8, 0x5b2d, 0XA, 0xfea7, 0X8, 0x5b2d, 0XA, 0xfea7, 0X8, 0x5b2d, 0XA, 0xfea7, 0X8, 0x5b2d, 0X8, 0x0000, 0X32, 0x7c32, 0X4, 0x5b2d, 0X4, 0xfea7, 0X8, 0x5b2d, 0XA, 0xfea7, 0X8, 0x5b2d, 0XA, 0xfea7, 0X8, 0x5b2d, 0XA, 0xfea7, 0X8, 0x5b2d, 0X8, 0x0000, 0X32, 0x7c32, 0X4, 0x5b2d, 0X4, 0xfea7, 0X8, 0x5b2d, 0XA, 0xfea7, 0X8, 0x5b2d, 0XA, 0xfea7, 0X8, 0x5b2d, 0XA, 0xfea7, 0X8, 0x5b2d, 0X8, 0x0000, 0X32,
0x7c32, 0X4, 0x5b2d, 0X4, 0xfea7, 0X8, 0x5b2d, 0XA, 0xfea7, 0X8, 0x5b2d, 0XA, 0xfea7, 0X8, 0x5b2d, 0XA, 0xfea7, 0X8, 0x5b2d, 0X8, 0x0000, 0X32, 0x7c32, 0X4, 0x5b2d, 0X4, 0xfea7, 0X8, 0x5b2d, 0XA, 0xfea7, 0X8, 0x5b2d, 0XA, 0xfea7, 0X8, 0x5b2d, 0XA, 0xfea7, 0X8, 0x5b2d, 0X8, 0x0000, 0X32, 0x7c32, 0X4, 0x5b2d, 0X4, 0xfea7, 0X8, 0x5b2d, 0XA, 0xfea7, 0X8, 0x5b2d, 0XA, 0xfea7, 0X8, 0x5b2d, 0XA, 0xfea7, 0X8, 0x5b2d, 0X8, 0x0000, 0X32, 0x7c32, 0X4, 0x5b2d, 0X4, 0xfea7, 0X8, 0x5b2d, 0XA, 0xfea7, 0X8, 0x5b2d, 0XA, 0xfea7, 0X8, 0x5b2d, 0XA, 0xfea7, 0X8, 0x5b2d, 0X8, 0x0000, 0X32, 0x7c32, 0X4, 0x5b2d, 0X4, 0xfea7, 0X8, 0x5b2d, 0XA, 0xfea7, 0X8, 0x5b2d, 0XA, 0xfea7, 0X8, 0x5b2d, 0XA, 0xfea7,
0X8, 0x5b2d, 0X8, 0x0000, 0X32, 0x7c32, 0X4, 0x5b2d, 0X4, 0xfea7, 0X8, 0x5b2d, 0XA, 0xfea7, 0X8, 0x5b2d, 0XA, 0xfea7, 0X8, 0x5b2d, 0XA, 0xfea7, 0X8, 0x5b2d, 0X8, 0x0000, 0X32, 0x7c32, 0X4, 0x5b2d, 0X4, 0xfea7, 0X8, 0x5b2d, 0XA, 0xfea7, 0X8, 0x5b2d, 0XA, 0xfea7, 0X8, 0x5b2d, 0XA, 0xfea7, 0X8, 0x5b2d, 0X8, 0x0000, 0X32, 0x7c32, 0X4, 0x5b2d, 0X4, 0xfea7, 0X8, 0x5b2d, 0XA, 0xfea7, 0X8, 0x5b2d, 0XA, 0xfea7, 0X8,
0x5b2d, 0XA, 0xfea7, 0X8, 0x5b2d, 0X8, 0x0000, 0X32, 0x7c32, 0X4, 0x5b2d, 0X4, 0xfea7, 0X8, 0x5b2d, 0XA, 0xfea7, 0X8, 0x5b2d, 0XA, 0xfea7, 0X8, 0x5b2d, 0XA, 0xfea7, 0X8, 0x5b2d, 0X8, 0x636e, 0X1, 0x63af, 0X1, 0x0000, 0X30, 0x7c32, 0X4, 0x5b2d, 0X4, 0xfea7, 0X8, 0x5b2d, 0XA, 0xfea7, 0X8, 0x5b2d, 0XA, 0xfea7, 0X8, 0x5b2d, 0XA, 0xfea7, 0X8, 0x5b2d, 0X9, 0x5b4e, 0X1, 0x6b8f, 0X1, 0x0000, 0X2F, 0x7c32, 0X4, 0x5b2d, 0X4, 0xfea7, 0X8, 0x5b2d, 0XA, 0xfea7, 0X8, 0x5b2d, 0XA, 0xfea7, 0X8, 0x5b2d, 0XA, 0xfea7, 0X8, 0x5b2d, 0XB, 0x636f, 0X1, 0x6410, 0X1, 0x0000, 0X2D, 0x7c32, 0X4, 0x5b2d, 0X4, 0xfea7, 0X8, 0x5b2d, 0XA, 0xfea7, 0X8, 0x5b2d, 0XA, 0xfea7, 0X8, 0x5b2d, 0XA, 0xfea7, 0X8, 0x5b2d, 0XC,
0x634e, 0X1, 0x6b8f, 0X1, 0x0000, 0X2C, 0x7c32, 0X4, 0x5b2d, 0X4, 0xfea7, 0X8, 0x5b2d, 0XA, 0xfea7, 0X8, 0x5b2d, 0XA, 0xfea7, 0X8, 0x5b2d, 0XA, 0xfea7, 0X8, 0x5b2d, 0XD, 0x5b2e, 0X1, 0x638f, 0X1, 0x0000, 0X2B, 0x7c32, 0X4, 0x5b2d, 0X4, 0xfea7, 0X8, 0x5b2d, 0XA, 0xfea7, 0X8, 0x5b2d, 0XA, 0xfea7, 0X8, 0x5b2d, 0XA, 0xfea7, 0X8, 0x5b2d, 0XF, 0x636e, 0X1, 0x63af, 0X1, 0x0000, 0X29, 0x7c32, 0X4, 0x5b2d, 0X4, 0xfea7, 0X8, 0x5b2d, 0XA, 0xfea7, 0X8, 0x5b2d, 0XA, 0xfea7, 0X8, 0x5b2d, 0XA, 0xfea7, 0X8, 0x5b2d, 0X10, 0x5b4e, 0X1, 0x6b8f, 0X1, 0x0000, 0X28,
0x7c32, 0X4, 0x5b2d, 0X4, 0xfea7, 0X8, 0x5b2d, 0XA, 0xfea7, 0X8, 0x5b2d, 0XA, 0xfea7, 0X8, 0x5b2d, 0XA, 0xfea7, 0X8, 0x5b2d, 0X12, 0x636f, 0X1, 0x0410, 0X1, 0x0000, 0X26, 0x7c32, 0X4, 0x5b2d, 0X55, 0x636e, 0X1, 0x5410, 0X1, 0x0000, 0X25, 0x7c32, 0X4, 0x5b2d, 0X56, 0x638f, 0X1, 0x0000, 0X25, 0x7c32, 0X4, 0x5b2d, 0X57, 0x6b90, 0X1, 0x0000, 0X24, 0x7c32, 0X4, 0x5b2d, 0X57, 0x638f, 0X1, 0x0000, 0X24, 0x7c32, 0X4, 0x5b2d, 0X57, 0x634e, 0X1, 0x0000, 0X24, 0x7c32, 0X4, 0x5b2d, 0X57, 0x5b2e, 0X1, 0x0000, 0X24, 0x7c32, 0X4, 0x5b2d, 0X58, 0x0000, 0X24, 0x7c32, 0X4, 0x5b2d, 0X58, 0x0000, 0X24, 0x7c32, 0X4, 0x5b2d, 0X58, 0x0000, 0X24, 0x7c32, 0X4, 0x5b2d, 0X58, 0x0000, 0X24, 0x7c32, 0X4, 0x5b2d, 0X58,
0x0000, 0X24, 0x7c32, 0X4, 0x5b2d, 0X58, 0x0000, 0X24, 0x7c32, 0X4, 0x5b2d, 0X58, 0x0000, 0X24, 0x7c32, 0X4, 0x5b2d, 0X58, 0x0000, 0X24, 0x7c32, 0X4, 0x5b2d, 0X9, 0x6b8f, 0X1, 0xa576, 0X1, 0xdefc, 0X1, 0xef9e, 0X1, 0xf7bf, 0X1, 0xdf1c, 0X1, 0xad97, 0X1, 0x6b8f, 0X1, 0x5b2d, 0X7, 0x8c93, 0X1, 0xef7e, 0X1, 0xffff, 0X4, 0xf7bf, 0X1, 0xdf1c, 0X1, 0xb5d8, 0X1, 0x73f0, 0X1, 0x5b2d, 0X36, 0x0000, 0X24, 0x7c32, 0X4, 0x5b2d, 0X8, 0x94d4, 0X1, 0xf79e, 0X1, 0xffff, 0X6, 0xf79e, 0X1, 0x8cb3, 0X1, 0x5b2d, 0X6, 0xef5d, 0X1, 0xffff, 0X8, 0xffdf, 0X1, 0xb5f8, 0X1, 0x5b4e, 0X1, 0x5b2d, 0X34, 0x0000, 0X24, 0x7c32, 0X4, 0x5b2d, 0X7, 0x94d4, 0X1, 0xffdf, 0X1, 0xffff, 0X8, 0xf7df, 0X1, 0x8c73, 0X1, 0x5b2d, 0X5,
0xffff, 0XB, 0xd6bb, 0X1, 0x5b4e, 0X1, 0x5b2d, 0X32, 0x5b2e, 0X1, 0x0000, 0X24, 0x7c32, 0X4, 0x5b2d, 0X6, 0x6b8f, 0X1, 0xf79e, 0X1, 0xffff, 0XA, 0xf79e, 0X1, 0x6b8f, 0X1, 0x5b2d, 0X4, 0xffff, 0XC, 0xb5d8, 0X1, 0x5b2d, 0X32, 0x636e, 0X1, 0x0000, 0X24, 0x7c32, 0X4, 0x5b2d, 0X6, 0xa576, 0X1, 0xffff, 0X3, 0xf7bf, 0X1, 0x9d35, 0X1, 0x6b8f, 0X1, 0x6baf, 0X1, 0xa556, 0X1, 0xf7df, 0X1, 0xffff, 0X3, 0xad97, 0X1, 0x5b2d, 0X4, 0xffff, 0X4, 0x5b2d, 0X2, 0x636e, 0X1, 0x8cb3, 0X1, 0xe73d, 0X1, 0xffff, 0X3, 0xffdf, 0X1, 0x73f0, 0X1, 0x5b2d, 0X30, 0x5b2e, 0X1, 0x6b8f,
0X1, 0x0000, 0X24, 0x7c32, 0X4, 0x5b2d, 0X6, 0xdefc, 0X1, 0xffff, 0X3, 0x9d35, 0X1, 0x5b2d, 0X4, 0xa556, 0X1, 0xffff, 0X3, 0xdf1c, 0X1, 0x5b2d, 0X4, 0xffff, 0X4, 0x5b2d, 0X4, 0x636f, 0X1, 0xef5d, 0X1, 0xffff, 0X3, 0xb5d7, 0X1, 0x5b2d, 0X2E, 0x5b2e, 0X1, 0x636e, 0X1, 0x6b8f, 0X1, 0x0000, 0X25, 0x7c32, 0X4, 0x5b2d, 0X6, 0xef7e, 0X1, 0xffff, 0X3, 0x6b8f, 0X1, 0x5b2d, 0X4, 0x6b8f, 0X1, 0xffff, 0X3, 0xf7bf, 0X1, 0x5b2d, 0X4, 0xffff, 0X4, 0x5b2d, 0X5, 0x8cb3, 0X1, 0xffff, 0X3, 0xdf1c, 0X1, 0x5b2d, 0X2A, 0x0000, 0X2C, 0x7c32, 0X4, 0x5b2d, 0X6, 0xf7bf,
0X1, 0xffff, 0X3, 0x6b8f, 0X1, 0x5b2d, 0X5, 0xef7e, 0X1, 0xffff, 0X2, 0xef7e, 0X1, 0x5b2d, 0X4, 0xffff, 0X4, 0x5b2d, 0X5, 0x636e, 0X1, 0xffff, 0X3, 0xf7bf, 0X1, 0x5b2d, 0X2A, 0x0000, 0X2C, 0x7c32, 0X4, 0x5b2d, 0X6, 0xdf1c, 0X1, 0xffff, 0X3, 0x9d35, 0X1, 0x5b2d, 0X5, 0x8cb3, 0X1, 0xef7e, 0X2, 0x8cb3, 0X1, 0x5b2d, 0X4, 0xffff, 0X4, 0x5b2d, 0X6, 0xffff, 0X4, 0x5b2d, 0X2A, 0x0000, 0X2C, 0x7c32, 0X4, 0x5b2d, 0X6, 0xad97, 0X1, 0xffff, 0X3, 0xf7bf, 0X1, 0x9d35, 0X1, 0x6b8f, 0X1, 0x5b2d, 0XB, 0xffff, 0X4, 0x5b2d, 0X6, 0xffff, 0X4, 0x5b2d, 0X2A, 0x0000, 0X2C,
0x7c32, 0X4, 0x5b2d, 0X6, 0x6b8f, 0X1, 0xf79e, 0X1, 0xffff, 0X5, 0xf7bf, 0X1, 0xdf1c, 0X1, 0xad97, 0X1, 0x6b8f, 0X1, 0x5b2d, 0X7, 0xffff, 0X4, 0x5b2d, 0X6, 0xffff, 0X4, 0x5b2d, 0X2A, 0x0000, 0X2C, 0x7c32, 0X4, 0x5b2d, 0X7, 0x8cb3, 0X1, 0xf7df, 0X1, 0xffff, 0X7, 0xf7bf, 0X1, 0x8c93, 0X1, 0x5b2d, 0X6, 0xffff, 0X4, 0x5b2d, 0X6, 0xffff, 0X4, 0x5b2d, 0X2A, 0x0000, 0X2C, 0x7c32, 0X4, 0x5b2d, 0X8, 0x8c73, 0X1, 0xf79e, 0X1, 0xffff, 0X7, 0xf7df, 0X1, 0x8cb3, 0X1, 0x5b2d, 0X5, 0xffff, 0X4, 0x5b2d, 0X6, 0xffff, 0X4, 0x5b2d, 0X2A, 0x0000, 0X2C, 0x7c32, 0X4, 0x5b2d,
0X9, 0x6b8f, 0X1, 0xad97, 0X1, 0xdf1c, 0X1, 0xf7bf, 0X1, 0xffff, 0X5, 0xf79e, 0X1, 0x6b8f, 0X1, 0x5b2d, 0X4, 0xffff, 0X4, 0x5b2d, 0X6, 0xffff, 0X4, 0x5b2d, 0X2A, 0x0000, 0X2C, 0x7c32, 0X4, 0x5b2d, 0XD, 0x638f, 0X1, 0xa535, 0X1, 0xf7df, 0X1, 0xffff, 0X3, 0xad97, 0X1, 0x5b2d, 0X4, 0xffff, 0X4, 0x5b2d, 0X6, 0xffff, 0X4, 0x5b2d, 0X2A, 0x0000, 0X2C, 0x7c32, 0X4, 0x5b2d, 0X6, 0x8cb3, 0X1, 0xef7e, 0X2, 0x8cb3, 0X1, 0x5b2d, 0X5, 0xa555, 0X1, 0xffff, 0X3, 0xdf1c, 0X1, 0x5b2d, 0X4, 0xffff, 0X4, 0x5b2d, 0X6, 0xffff, 0X4, 0x5b2d, 0X2A, 0x0000, 0X2C, 0x7c32, 0X4, 0x5b2d, 0X6, 0xef7e, 0X1, 0xffff, 0X2, 0xef7e, 0X1, 0x5b2d, 0X5, 0x638f, 0X1, 0xffff, 0X3, 0xf7bf, 0X1, 0x5b2d, 0X4, 0xffff, 0X4,
0x5b2d, 0X5, 0x636e, 0X1, 0xffff, 0X3, 0xf7bf, 0X1, 0x5b2d, 0X2A, 0x0000, 0X2C, 0x7c32, 0X4, 0x5b2d, 0X6, 0xf7bf, 0X1, 0xffff, 0X3, 0x638f, 0X1, 0x5b2d, 0X4, 0x638f, 0X1, 0xffff, 0X3, 0xf7bf, 0X1, 0x5b2d, 0X4, 0xffff, 0X4, 0x5b2d, 0X5, 0x94b3, 0X1, 0xffff, 0X3, 0xdf1c, 0X1, 0x5b2d, 0X2A, 0x0000, 0X2C, 0x7c32, 0X4, 0x5b2d, 0X6, 0xdf1c, 0X1, 0xffff, 0X3, 0xa535, 0X1, 0x5b2d, 0X4, 0xa556, 0X1, 0xffff, 0X3, 0xdefc, 0X1, 0x5b2d, 0X4, 0xffff, 0X4, 0x5b2d, 0X4, 0x638f, 0X1, 0xef5d, 0X1, 0xffff, 0X3, 0xb5d7, 0X1, 0x5b2d, 0X2A, 0x0000, 0X2C, 0x7c32, 0X4,
0x5b2d, 0X6, 0xad97, 0X1, 0xffff, 0X3, 0xf7df, 0X1, 0xa555, 0X1, 0x636f, 0X1, 0x638f, 0X1, 0xa555, 0X1, 0xf7df, 0X1, 0xffff, 0X3, 0xa556, 0X1, 0x5b2d, 0X4, 0xffff, 0X4, 0x5b2d, 0X2, 0x636e, 0X1, 0x94b3, 0X1, 0xef5d, 0X1, 0xffff, 0X3, 0xffdf, 0X1, 0x73f0, 0X1, 0x5b2d, 0X2A, 0x0000, 0X2C, 0x7c32, 0X4, 0x5b2d, 0X6, 0x6b8f, 0X1, 0xf7bf, 0X1, 0xffff, 0XA, 0xf79e, 0X1, 0x6b8f, 0X1, 0x5b2d, 0X4, 0xffff, 0XC, 0xb5d8, 0X1, 0x5b2d, 0X32, 0x634e, 0X1, 0x638f, 0X1, 0x5c10, 0X1, 0x0000, 0X22, 0x7c32, 0X4, 0x5b2d, 0X7, 0x8c93, 0X1, 0xf7df, 0X1, 0xffff, 0X8, 0xffdf, 0X1, 0x8cb3, 0X1, 0x5b2d, 0X5, 0xffff, 0XB, 0xcebb, 0X1, 0x5b2e, 0X1, 0x5b2d, 0X34, 0x5b4e, 0X1, 0x6bcf, 0X1, 0x0000, 0X21, 0x7c32,
0X4, 0x5b2d, 0X8, 0x8cb3, 0X1, 0xf79e, 0X1, 0xffff, 0X6, 0xf79e, 0X1, 0x8cb3, 0X1, 0x5b2d, 0X6, 0xef5d, 0X1, 0xffff, 0X8, 0xffdf, 0X1, 0xb5d8, 0X1, 0x5b2e, 0X1, 0x5b2d, 0X36, 0x5b4e, 0X1, 0x5c10, 0X1, 0x0000, 0X20, 0x7c32, 0X4, 0x5b2d, 0X9, 0x6b8f, 0X1, 0xad97, 0X1, 0xdf1c, 0X1, 0xf7df, 0X1, 0xf7bf, 0X1, 0xdefc, 0X1, 0xa556, 0X1, 0x6b8f, 0X1, 0x5b2d, 0X7, 0x8c73, 0X1, 0xef5d, 0X1, 0xffff, 0X4, 0xf7bf, 0X1, 0xdf1c, 0X1, 0xb5d7, 0X1, 0x73f0, 0X1, 0x5b2d, 0X39, 0x6b8f, 0X1, 0x0000, 0X20, 0x7c32, 0X4, 0x5b2d, 0X5B, 0x634e, 0X1, 0x0000, 0X20, 0x7c32, 0X4, 0x5b2d, 0X5C, 0x0000, 0X20, 0x7c32, 0X4, 0x5b2d, 0X5C, 0x0000, 0X20, 0x7c32, 0X4, 0x5b2d, 0X5C, 0x0000, 0X20, 0x7c32, 0X4, 0x5b2d, 0X5C, 0x0000, 0X20, 0x7c32, 0X4, 0x5b2d, 0X5C, 0x0000, 0X20, 0x7c32, 0X4, 0x5b2d, 0X8, 0xfea7, 0X48, 0x5b2d, 0XC, 0x0000, 0X20, 0x7c32, 0X4,
0x5b2d, 0X8, 0xfea7, 0X48, 0x5b2d, 0XC, 0x0000, 0X20, 0x7c32, 0X4, 0x5b2d, 0X8, 0xfea7, 0X48, 0x5b2d, 0XC, 0x0000, 0X20, 0x7c32, 0X4, 0x5b2d, 0X8, 0xfea7, 0X48, 0x5b2d, 0XC, 0x0000, 0X20, 0x7c32, 0X4, 0x5b2d, 0X8, 0xfea7, 0X48, 0x5b2d, 0XC, 0x0000, 0X20, 0x7c32, 0X4, 0x5b2d, 0X8, 0xfea7, 0X48, 0x5b2d, 0XC, 0x0000, 0X20, 0x7c32, 0X4, 0x5b2d, 0X8, 0xfea7, 0X48, 0x5b2d, 0XC, 0x0000, 0X20, 0x7c32, 0X4, 0x5b2d, 0X8, 0xfea7, 0X48, 0x5b2d, 0XC, 0x0000, 0X20, 0x7c32, 0X4, 0x5b2d, 0X8, 0xfea7, 0X48, 0x5b2d, 0XC, 0x0000, 0X20, 0x7c32, 0X4, 0x5b2d, 0X8, 0xfea7, 0X48,
0x5b2d, 0XC, 0x0000, 0X20, 0x7c32, 0X4, 0x5b2d, 0X8, 0xfea7, 0X48, 0x5b2d, 0XC, 0x0000, 0X20, 0x7c32, 0X4, 0x5b2d, 0X8, 0xfea7, 0X48, 0x5b2d, 0XC, 0x0000, 0X20, 0x7c32, 0X4, 0x5b2d, 0X8, 0xfea7, 0X48, 0x5b2d, 0XC, 0x0000, 0X20, 0x7c32, 0X4, 0x5b2d, 0X8, 0xfea7, 0X48, 0x5b2d, 0XC, 0x0000, 0X20, 0x7c32, 0X4, 0x5b2d, 0X8, 0xfea7, 0X48, 0x5b2d, 0XC, 0x0000, 0X20, 0x7c32, 0X4, 0x5b2d, 0X8, 0xfea7, 0X48, 0x5b2d, 0XC, 0x0000, 0X20, 0x7c32, 0X4, 0x5b2d, 0X8, 0xfea7, 0X48, 0x5b2d, 0XC, 0x0000, 0X20, 0x7c32, 0X4, 0x5b2d, 0X8, 0xfea7, 0X48, 0x5b2d, 0XC, 0x0000, 0X20,
0x7c32, 0X4, 0x5b2d, 0X8, 0xfea7, 0X48, 0x5b2d, 0XC, 0x0000, 0X20, 0x7c32, 0X4, 0x5b2d, 0X8, 0xfea7, 0X48, 0x5b2d, 0XC, 0x0000, 0X20, 0x7c32, 0X4, 0x5b2d, 0X8, 0xfea7, 0X48, 0x5b2d, 0XC, 0x0000, 0X20, 0x7c32, 0X4, 0x5b2d, 0X8, 0xfea7, 0X48, 0x5b2d, 0XC, 0x0000, 0X20, 0x7c32, 0X4, 0x5b2d, 0X8, 0xfea7, 0X48, 0x5b2d, 0XC, 0x0000, 0X20, 0x7c32, 0X4, 0x5b2d, 0X8, 0xfea7, 0X48, 0x5b2d, 0XC, 0x0000, 0X20, 0x7c32, 0X4, 0x5b2d, 0X8, 0xfea7, 0X48, 0x5b2d, 0XC, 0x0000, 0X20, 0x7c32, 0X4, 0x5b2d, 0X8, 0xfea7, 0X48, 0x5b2d, 0XC, 0x0000, 0X20, 0x7c32, 0X4, 0x5b2d, 0X8,
0xfea7, 0X48, 0x5b2d, 0XC, 0x0000, 0X20, 0x7c32, 0X4, 0x5b2d, 0X8, 0xfea7, 0X48, 0x5b2d, 0XC, 0x0000, 0X20, 0x7c32, 0X4, 0x5b2d, 0X8, 0xfea7, 0X48, 0x5b2d, 0XC, 0x0000, 0X20, 0x7c32, 0X4, 0x5b2d, 0X8, 0xfea7, 0X48, 0x5b2d, 0XC, 0x0000, 0X20, 0x7c32, 0X4, 0x5b2d, 0X8, 0xfea7, 0X48, 0x5b2d, 0XC, 0x0000, 0X20, 0x7c32, 0X4, 0x5b2d, 0X8, 0xfea7, 0X48, 0x5b2d, 0XC, 0x0000, 0X20, 0x7c32, 0X4, 0x5b2d, 0X8, 0xfea7, 0X48, 0x5b2d, 0XC, 0x0000, 0X20, 0x7c32, 0X4, 0x5b2d, 0X8, 0xfea7, 0X48, 0x5b2d, 0XC, 0x0000, 0X20, 0x7c32, 0X4, 0x5b2d, 0X8, 0xfea7, 0X48, 0x5b2d, 0XC,
0x0000, 0X20, 0x7c32, 0X4, 0x5b2d, 0X8, 0xfea7, 0X48, 0x5b2d, 0XC, 0x0000, 0X20, 0x7c32, 0X4, 0x5b2d, 0X5C, 0x0000, 0X20, 0x7c32, 0X4, 0x5b2d, 0X5C, 0x0000, 0X20, 0x7c32, 0X4, 0x5b2d, 0X5C, 0x0000, 0X20, 0x7c32, 0X4, 0x5b2d, 0X5C, 0x0000, 0X20, 0x7c32, 0X4, 0x5b2d, 0X5C, 0x0000, 0X20, 0x7c32, 0X4, 0x5b2d, 0X5C, 0x0000, 0X20, 0x7c32, 0X4, 0x5b2e, 0X1, 0x5b2d, 0X5A, 0x5b2e, 0X1, 0x0000, 0X20, 0x7c32, 0X4,
0x636e, 0X1, 0x5b2d, 0X5A, 0x634e, 0X1, 0x0000, 0X20, 0x7c52, 0X1, 0x7c32, 0X3, 0x6bd0, 0X1, 0x5b2d, 0X5A, 0x6b8f, 0X1, 0x0000, 0X20, 0x6c92, 0X1, 0x7c52, 0X1, 0x7c32, 0X3, 0x634e, 0X1, 0x5b2d, 0X58, 0x5b4e, 0X1, 0x6b50, 0X1, 0x0000, 0X21, 0x7c31, 0X1, 0x7c52, 0X1, 0x7c32, 0X2, 0x7c31, 0X1, 0x634e, 0X1, 0x5b2d, 0X56, 0x5b4e, 0X1, 0x6bcf, 0X1, 0x0000, 0X23, 0x8410, 0X1, 0x7c32, 0X4, 0x6bd0, 0X1, 0x636e, 0X1, 0x5b2e, 0X1, 0x5b2d, 0X51, 0x634e, 0X1, 0x6b8f, 0X1, 0x6b50, 0X1, 0x0000, 0X212
};

static const uint16_t lcd_01d[1268] = {
0x0000, 0X36, 0xec6e, 0X1, 0xec4d, 0X1, 0xebaa, 0X1, 0xeb69, 0XD, 0xebcb, 0X1, 0xec4e, 0X1, 0xec8f, 0X1, 0x0000, 0X68, 0xffff, 0X1, 0xec8f, 0X1, 0xec4e, 0X1, 0xec2d, 0X1, 0xec0c, 0X1, 0xebcb, 0X1, 0xebaa, 0X1, 0xeb89, 0X1, 0xeb69, 0XD, 0xeb8a, 0X1, 0xebcb, 0X2, 0xec0c, 0X1, 0xec4d, 0X1, 0xec8e, 0X1, 0xffe0, 0X1, 0x0000, 0X61, 0xffe0, 0X1, 0xec2d, 0X1, 0xebaa, 0X1, 0xeb69, 0X1D, 0xebeb, 0X1, 0xec4e, 0X1, 0xffff, 0X1, 0x0000, 0X5A, 0x07e0, 0X1, 0xebaa, 0X1, 0xeb69, 0X25, 0xebcb, 0X1, 0xffe0, 0X1, 0x0000, 0X53, 0xffff, 0X1, 0xebec, 0X1, 0xebaa, 0X1, 0xeb8a, 0X1, 0xeb89, 0X1, 0xeb69, 0X27, 0xeb89, 0X1, 0xeb8a, 0X1, 0xebaa, 0X1, 0xffe0, 0X1, 0x0000, 0X4E, 0xffe0, 0X1, 0xec4d, 0X1, 0xebcb, 0X1, 0xeb89, 0X1, 0xeb69, 0X2D, 0xeb8a, 0X1, 0xec0c, 0X1, 0xec6e, 0X1, 0xffff, 0X1, 0x0000, 0X4A, 0xffe0, 0X1, 0xeb89, 0X1, 0xeb69, 0X33, 0xeb8a, 0X1, 0xffe0, 0X1, 0x0000, 0X46, 0xffff, 0X1, 0xebcb, 0X1, 0xeb89, 0X1, 0xeb69, 0X37, 0xeb8a, 0X1, 0xffe0, 0X1, 0x0000, 0X42, 0xffe0, 0X1, 0xebaa, 0X1, 0xeb69, 0X3D, 0xf800, 0X1, 0x0000, 0X3F, 0xffe0, 0X1, 0xebaa, 0X1,
0xeb69, 0X3F, 0xebeb, 0X1, 0xffe0, 0X1, 0x0000, 0X3B, 0xffe0, 0X1, 0xebeb, 0X1, 0xeb89, 0X1, 0xeb69, 0X41, 0xebaa, 0X1, 0xffe0, 0X1, 0x0000, 0X39, 0xffe0, 0X1, 0xeb69, 0X47, 0xffe0, 0X1, 0x0000, 0X35, 0xffe0, 0X1, 0xebaa, 0X1, 0xeb69, 0X49, 0xf800, 0X1, 0x0000, 0X33, 0xffe0, 0X1, 0xeb8a, 0X1, 0xeb69, 0X4A, 0xeb89, 0X1, 0xebcb, 0X1, 0xffe0, 0X1, 0x0000, 0X30, 0xffe0, 0X1, 0xeb89, 0X1, 0xeb69, 0X4D, 0xeb89, 0X1, 0xffe0, 0X1, 0x0000, 0X2E, 0xf800, 0X1, 0xeb69, 0X51, 0xffe0, 0X1, 0x0000, 0X2C, 0xf800, 0X1, 0xeb69, 0X53, 0xffe0, 0X1, 0x0000, 0X29, 0xffe0, 0X1, 0xebaa, 0X1, 0xeb69, 0X54, 0xeb89, 0X1, 0xf800, 0X1, 0x0000, 0X27, 0xffe0, 0X1, 0xebcb, 0X1, 0xeb69, 0X57, 0xf800, 0X1, 0x0000, 0X25,
0xffe0, 0X1, 0xebcb, 0X1, 0xeb69, 0X59, 0xffe0, 0X1, 0x0000, 0X24, 0xebaa, 0X1, 0xeb69, 0X5B, 0xffe0, 0X1, 0x0000, 0X22, 0xf800, 0X1, 0xeb69, 0X5D, 0xf800, 0X1, 0x0000, 0X20, 0xf800, 0X1, 0xeb69, 0X5E, 0xeb89, 0X1, 0xffe0, 0X1, 0x0000, 0X1E, 0xffe0, 0X1, 0xeb69, 0X61, 0xffe0, 0X1, 0x0000, 0X1C, 0xffe0, 0X1, 0xeb89, 0X1, 0xeb69, 0X61, 0xeb8a, 0X1, 0xffff, 0X1, 0x0000, 0X1A, 0xffe0, 0X1, 0xeb8a, 0X1, 0xeb69, 0X63, 0xebcb, 0X1, 0xffff, 0X1, 0x0000, 0X19, 0xebaa, 0X1, 0xeb69, 0X64, 0xeb89, 0X1, 0xec0c, 0X1, 0x0000, 0X18,
0xffe0, 0X1, 0xeb69, 0X66, 0xeb8a, 0X1, 0xffe0, 0X1, 0x0000, 0X16, 0xffff, 0X1, 0xeb69, 0X69, 0x0000, 0X15, 0xffff, 0X1, 0xebaa, 0X1, 0xeb69, 0X69, 0xf800, 0X1, 0x0000, 0X14, 0xec0c, 0X1, 0xeb69, 0X6B, 0xffe0, 0X1, 0x0000, 0X12, 0xffe0, 0X1, 0xebaa, 0X1, 0xeb69, 0X6B, 0xebeb, 0X1, 0x0000, 0X12, 0xebaa, 0X1, 0xeb69, 0X6C, 0xeb89, 0X1, 0xffe0, 0X1,
0x0000, 0X10, 0xffe0, 0X1, 0xeb69, 0X6E, 0xebcb, 0X1, 0xffff, 0X1, 0x0000, 0XF, 0xeb8a, 0X1, 0xeb69, 0X6F, 0xeb8a, 0X1, 0x0000, 0XE, 0xffe0, 0X1, 0xeb69, 0X71, 0x0000, 0XE, 0xebec, 0X1, 0xeb69, 0X71, 0xffe0, 0X1, 0x0000, 0XC, 0xffe0, 0X1, 0xeb69, 0X73, 0x0000, 0XC, 0xec0c, 0X1, 0xeb69, 0X73, 0xffe0, 0X1, 0x0000, 0XA, 0xffe0, 0X1, 0xebaa, 0X1, 0xeb69, 0X73, 0xebcb, 0X1, 0x0000, 0XA, 0xebcb, 0X1, 0xeb69, 0X74, 0xeb89, 0X1, 0xffe0, 0X1, 0x0000, 0X9, 0xeb8a, 0X1, 0xeb69, 0X75, 0xec2d, 0X1, 0x0000, 0X8, 0xffe0, 0X1,
0xeb89, 0X1, 0xeb69, 0X75, 0xebcb, 0X1, 0x0000, 0X8, 0xebaa, 0X1, 0xeb69, 0X76, 0xeb89, 0X1, 0xf800, 0X1, 0x0000, 0X7, 0xeb69, 0X78, 0xebaa, 0X1, 0x0000, 0X6, 0xffff, 0X1, 0xeb69, 0X78, 0xeb8a, 0X1, 0x0000, 0X6, 0xec4e, 0X1, 0xeb69, 0X78, 0xeb89, 0X1, 0xffe0, 0X1, 0x0000, 0X5, 0xebca, 0X1, 0xeb69, 0X79, 0xebcb, 0X1, 0x0000, 0X4, 0xffe0, 0X1,
0xeb69, 0X7A, 0xeb89, 0X1, 0x0000, 0X4, 0xec8f, 0X1, 0xeb69, 0X7B, 0x0000, 0X4, 0xec4e, 0X1, 0xeb69, 0X7B, 0x0000, 0X4, 0xec2d, 0X1, 0xeb69, 0X7B, 0xffe0, 0X1, 0x0000, 0X2, 0xf4d0, 0X1, 0xebeb, 0X1, 0xeb69, 0X7B, 0xec2d, 0X1, 0x0000, 0X2, 0xec2c, 0X1, 0xebaa, 0X1, 0xeb69, 0X7B, 0xebeb, 0X1, 0x0000, 0X2, 0xebaa, 0X1, 0xeb89, 0X1, 0xeb69, 0X7B,
0xeb8a, 0X1, 0x0000, 0X2, 0xeb69, 0X7E, 0x0000, 0X2, 0xeb69, 0X7E, 0xffff, 0X1, 0x0000, 0X1, 0xeb69, 0X7E, 0xf4af, 0X1, 0x0000, 0X1, 0xeb69, 0X7E, 0xec8f, 0X1, 0x0000, 0X1, 0xeb69, 0X7E, 0xec8f, 0X1, 0x0000, 0X1, 0xeb69, 0X7E, 0xec4e, 0X1, 0x0000, 0X1, 0xeb69, 0X7E, 0xec4d, 0X1, 0x0000, 0X1, 0xeb69, 0X7E, 0xec2d, 0X1, 0x0000, 0X1, 0xeb69, 0X7E,
0xf42d, 0X1, 0x0000, 0X1, 0xeb69, 0X7E, 0xec2d, 0X1, 0x0000, 0X1, 0xeb69, 0X7E, 0xec2d, 0X1, 0x0000, 0X1, 0xeb69, 0X7E, 0xec4e, 0X1, 0x0000, 0X1, 0xeb69, 0X7E, 0xec8f, 0X1, 0x0000, 0X1, 0xeb69, 0X7E, 0xec8f, 0X1, 0x0000, 0X1, 0xeb69, 0X7E, 0xec8f, 0X1, 0x0000, 0X1, 0xeb69, 0X7E, 0xf4d0, 0X1, 0x0000, 0X1, 0xeb69, 0X7E, 0xffff, 0X1, 0x0000, 0X1,
0xeb69, 0X7E, 0x0000, 0X2, 0xec0c, 0X1, 0xebaa, 0X1, 0xeb69, 0X7B, 0xebcb, 0X1, 0x0000, 0X2, 0xec8f, 0X1, 0xebcb, 0X1, 0xeb69, 0X7B, 0xec0c, 0X1, 0x0000, 0X3, 0xec0c, 0X1, 0xeb69, 0X7B, 0xec6e, 0X1, 0x0000, 0X3, 0xec2d, 0X1, 0xeb69, 0X7B, 0xffff, 0X1, 0x0000, 0X3, 0xec8f, 0X1, 0xeb69, 0X7B, 0x0000, 0X4, 0xffff, 0X1, 0xeb69, 0X7B, 0x0000, 0X5,
0xebaa, 0X1, 0xeb69, 0X79, 0xebcb, 0X1, 0x0000, 0X5, 0xec0c, 0X1, 0xeb69, 0X78, 0xeb89, 0X1, 0xffe0, 0X1, 0x0000, 0X5, 0xffe0, 0X1, 0xeb69, 0X78, 0xeb8a, 0X1, 0x0000, 0X7, 0xeb69, 0X78, 0xebaa, 0X1, 0x0000, 0X7, 0xebaa, 0X1, 0xeb69, 0X76, 0xeb89, 0X1, 0xebeb, 0X1, 0x0000, 0X7, 0xffe0, 0X1, 0xeb89, 0X1, 0xeb69, 0X75, 0xebaa, 0X1, 0xffe0, 0X1,
0x0000, 0X8, 0xeb8a, 0X1, 0xeb69, 0X75, 0xec0c, 0X1, 0x0000, 0X9, 0xebaa, 0X1, 0xeb69, 0X75, 0xffe0, 0X1, 0x0000, 0X9, 0xffe0, 0X1, 0xeb8a, 0X1, 0xeb69, 0X73, 0xebcb, 0X1, 0x0000, 0XB, 0xebeb, 0X1, 0xeb69, 0X73, 0xffe0, 0X1, 0x0000, 0XB, 0xec2d, 0X1, 0xeb69, 0X72, 0xeb89, 0X1, 0x0000, 0XC, 0xffff, 0X1, 0xebaa, 0X1, 0xeb69, 0X71, 0xebcb, 0X1,
0x0000, 0XD, 0xffe0, 0X1, 0xeb69, 0X71, 0xffff, 0X1, 0x0000, 0XE, 0xeb8a, 0X1, 0xeb69, 0X6F, 0xebaa, 0X1, 0x0000, 0XF, 0xffe0, 0X1, 0xeb69, 0X6E, 0xeb8a, 0X1, 0xffe0, 0X1, 0x0000, 0X10, 0xeb69, 0X6E, 0xec0c, 0X1, 0x0000, 0X11, 0xffe0, 0X1, 0xeb8a, 0X1, 0xeb69, 0X6B, 0xebca, 0X1, 0xffff, 0X1, 0x0000, 0X12, 0xebeb, 0X1, 0xeb69, 0X6B, 0xffe0, 0X1,
0x0000, 0X13, 0xffe0, 0X1, 0xeb8a, 0X1, 0xeb69, 0X69, 0xebaa, 0X1, 0x0000, 0X15, 0xffe0, 0X1, 0xeb69, 0X69, 0xffff, 0X1, 0x0000, 0X16, 0xebeb, 0X1, 0xeb69, 0X66, 0xeb89, 0X1, 0xf800, 0X1, 0x0000, 0X17, 0xffff, 0X1, 0xeb69, 0X65, 0xeb89, 0X1, 0xebeb, 0X1, 0x0000, 0X19, 0xf800, 0X1, 0xeb89, 0X1, 0xeb69, 0X63, 0xebcb, 0X1, 0xffe0, 0X1, 0x0000, 0X1A,
0xf800, 0X1, 0xeb69, 0X63, 0xffe0, 0X1, 0x0000, 0X1C, 0xec0c, 0X1, 0xeb69, 0X61, 0xffe0, 0X1, 0x0000, 0X1D, 0xffff, 0X1, 0xebaa, 0X1, 0xeb69, 0X5F, 0xf800, 0X1, 0x0000, 0X1F, 0xffe0, 0X1, 0xebaa, 0X1, 0xeb69, 0X5C, 0xeb89, 0X1, 0xebcb, 0X1, 0x0000, 0X21, 0xffe0, 0X1, 0xeb8a, 0X1, 0xeb69, 0X5B, 0xebcb, 0X1, 0xffe0, 0X1, 0x0000, 0X22, 0xffe0, 0X1,
0xeb8a, 0X1, 0xeb69, 0X59, 0xf800, 0X1, 0x0000, 0X25, 0xffe0, 0X1, 0xeb89, 0X1, 0xeb69, 0X57, 0xf800, 0X1, 0x0000, 0X27, 0xffe0, 0X1, 0xebaa, 0X1, 0xeb69, 0X54, 0xeb89, 0X1, 0xebcb, 0X1, 0x0000, 0X29, 0xffe0, 0X1, 0xeb8a, 0X1, 0xeb69, 0X53, 0xebcb, 0X1, 0xffe0, 0X1, 0x0000, 0X2A, 0xffe0, 0X1, 0xebaa, 0X1, 0xeb69, 0X51, 0xf800, 0X1, 0x0000, 0X2E,
0xffe0, 0X1, 0xeb69, 0X4F, 0xffe0, 0X1, 0x0000, 0X30, 0xffe0, 0X1, 0xeb69, 0X4C, 0xebaa, 0X1, 0xffe0, 0X1, 0x0000, 0X32, 0xffe0, 0X1, 0xebaa, 0X1, 0xeb69, 0X48, 0xeb89, 0X1, 0xebcb, 0X1, 0xffe0, 0X1, 0x0000, 0X34, 0xffe0, 0X1, 0xebaa, 0X1, 0xeb69, 0X47, 0x0000, 0X39, 0xffe0, 0X1, 0xeb69, 0X44, 0xebaa, 0X1, 0xffe0, 0X1, 0x0000, 0X3A, 0xffff, 0X1,
0xebeb, 0X1, 0xeb89, 0X1, 0xeb69, 0X3F, 0xeb8a, 0X1, 0xffe0, 0X1, 0x0000, 0X3E, 0xffe0, 0X1, 0xebeb, 0X1, 0xeb69, 0X3C, 0xeb89, 0X1, 0xebec, 0X1, 0xffe0, 0X1, 0x0000, 0X41, 0xf800, 0X1, 0xeb69, 0X3A, 0xeb89, 0X1, 0xf800, 0X1, 0x0000, 0X45, 0xffe0, 0X1, 0xeb8a, 0X1, 0xeb69, 0X35, 0xebaa, 0X1, 0xffe0, 0X1, 0x0000, 0X49, 0xffe0, 0X1, 0xebcb, 0X1,
0xeb89, 0X1, 0xeb69, 0X2F, 0xeb8a, 0X1, 0xec0c, 0X1, 0xffff, 0X1, 0x0000, 0X4D, 0xffe0, 0X1, 0xec0d, 0X1, 0xebcb, 0X1, 0xeb69, 0X2A, 0xeb89, 0X1, 0xebeb, 0X1, 0xec2d, 0X1, 0xffe0, 0X1, 0x0000, 0X51, 0xffff, 0X1, 0xebaa, 0X2, 0xeb8a, 0X1, 0xeb89, 0X1, 0xeb69, 0X23, 0xeb89, 0X1, 0xeb8a, 0X1, 0xebaa, 0X1, 0xffff, 0X1, 0x0000, 0X58, 0xffe0, 0X1,
0xebaa, 0X1, 0xeb89, 0X1, 0xeb69, 0X1F, 0xeb89, 0X1, 0xebcb, 0X1, 0xffe0, 0X1, 0x0000, 0X5F, 0xffe0, 0X1, 0xec2d, 0X1, 0xebcb, 0X1, 0xeb8a, 0X1, 0xeb69, 0X15, 0xebaa, 0X1, 0xebeb, 0X1, 0xec4d, 0X1, 0xffff, 0X1, 0x0000, 0X67, 0xffff, 0X1, 0xec8f, 0X2, 0xec4d, 0X1, 0xec2d, 0X3, 0xec0c, 0X1, 0xebeb, 0X1, 0xebcb, 0X3, 0xec0c, 0X2, 0xec2d, 0X3, 0xec6e, 0X1, 0xec8f, 0X2, 0xffff, 0X1, 0x0000, 0X73, 0xecd0, 0X1, 0xec8e, 0X2, 0xec8f, 0X1, 0x0000, 0X3F
};

static const uint16_t lcd_01n[3042] = {
0x0000, 0X34, 0xffff, 0X1, 0xdedb, 0X1, 0xd6ba, 0X1, 0xdedb, 0X1, 0xd6ba, 0X2, 0xd69a, 0X4, 0xd6ba, 0X1, 0xdedb, 0X1, 0xdefb, 0X1, 0xe71c, 0X2, 0xe73c, 0X5, 0xef5d, 0X1, 0xe73c, 0X1, 0xef5d, 0X1, 0xffff, 0X1, 0x0000, 0X64, 0xd6ba, 0X1, 0xdedb, 0X1, 0xd6ba, 0X1, 0xd69a, 0X1, 0xce79, 0X4, 0xd69a, 0X1, 0xd6ba, 0X1, 0xdefb, 0X1, 0xe71c, 0X1,
0xe73c, 0X13, 0xef5d, 0X1, 0x0000, 0X5C, 0xce79, 0X1, 0xdedb, 0X1, 0xd6ba, 0X1, 0xd69a, 0X1, 0xce79, 0X5, 0xd6ba, 0X1, 0xdefb, 0X1, 0xe73c, 0X1A, 0xef5d, 0X1, 0xe73c, 0X1, 0xdedb, 0X1, 0x0000, 0X55, 0xd6ba, 0X3, 0xd69a, 0X1, 0xce79, 0X5, 0xd6ba, 0X1, 0xdefb, 0X1, 0xe73c, 0X22, 0xffff, 0X1, 0x0000, 0X50, 0xdedb, 0X1, 0xd6ba, 0X1, 0xd69a, 0X1, 0xce79, 0X5, 0xd69a, 0X1, 0xdedb, 0X1, 0xe73c, 0X28, 0x0000, 0X4C, 0xd6ba, 0X2, 0xce79, 0X6, 0xd6ba, 0X1, 0xdefb, 0X1, 0xe73c, 0X2A, 0xef5d, 0X2, 0xffff, 0X1, 0x0000, 0X46,
0xffff, 0X1, 0xdedb, 0X1, 0xd69a, 0X1, 0xce79, 0X6, 0xd6ba, 0X1, 0xe73c, 0X30, 0xef5d, 0X1, 0xffff, 0X1, 0x0000, 0X43, 0xdedb, 0X1, 0xd69a, 0X1, 0xce79, 0X6, 0xd6ba, 0X1, 0xe71c, 0X1, 0xe73c, 0X34, 0x0000, 0X40, 0xdefb, 0X1, 0xd69a, 0X1, 0xce79, 0X6, 0xd6ba, 0X1, 0xe71c, 0X1, 0xe73c, 0X36, 0xce59, 0X1, 0xd69a, 0X1, 0x0000, 0X3C, 0xdedb, 0X1, 0xd6ba, 0X1, 0xce79, 0X7, 0xdefb, 0X1, 0xe73c, 0X37, 0xce79, 0X1, 0xbdf7, 0X1, 0xc618, 0X1, 0xce59, 0X2, 0x0000, 0X39, 0xdedb, 0X1, 0xd69a, 0X1, 0xce79, 0X6, 0xd6ba, 0X1,
0xe73c, 0X38, 0xdefb, 0X1, 0xc618, 0X1, 0xbdf7, 0X3, 0xc618, 0X1, 0xce79, 0X1, 0x0000, 0X36, 0xce79, 0X1, 0xd6ba, 0X1, 0xce79, 0X7, 0xdefb, 0X1, 0xe73c, 0X39, 0xc638, 0X1, 0xbdf7, 0X6, 0xce59, 0X1, 0xd6ba, 0X1, 0x0000, 0X33, 0xdedb, 0X1, 0xd69a, 0X1, 0xce79, 0X6, 0xd6ba, 0X1, 0xe73c, 0X19, 0xe71c, 0X1, 0xd6ba, 0X1, 0xce79, 0X1, 0xce59, 0X1, 0xc638, 0X1, 0xce59, 0X2, 0xd69a, 0X1, 0xdefb, 0X1, 0xe73c, 0X18, 0xdefb, 0X1, 0xbdf7, 0X7, 0xc638, 0X1, 0xd69a, 0X1, 0xdedb, 0X1, 0x0000, 0X31, 0xdedb, 0X1, 0xce79, 0X7,
0xdedb, 0X1, 0xe73c, 0X18, 0xd6ba, 0X1, 0xc638, 0X1, 0xbdf7, 0X6, 0xc638, 0X1, 0xce59, 0X1, 0xce79, 0X1, 0xd69a, 0X1, 0xdedb, 0X1, 0xe73c, 0X16, 0xce59, 0X1, 0xbdf7, 0X7, 0xce59, 0X1, 0xce79, 0X2, 0xdedb, 0X1, 0x0000, 0X2E, 0xd6ba, 0X2, 0xce79, 0X7, 0xdefb, 0X1, 0xe73c, 0X17, 0xdedb, 0X1, 0xc638, 0X1, 0xbdf7, 0X6, 0xc638, 0X1, 0xce79, 0X7, 0xdedb, 0X1, 0xe73c, 0X14, 0xc618, 0X1, 0xbdf7, 0X6, 0xc618, 0X1, 0xce79, 0X4, 0xd6ba, 0X1, 0xffff, 0X1, 0x0000, 0X2B, 0xdedb, 0X1, 0xd69a, 0X1, 0xce79, 0X6, 0xd69a, 0X1,
0xe71c, 0X1, 0xe73c, 0X17, 0xce79, 0X1, 0xbdf7, 0X6, 0xc618, 0X1, 0xce59, 0X1, 0xce79, 0X9, 0xd69a, 0X1, 0xe71c, 0X1, 0xe73c, 0X11, 0xd6ba, 0X1, 0xbdf7, 0X7, 0xc638, 0X1, 0xce79, 0X5, 0xd6ba, 0X2, 0x0000, 0X29, 0xdefb, 0X1, 0xd69a, 0X1, 0xce79, 0X6, 0xd69a, 0X1, 0xe73c, 0X17, 0xe71c, 0X1, 0xc638, 0X1, 0xbdf7, 0X6, 0xc618, 0X1, 0xce79, 0XD, 0xe71c, 0X1, 0xe73c, 0X10, 0xce59, 0X1, 0xbdf7, 0X7, 0xce59, 0X1, 0xce79, 0X6, 0xd69a, 0X1, 0xdedb, 0X1, 0x0000, 0X27, 0xdefb, 0X1, 0xd69a, 0X1, 0xce79, 0X6, 0xd69a, 0X1,
0xe73c, 0X18, 0xc638, 0X1, 0xbdf7, 0X6, 0xc618, 0X1, 0xce79, 0XF, 0xe71c, 0X1, 0xe73c, 0XF, 0xc618, 0X1, 0xbdf7, 0X6, 0xc618, 0X1, 0xce79, 0X8, 0xd69a, 0X1, 0xdedb, 0X1, 0x0000, 0X25, 0xdedb, 0X1, 0xd69a, 0X1, 0xce79, 0X6, 0xd69a, 0X1, 0xe73c, 0X18, 0xce59, 0X1, 0xbdf7, 0X7, 0xce59, 0X1, 0xce79, 0XF, 0xd69a, 0X1, 0xe73c, 0XE, 0xe71c, 0X1, 0xbdf7, 0X7, 0xc618, 0X1, 0xce79, 0X9, 0xd69a, 0X1, 0xdedb, 0X1, 0x0000, 0X23, 0xdedb, 0X1, 0xd69a, 0X1, 0xce79, 0X6, 0xd69a, 0X1, 0xe73c, 0X18, 0xd6ba, 0X1, 0xbdf7, 0X7,
0xc638, 0X1, 0xce79, 0X11, 0xd6ba, 0X1, 0xe73c, 0XD, 0xdedb, 0X1, 0xbdf7, 0X7, 0xc638, 0X1, 0xce79, 0XA, 0xd69a, 0X1, 0xd6ba, 0X1, 0x0000, 0X21, 0xdedb, 0X1, 0xd69a, 0X1, 0xce79, 0X6, 0xd69a, 0X1, 0xe73c, 0X19, 0xc618, 0X1, 0xbdf7, 0X6, 0xc618, 0X1, 0xce79, 0X13, 0xe71c, 0X1, 0xe73c, 0XC, 0xd69a, 0X1, 0xbdf7, 0X7, 0xc638, 0X1, 0xce79, 0XB, 0xd69a, 0X1, 0xd6ba, 0X1, 0x0000, 0X1F, 0xd6ba, 0X1, 0xd69a, 0X1, 0xce79, 0X6, 0xd69a, 0X1, 0xe71c, 0X1, 0xe73c, 0X18, 0xd69a, 0X1, 0xbdf7, 0X7, 0xc638, 0X1, 0xce79, 0X13,
0xd69a, 0X1, 0xe73c, 0XC, 0xce79, 0X1, 0xbdf7, 0X7, 0xce59, 0X1, 0xce79, 0XC, 0xd69a, 0X2, 0x0000, 0X1D, 0xffff, 0X1, 0xd69a, 0X1, 0xce79, 0X7, 0xe71c, 0X1, 0xe73c, 0X19, 0xc638, 0X1, 0xbdf7, 0X7, 0xce79, 0X15, 0xe71c, 0X1, 0xe73c, 0XB, 0xce79, 0X1, 0xbdf7, 0X7, 0xce59, 0X1, 0xce79, 0XD, 0xd6ba, 0X1, 0xffff, 0X1, 0x0000, 0X1C, 0xd6ba, 0X1, 0xce79, 0X7, 0xe71c, 0X1, 0xe73c, 0X19, 0xe71c, 0X1, 0xbdf7, 0X7, 0xc618, 0X1, 0xce79, 0X15, 0xdedb, 0X1, 0xe73c, 0XB, 0xce79, 0X1, 0xbdf7, 0X7, 0xce59, 0X1, 0xce79, 0XE,
0xd6ba, 0X1, 0x0000, 0X1B, 0xdedb, 0X1, 0xce79, 0X7, 0xdefb, 0X1, 0xe73c, 0X1A, 0xd69a, 0X1, 0xbdf7, 0X7, 0xc638, 0X1, 0xce79, 0X15, 0xd69a, 0X1, 0xe73c, 0XB, 0xce79, 0X1, 0xbdf7, 0X7, 0xce59, 0X1, 0xce79, 0XF, 0xd6ba, 0X1, 0x0000, 0X19, 0xdedb, 0X1, 0xce79, 0X7, 0xd6ba, 0X1, 0xe73c, 0X1B, 0xce59, 0X1, 0xbdf7, 0X7, 0xce59, 0X1, 0xce79, 0X16, 0xe73c, 0XB, 0xd69a, 0X1, 0xbdf7, 0X7, 0xc638, 0X1, 0xce79, 0X10, 0xd6ba, 0X1, 0x0000, 0X17, 0xce79, 0X1, 0xd69a, 0X1, 0xce79, 0X6, 0xd69a, 0X1, 0xe73c, 0X1C, 0xc638, 0X1,
0xbdf7, 0X7, 0xce59, 0X1, 0xce79, 0X16, 0xe73c, 0XB, 0xd6ba, 0X1, 0xbdf7, 0X7, 0xc638, 0X1, 0xce79, 0X10, 0xd69a, 0X1, 0xdedb, 0X1, 0x0000, 0X16, 0xd6ba, 0X1, 0xce79, 0X7, 0xdefb, 0X1, 0xe73c, 0X1C, 0xc638, 0X1, 0xbdf7, 0X7, 0xce79, 0X17, 0xe71c, 0X1, 0xe73c, 0XA, 0xdefb, 0X1, 0xbdf7, 0X7, 0xc638, 0X1, 0xce79, 0X11, 0xd6ba, 0X1, 0x0000, 0X15, 0xdedb, 0X1, 0xce79, 0X7, 0xdedb, 0X1, 0xe73c, 0X1D, 0xc638, 0X1, 0xbdf7, 0X7, 0xce59, 0X1, 0xce79, 0X16, 0xe71c, 0X1, 0xe73c, 0XB, 0xc618, 0X1, 0xbdf7, 0X6, 0xc618, 0X1,
0xce79, 0X12, 0xdedb, 0X1, 0x0000, 0X13, 0xdedb, 0X1, 0xd69a, 0X1, 0xce79, 0X6, 0xd69a, 0X1, 0xe73c, 0X1E, 0xce59, 0X1, 0xbdf7, 0X7, 0xce59, 0X1, 0xce79, 0X16, 0xe73c, 0XC, 0xc638, 0X1, 0xbdf7, 0X7, 0xce79, 0X12, 0xd69a, 0X1, 0xdefb, 0X1, 0x0000, 0X12, 0xd6ba, 0X1, 0xce79, 0X7, 0xe71c, 0X1, 0xe73c, 0X1E, 0xce79, 0X1, 0xbdf7, 0X7, 0xce59, 0X1, 0xce79, 0X15, 0xd69a, 0X1, 0xe73c, 0XC, 0xce79, 0X1, 0xbdf7, 0X7, 0xce59, 0X1, 0xce79, 0X12, 0xd6ba, 0X1, 0x0000, 0X11, 0xdedb, 0X1, 0xce79, 0X7, 0xd6ba, 0X1, 0xe73c, 0X1F,
0xd6ba, 0X1, 0xbdf7, 0X7, 0xc638, 0X1, 0xce79, 0X15, 0xd6ba, 0X1, 0xe73c, 0XC, 0xdefb, 0X1, 0xbdf7, 0X7, 0xc638, 0X1, 0xce79, 0X13, 0xdedb, 0X1, 0x0000, 0X10, 0xd6ba, 0X1, 0xce79, 0X7, 0xe71c, 0X1, 0xe73c, 0X20, 0xc618, 0X1, 0xbdf7, 0X6, 0xc618, 0X1, 0xce79, 0X15, 0xdefb, 0X1, 0xe73c, 0XD, 0xc638, 0X1, 0xbdf7, 0X6, 0xc618, 0X1, 0xce79, 0X13, 0xd6ba, 0X1, 0x0000, 0XF, 0xdedb, 0X1, 0xce79, 0X7, 0xdedb, 0X1, 0xe73c, 0X21, 0xce59, 0X1, 0xbdf7, 0X7, 0xce59, 0X1, 0xce79, 0X14, 0xe73c, 0XE, 0xd69a, 0X1, 0xbdf7, 0X7,
0xce59, 0X1, 0xce79, 0X13, 0xdedb, 0X1, 0x0000, 0XD, 0xffff, 0X1, 0xd69a, 0X1, 0xce79, 0X7, 0xe73c, 0X22, 0xdefb, 0X1, 0xbdf7, 0X7, 0xc638, 0X1, 0xce79, 0X13, 0xdedb, 0X1, 0xe73c, 0XF, 0xc618, 0X1, 0xbdf7, 0X6, 0xc618, 0X1, 0xce79, 0X13, 0xd69a, 0X1, 0xffff, 0X1, 0x0000, 0XC, 0xdedb, 0X1, 0xce79, 0X7, 0xdedb, 0X1, 0xe73c, 0X23, 0xce59, 0X1, 0xbdf7, 0X7, 0xce59, 0X1, 0xce79, 0X12, 0xe73c, 0X10, 0xce79, 0X1, 0xbdf7, 0X7, 0xce59, 0X1, 0xce79, 0X13, 0xd6ba, 0X1, 0x0000, 0XC, 0xd69a, 0X1, 0xce79, 0X7, 0xe73c, 0X24,
0xe71c, 0X1, 0xc618, 0X1, 0xbdf7, 0X6, 0xc618, 0X1, 0xce79, 0X11, 0xdefb, 0X1, 0xe73c, 0X11, 0xc618, 0X1, 0xbdf7, 0X6, 0xc618, 0X1, 0xce79, 0X13, 0xd69a, 0X1, 0x0000, 0XB, 0xdedb, 0X1, 0xce79, 0X7, 0xd6ba, 0X1, 0xe73c, 0X25, 0xdedb, 0X1, 0xc618, 0X1, 0xbdf7, 0X6, 0xc638, 0X1, 0xce79, 0XF, 0xd6ba, 0X1, 0xe73c, 0X12, 0xdedb, 0X1, 0xbdf7, 0X7, 0xc638, 0X1, 0xce79, 0X13, 0xd6ba, 0X1, 0x0000, 0XA, 0xd6ba, 0X1, 0xce79, 0X7, 0xe71c, 0X1, 0xe73c, 0X26, 0xd69a, 0X1, 0xbdf7, 0X7, 0xc638, 0X1, 0xce79, 0XD, 0xd6ba, 0X1,
0xe73c, 0X14, 0xce59, 0X1, 0xbdf7, 0X7, 0xce59, 0X1, 0xce79, 0X12, 0xd6ba, 0X1, 0x0000, 0X9, 0xdedb, 0X1, 0xce79, 0X7, 0xd6ba, 0X1, 0xe73c, 0X28, 0xd6ba, 0X1, 0xc618, 0X1, 0xbdf7, 0X6, 0xc638, 0X1, 0xce79, 0XB, 0xd6ba, 0X1, 0xe73c, 0X16, 0xc638, 0X1, 0xbdf7, 0X6, 0xc618, 0X1, 0xce79, 0X13, 0xdedb, 0X1, 0x0000, 0X8, 0xd6ba, 0X1, 0xce79, 0X7, 0xe71c, 0X1, 0xe73c, 0X29, 0xdefb, 0X1, 0xc618, 0X1, 0xbdf7, 0X6, 0xc618, 0X1, 0xce79, 0X9, 0xdefb, 0X1, 0xe73c, 0X17, 0xe71c, 0X1, 0xc618, 0X1, 0xbdf7, 0X6, 0xc618, 0X1,
0xce79, 0X12, 0xd6ba, 0X1, 0x0000, 0X7, 0xe73c, 0X1, 0xd69a, 0X1, 0xce79, 0X6, 0xd69a, 0X1, 0xe73c, 0X2C, 0xd6ba, 0X1, 0xc618, 0X1, 0xbdf7, 0X5, 0xc618, 0X1, 0xc638, 0X1, 0xce79, 0X5, 0xd6ba, 0X1, 0xe73c, 0X1A, 0xdefb, 0X1, 0xc618, 0X1, 0xbdf7, 0X6, 0xc618, 0X1, 0xce79, 0X11, 0xd69a, 0X1, 0xdefb, 0X1, 0x0000, 0X6, 0xdedb, 0X1, 0xce79, 0X7, 0xdedb, 0X1, 0xe73c, 0X2E, 0xd6ba, 0X1, 0xce59, 0X1, 0xc618, 0X1, 0xbdf7, 0X5, 0xc638, 0X1, 0xd69a, 0X1, 0xdedb, 0X1, 0xe73c, 0X1D, 0xdefb, 0X1, 0xc618, 0X1, 0xbdf7, 0X6,
0xc618, 0X1, 0xce79, 0X11, 0xd6ba, 0X1, 0x0000, 0X6, 0xd6ba, 0X1, 0xce79, 0X7, 0xe71c, 0X1, 0xe73c, 0X31, 0xe71c, 0X1, 0xdefb, 0X1, 0xdedb, 0X2, 0xdefb, 0X1, 0xe73c, 0X21, 0xe71c, 0X1, 0xc638, 0X1, 0xbdf7, 0X6, 0xc618, 0X1, 0xce59, 0X1, 0xce79, 0XF, 0xd6ba, 0X1, 0x0000, 0X5, 0xce79, 0X1, 0xd69a, 0X1, 0xce79, 0X6, 0xd69a, 0X1, 0xe73c, 0X5A, 0xce79, 0X1, 0xbdf7, 0X7, 0xce59, 0X1, 0xce79, 0XE, 0xd69a, 0X1, 0xd6ba, 0X1, 0x0000, 0X4, 0xdedb, 0X1, 0xce79, 0X7, 0xdedb, 0X1, 0xe73c, 0X5B, 0xdedb, 0X1, 0xc638, 0X1,
0xbdf7, 0X6, 0xc638, 0X1, 0xce79, 0XE, 0xdedb, 0X1, 0x0000, 0X4, 0xd6ba, 0X1, 0xce79, 0X7, 0xe71c, 0X1, 0xe73c, 0X5D, 0xd6ba, 0X1, 0xc618, 0X1, 0xbdf7, 0X6, 0xc638, 0X1, 0xce79, 0XC, 0xd6ba, 0X1, 0x0000, 0X4, 0xd69a, 0X1, 0xce79, 0X7, 0xe73c, 0X60, 0xd6ba, 0X1, 0xc638, 0X1, 0xc618, 0X1, 0xbdf7, 0X5, 0xc638, 0X1, 0xce59, 0X1, 0xce79, 0X9, 0xd6ba, 0X1, 0x0000, 0X3, 0xd6ba, 0X1, 0xce79, 0X7, 0xd69a, 0X1, 0xe73c, 0X63, 0xd6ba, 0X1, 0xce59, 0X1, 0xc618, 0X2, 0xbdf7, 0X3, 0xc618, 0X1, 0xc638, 0X1, 0xce59, 0X1,
0xce79, 0X2, 0xd69a, 0X1, 0xdedb, 0X1, 0xdefb, 0X1, 0xe73c, 0X2, 0xef5d, 0X1, 0x0000, 0X2, 0xdedb, 0X1, 0xce79, 0X7, 0xdedb, 0X1, 0xe73c, 0X67, 0xdefb, 0X1, 0xdedb, 0X1, 0xd6ba, 0X2, 0xdedb, 0X2, 0xdefb, 0X1, 0xe73c, 0X7, 0x0000, 0X2, 0xd6ba, 0X1, 0xce79, 0X7, 0xe71c, 0X1, 0xe73c, 0X74, 0xef5d, 0X1, 0x0000, 0X2, 0xd69a, 0X1, 0xce79, 0X7, 0xe73c, 0X75, 0xef5d, 0X1, 0x0000, 0X1, 0xffff, 0X1, 0xce79, 0X7, 0xd69a, 0X1, 0xe73c, 0X76, 0xffff, 0X1, 0xdedb, 0X1, 0xce79, 0X7, 0xd6ba, 0X1, 0xe73c, 0X77, 0xdedb, 0X1,
0xce79, 0X7, 0xdedb, 0X1, 0xe73c, 0X77, 0xd6ba, 0X1, 0xce79, 0X7, 0xdefb, 0X1, 0xe73c, 0X77, 0xd6ba, 0X1, 0xce79, 0X7, 0xe71c, 0X1, 0xe73c, 0X77, 0xd6ba, 0X1, 0xce79, 0X7, 0xe73c, 0X78, 0xd69a, 0X1, 0xce79, 0X7, 0xe73c, 0X78, 0xd69a, 0X1, 0xce79, 0X7, 0xe73c, 0X5D, 0xdefb, 0X1, 0xdedb, 0X1, 0xdefb, 0X1, 0xe73c, 0X18, 0xd69a, 0X1, 0xce79, 0X6, 0xd69a, 0X1, 0xe73c, 0X3B, 0xdefb, 0X1, 0xce79, 0X1, 0xce59, 0X2, 0xd6ba, 0X1, 0xe73c, 0X1A, 0xdedb, 0X1, 0xc638, 0X1, 0xc618, 0X1, 0xbdf7, 0X3, 0xc618, 0X1, 0xce59, 0X1,
0xe71c, 0X1, 0xe73c, 0X14, 0xef5d, 0X1, 0xd69a, 0X1, 0xce79, 0X6, 0xd69a, 0X1, 0xe73c, 0X3A, 0xdedb, 0X1, 0xc618, 0X1, 0xbdf7, 0X4, 0xc618, 0X1, 0xe71c, 0X1, 0xe73c, 0X17, 0xce79, 0X1, 0xbdf7, 0X6, 0xc618, 0X1, 0xc638, 0X1, 0xce79, 0X1, 0xdefb, 0X1, 0xe73c, 0X14, 0xce79, 0X7, 0xd69a, 0X1, 0xe73c, 0X39, 0xe71c, 0X1, 0xc618, 0X1, 0xbdf7, 0X6, 0xc638, 0X1, 0xe73c, 0X16, 0xce79, 0X1, 0xbdf7, 0X7, 0xce59, 0X1, 0xce79, 0X3, 0xdefb, 0X1, 0xe73c, 0X13, 0xce79, 0X7, 0xd69a, 0X1, 0xe73c, 0X39, 0xce79, 0X1, 0xbdf7, 0X8,
0xdefb, 0X1, 0xe73c, 0X14, 0xdedb, 0X1, 0xbdf7, 0X7, 0xc638, 0X1, 0xce79, 0X5, 0xe73c, 0X13, 0xce79, 0X7, 0xd69a, 0X1, 0xe73c, 0X39, 0xce59, 0X1, 0xbdf7, 0X8, 0xd6ba, 0X1, 0xe73c, 0X14, 0xc638, 0X1, 0xbdf7, 0X7, 0xce79, 0X6, 0xdedb, 0X1, 0xe73c, 0X12, 0xce79, 0X7, 0xd69a, 0X1, 0xe73c, 0X39, 0xce59, 0X1, 0xbdf7, 0X8, 0xd6ba, 0X1, 0xe73c, 0X13, 0xe71c, 0X1, 0xc618, 0X1, 0xbdf7, 0X6, 0xc618, 0X1, 0xce79, 0X6, 0xd69a, 0X1, 0xe73c, 0X12, 0xd69a, 0X1, 0xce79, 0X6, 0xd69a, 0X1, 0xe73c, 0X39, 0xd6ba, 0X1, 0xbdf7, 0X8,
0xe71c, 0X1, 0xe73c, 0X13, 0xdedb, 0X1, 0xbdf7, 0X7, 0xc638, 0X1, 0xce79, 0X7, 0xe73c, 0X12, 0xd69a, 0X1, 0xce79, 0X6, 0xd69a, 0X1, 0xe73c, 0X3A, 0xc638, 0X1, 0xbdf7, 0X6, 0xce79, 0X1, 0xe73c, 0X14, 0xd6ba, 0X1, 0xbdf7, 0X7, 0xc638, 0X1, 0xce79, 0X7, 0xe73c, 0X12, 0xd69a, 0X1, 0xce79, 0X7, 0xe73c, 0X3A, 0xe71c, 0X1, 0xc638, 0X1, 0xbdf7, 0X4, 0xd69a, 0X1, 0xe73c, 0X15, 0xdedb, 0X1, 0xbdf7, 0X7, 0xc638, 0X1, 0xce79, 0X7, 0xe73c, 0X12, 0xd69a, 0X1, 0xce79, 0X7, 0xe73c, 0X3C, 0xdefb, 0X1, 0xd6ba, 0X2, 0xe71c, 0X1,
0xe73c, 0X17, 0xbdf7, 0X7, 0xc618, 0X1, 0xce79, 0X6, 0xd69a, 0X1, 0xe73c, 0X12, 0xd6ba, 0X1, 0xce79, 0X7, 0xe73c, 0X57, 0xce59, 0X1, 0xbdf7, 0X7, 0xce59, 0X1, 0xce79, 0X5, 0xdedb, 0X1, 0xe73c, 0X12, 0xd6ba, 0X1, 0xce79, 0X7, 0xe71c, 0X1, 0xe73c, 0X56, 0xdefb, 0X1, 0xc618, 0X1, 0xbdf7, 0X6, 0xc638, 0X1, 0xce79, 0X4, 0xd69a, 0X1, 0xe73c, 0X13, 0xdedb, 0X1, 0xce79, 0X7, 0xdefb, 0X1, 0xe73c, 0X57, 0xd69a, 0X1, 0xbdf7, 0X7, 0xce59, 0X1, 0xce79, 0X3, 0xe71c, 0X1, 0xe73c, 0X13, 0xd6ba, 0X1, 0xce79, 0X7, 0xdedb, 0X1,
0xe73c, 0X58, 0xd69a, 0X1, 0xbdf7, 0X7, 0xc638, 0X1, 0xd69a, 0X1, 0xe71c, 0X1, 0xe73c, 0X14, 0xdedb, 0X1, 0xce79, 0X7, 0xd6ba, 0X1, 0xe73c, 0X59, 0xe71c, 0X1, 0xce59, 0X1, 0xc618, 0X1, 0xbdf7, 0X3, 0xc618, 0X1, 0xce79, 0X1, 0xe71c, 0X1, 0xe73c, 0X15, 0xffff, 0X1, 0xd69a, 0X1, 0xce79, 0X6, 0xd69a, 0X1, 0xe73c, 0X5C, 0xe71c, 0X1, 0xdefb, 0X1, 0xe73c, 0X18, 0xffff, 0X1, 0x0000, 0X1, 0xd69a, 0X1, 0xce79, 0X7, 0xe73c, 0X76, 0x0000, 0X2, 0xd6ba, 0X1, 0xce79, 0X7, 0xe71c, 0X1, 0xe73c, 0X75, 0x0000, 0X2, 0xd6ba, 0X1,
0xce79, 0X7, 0xdedb, 0X1, 0xe73c, 0X75, 0x0000, 0X2, 0xe71c, 0X1, 0xce79, 0X7, 0xd6ba, 0X1, 0xe73c, 0X74, 0xef5d, 0X1, 0x0000, 0X3, 0xd69a, 0X1, 0xce79, 0X7, 0xe73c, 0X74, 0x0000, 0X4, 0xd6ba, 0X1, 0xce79, 0X7, 0xe71c, 0X1, 0xe73c, 0X73, 0x0000, 0X4, 0xd6ba, 0X1, 0xce79, 0X7, 0xdedb, 0X1, 0xe73c, 0X72, 0xef5d, 0X1, 0x0000, 0X4, 0xdedb, 0X1, 0xd69a, 0X1, 0xce79, 0X6, 0xd69a, 0X1, 0xe73c, 0X71, 0xef5d, 0X1, 0xd6ba, 0X1, 0x0000, 0X5, 0xd6ba, 0X1, 0xce79, 0X7, 0xe71c, 0X1, 0xe73c, 0X71, 0x0000, 0X6, 0xdedb, 0X1,
0xce79, 0X7, 0xdedb, 0X1, 0xe73c, 0X71, 0x0000, 0X6, 0xdefb, 0X1, 0xd69a, 0X1, 0xce79, 0X6, 0xd69a, 0X1, 0xe73c, 0X70, 0xffff, 0X1, 0x0000, 0X7, 0xd6ba, 0X1, 0xce79, 0X7, 0xe71c, 0X1, 0xe73c, 0X6E, 0xef5d, 0X1, 0x0000, 0X8, 0xdedb, 0X1, 0xce79, 0X7, 0xd6ba, 0X1, 0xe73c, 0X6E, 0xef5d, 0X1, 0x0000, 0X9, 0xd69a, 0X1, 0xce79, 0X7, 0xe71c, 0X1, 0xe73c, 0X55, 0xdedb, 0X1, 0xce59, 0X1, 0xc638, 0X1, 0xc618, 0X1, 0xbdf7, 0X3, 0xc618, 0X1, 0xce79, 0X1, 0xdedb, 0X1, 0xe71c, 0X1, 0xe73c, 0XD, 0x0000, 0XA, 0xd6ba, 0X1,
0xce79, 0X7, 0xdedb, 0X1, 0xe73c, 0X53, 0xd69a, 0X1, 0xc618, 0X1, 0xbdf7, 0X5, 0xc618, 0X1, 0xc638, 0X1, 0xce79, 0X4, 0xd6ba, 0X1, 0xe71c, 0X1, 0xe73c, 0XB, 0x0000, 0XB, 0xd69a, 0X1, 0xce79, 0X7, 0xe73c, 0X51, 0xdedb, 0X1, 0xc618, 0X1, 0xbdf7, 0X6, 0xc638, 0X1, 0xce79, 0X8, 0xd6ba, 0X1, 0xe73c, 0X9, 0x0000, 0XC, 0xdedb, 0X1, 0xce79, 0X7, 0xdedb, 0X1, 0xe73c, 0X4F, 0xd6ba, 0X1, 0xbdf7, 0X7, 0xc638, 0X1, 0xce79, 0XA, 0xd69a, 0X1, 0xe71c, 0X1, 0xe73c, 0X7, 0x0000, 0XC, 0xffff, 0X1, 0xd69a, 0X1, 0xce79, 0X6,
0xd69a, 0X1, 0xe73c, 0X4E, 0xce79, 0X1, 0xbdf7, 0X7, 0xce59, 0X1, 0xce79, 0XD, 0xe71c, 0X1, 0xe73c, 0X5, 0xffff, 0X1, 0x0000, 0XD, 0xd6ba, 0X1, 0xce79, 0X7, 0xdedb, 0X1, 0xe73c, 0X4C, 0xd69a, 0X1, 0xbdf7, 0X7, 0xce59, 0X1, 0xce79, 0XF, 0xe71c, 0X1, 0xe73c, 0X3, 0xef5d, 0X1, 0x0000, 0XF, 0xd69a, 0X1, 0xce79, 0X7, 0xe71c, 0X1, 0xe73c, 0X4A, 0xdedb, 0X1, 0xc618, 0X1, 0xbdf7, 0X6, 0xc638, 0X1, 0xce79, 0X10, 0xd69a, 0X1, 0xe73c, 0X3, 0x0000, 0X10, 0xdedb, 0X1, 0xce79, 0X7, 0xd6ba, 0X1, 0xe73c, 0X4A, 0xc618, 0X1,
0xbdf7, 0X6, 0xc618, 0X1, 0xce79, 0X12, 0xd6ba, 0X1, 0xe73c, 0X1, 0xe71c, 0X1, 0x0000, 0X11, 0xd6ba, 0X1, 0xce79, 0X7, 0xdefb, 0X1, 0xe73c, 0X48, 0xd69a, 0X1, 0xbdf7, 0X7, 0xc638, 0X1, 0xce79, 0X13, 0xdefb, 0X1, 0x0000, 0X12, 0xd6ba, 0X1, 0xd69a, 0X1, 0xce79, 0X6, 0xd69a, 0X1, 0xe73c, 0X48, 0xc618, 0X1, 0xbdf7, 0X6, 0xc618, 0X1, 0xce79, 0X13, 0xd69a, 0X1, 0xdedb, 0X1, 0x0000, 0X13, 0xd6ba, 0X1, 0xce79, 0X7, 0xdedb, 0X1, 0xe73c, 0X46, 0xdedb, 0X1, 0xbdf7, 0X7, 0xc638, 0X1, 0xce79, 0X13, 0xdedb, 0X1, 0x0000, 0X15,
0xd6ba, 0X1, 0xce79, 0X7, 0xdefb, 0X1, 0xe73c, 0X45, 0xce59, 0X1, 0xbdf7, 0X7, 0xce59, 0X1, 0xce79, 0X12, 0xd6ba, 0X1, 0x0000, 0X16, 0xdedb, 0X1, 0xd69a, 0X1, 0xce79, 0X7, 0xe73c, 0X33, 0xd69a, 0X1, 0xc618, 0X1, 0xbdf7, 0X1, 0xc638, 0X1, 0xdedb, 0X1, 0xe73c, 0XD, 0xc638, 0X1, 0xbdf7, 0X7, 0xce79, 0X12, 0xd69a, 0X1, 0xef5d, 0X1, 0x0000, 0X17, 0xdedb, 0X1, 0xce79, 0X7, 0xd6ba, 0X1, 0xe73c, 0X31, 0xd69a, 0X1, 0xbdf7, 0X5, 0xdefb, 0X1, 0xe73c, 0XC, 0xc618, 0X1, 0xbdf7, 0X6, 0xc618, 0X1, 0xce79, 0X11, 0xd69a, 0X1,
0xd6ba, 0X1, 0x0000, 0X19, 0xd6ba, 0X1, 0xce79, 0X7, 0xdedb, 0X1, 0xe73c, 0X30, 0xc618, 0X1, 0xbdf7, 0X5, 0xce59, 0X1, 0xe73c, 0XC, 0xbdf7, 0X7, 0xc618, 0X1, 0xce79, 0X11, 0xd6ba, 0X1, 0x0000, 0X1B, 0xd6ba, 0X1, 0xce79, 0X7, 0xdefb, 0X1, 0xe73c, 0X2E, 0xe71c, 0X1, 0xbdf7, 0X6, 0xc638, 0X1, 0xe73c, 0XC, 0xbdf7, 0X7, 0xc618, 0X1, 0xce79, 0X10, 0xd6ba, 0X1, 0x0000, 0X1C, 0xffff, 0X1, 0xd6ba, 0X1, 0xce79, 0X7, 0xe71c, 0X1, 0xe73c, 0X2E, 0xc618, 0X1, 0xbdf7, 0X5, 0xce79, 0X1, 0xe73c, 0XC, 0xc618, 0X1, 0xbdf7, 0X6,
0xc618, 0X1, 0xce79, 0XF, 0xd6ba, 0X1, 0xffff, 0X1, 0x0000, 0X1D, 0xe73c, 0X1, 0xd6ba, 0X1, 0xce79, 0X6, 0xd69a, 0X1, 0xe71c, 0X1, 0xe73c, 0X2D, 0xd6ba, 0X1, 0xbdf7, 0X4, 0xc618, 0X1, 0xe71c, 0X1, 0xe73c, 0XC, 0xc618, 0X1, 0xbdf7, 0X6, 0xc618, 0X1, 0xce79, 0XE, 0xd69a, 0X2, 0x0000, 0X1F, 0xd6ba, 0X1, 0xd69a, 0X1, 0xce79, 0X6, 0xd69a, 0X1, 0xe73c, 0X2E, 0xdedb, 0X1, 0xce59, 0X1, 0xc638, 0X1, 0xce79, 0X1, 0xe71c, 0X1, 0xe73c, 0XD, 0xc638, 0X1, 0xbdf7, 0X7, 0xce79, 0XD, 0xd69a, 0X1, 0xd6ba, 0X1, 0x0000, 0X21,
0xdefb, 0X1, 0xd69a, 0X1, 0xce79, 0X6, 0xd69a, 0X1, 0xe73c, 0X3F, 0xce79, 0X1, 0xbdf7, 0X7, 0xce59, 0X1, 0xce79, 0XB, 0xd69a, 0X1, 0xdedb, 0X1, 0x0000, 0X23, 0xdedb, 0X1, 0xd69a, 0X1, 0xce79, 0X6, 0xd69a, 0X1, 0xe73c, 0X3E, 0xdefb, 0X1, 0xbdf7, 0X7, 0xc638, 0X1, 0xce79, 0XA, 0xd69a, 0X1, 0xdefb, 0X1, 0x0000, 0X25, 0xd6ba, 0X1, 0xd69a, 0X1, 0xce79, 0X6, 0xd69a, 0X1, 0xe73c, 0X3E, 0xc638, 0X1, 0xbdf7, 0X6, 0xc618, 0X1, 0xce79, 0X9, 0xd69a, 0X1, 0xd6ba, 0X1, 0x0000, 0X27, 0xdefb, 0X1, 0xd6ba, 0X1, 0xce79, 0X6,
0xd69a, 0X1, 0xe71c, 0X1, 0xe73c, 0X3C, 0xd6ba, 0X1, 0xbdf7, 0X7, 0xc638, 0X1, 0xce79, 0X7, 0xd69a, 0X1, 0xdefb, 0X1, 0x0000, 0X29, 0xd6ba, 0X2, 0xce79, 0X6, 0xd69a, 0X1, 0xe71c, 0X1, 0xe73c, 0X3C, 0xc638, 0X1, 0xbdf7, 0X6, 0xc618, 0X1, 0xce79, 0X6, 0xd6ba, 0X2, 0x0000, 0X2B, 0xffff, 0X1, 0xd6ba, 0X1, 0xce79, 0X7, 0xdefb, 0X1, 0xe73c, 0X3B, 0xe71c, 0X1, 0xc618, 0X1, 0xbdf7, 0X6, 0xc618, 0X1, 0xce79, 0X4, 0xd6ba, 0X1, 0xffff, 0X1, 0x0000, 0X2E, 0xdedb, 0X1, 0xd69a, 0X1, 0xce79, 0X6, 0xdedb, 0X1, 0xe73c, 0X3B,
0xd6ba, 0X1, 0xc618, 0X1, 0xbdf7, 0X6, 0xc638, 0X1, 0xce79, 0X1, 0xd69a, 0X1, 0xdedb, 0X1, 0x0000, 0X31, 0xd6ba, 0X1, 0xd69a, 0X1, 0xce79, 0X6, 0xd6ba, 0X1, 0xe73c, 0X3B, 0xd6ba, 0X1, 0xbdf7, 0X7, 0xce59, 0X1, 0xdedb, 0X1, 0x0000, 0X33, 0xdefb, 0X1, 0xd6ba, 0X1, 0xce79, 0X7, 0xdefb, 0X1, 0xe73c, 0X3A, 0xdedb, 0X1, 0xc618, 0X1, 0xbdf7, 0X4, 0xce59, 0X1, 0xd6ba, 0X1, 0x0000, 0X36, 0xdedb, 0X1, 0xd69a, 0X1, 0xce79, 0X6, 0xd6ba, 0X1, 0xe73c, 0X3A, 0xe71c, 0X1, 0xc638, 0X1, 0xbdf7, 0X1, 0xc618, 0X1, 0xce79, 0X1,
0x0000, 0X39, 0xdefb, 0X1, 0xd6ba, 0X1, 0xce79, 0X6, 0xd69a, 0X1, 0xdefb, 0X1, 0xe73c, 0X3A, 0xdedb, 0X1, 0xd69a, 0X1, 0x0000, 0X3C, 0xe71c, 0X1, 0xd6ba, 0X1, 0xce79, 0X6, 0xd6ba, 0X1, 0xe71c, 0X1, 0xe73c, 0X38, 0x0000, 0X40, 0xdedb, 0X1, 0xd69a, 0X1, 0xce79, 0X6, 0xd6ba, 0X1, 0xe71c, 0X1, 0xe73c, 0X33, 0xef5d, 0X1, 0x0000, 0X44, 0xd6ba, 0X2, 0xce79, 0X6, 0xd6ba, 0X1, 0xe71c, 0X1, 0xe73c, 0X30, 0x0000, 0X48, 0xdedb, 0X1, 0xd6ba, 0X1, 0xce79, 0X6, 0xd6ba, 0X1, 0xdefb, 0X1, 0xe73c, 0X2B, 0xef5d, 0X1, 0x0000, 0X4C,
0xd6ba, 0X1, 0xdedb, 0X1, 0xd69a, 0X1, 0xce79, 0X5, 0xd69a, 0X1, 0xdedb, 0X1, 0xe73c, 0X27, 0xef5d, 0X1, 0x0000, 0X50, 0xdefb, 0X1, 0xdedb, 0X1, 0xd6ba, 0X1, 0xd69a, 0X1, 0xce79, 0X5, 0xd6ba, 0X1, 0xdefb, 0X1, 0xe73c, 0X22, 0xffff, 0X1, 0x0000, 0X55, 0xd6ba, 0X1, 0xdedb, 0X1, 0xd6ba, 0X1, 0xd69a, 0X1, 0xce79, 0X5, 0xd6ba, 0X1, 0xdefb, 0X1,
0xe73c, 0X1B, 0xef5d, 0X1, 0xd6ba, 0X1, 0x0000, 0X5C, 0xdedb, 0X2, 0xd6ba, 0X1, 0xd69a, 0X2, 0xce79, 0X3, 0xd69a, 0X1, 0xd6ba, 0X1, 0xdedb, 0X1, 0xe71c, 0X1, 0xe73c, 0X11, 0xef5d, 0X1, 0xe73c, 0X1, 0xef5d, 0X1, 0x0000, 0X65, 0xdedb, 0X3, 0xd6ba, 0X2, 0xd69a, 0X4, 0xd6ba, 0X1, 0xdedb, 0X1, 0xdefb, 0X1, 0xe71c, 0X2, 0xe73c, 0X8, 0x0000, 0X35
};

static const uint16_t lcd_02d[716] = {
0x0000, 0X56, 0xe368, 0X1, 0xeb69, 0XE, 0x0000, 0X6E, 0xeb69, 0X17, 0x0000, 0X68, 0xeb69, 0X1B, 0xe368, 0X1, 0x0000, 0X63, 0xeb69, 0X1F, 0xe368, 0X1, 0x0000, 0X5F, 0xeb69, 0X23, 0xe368, 0X1, 0x0000, 0X5B, 0xe368, 0X1, 0xeb69, 0X26, 0x0000, 0X59, 0xeb69, 0X2A, 0x0000, 0X55, 0xeb69, 0X2D, 0x0000, 0X53, 0xeb69, 0X2F, 0x0000, 0X51, 0xeb69, 0X31, 0x0000, 0X3A, 0xef7d, 0X1, 0xf79e, 0X3, 0x0000, 0X11, 0xeb69, 0X33, 0x0000, 0X34, 0xf79e, 0XE, 0xef7d, 0X1, 0x0000, 0XA, 0xeb69, 0X35, 0x0000, 0X30, 0xf79e, 0X14, 0xef7d, 0X1, 0x0000, 0X6,
0xeb69, 0X37, 0x0000, 0X2D, 0xf79e, 0X18, 0xef7d, 0X1, 0x0000, 0X4, 0xeb69, 0X38, 0x0000, 0X2A, 0xef7d, 0X1, 0xf79e, 0X1B, 0x0000, 0X2, 0xeb69, 0X39, 0xe368, 0X1, 0x0000, 0X28, 0xf79e, 0X1E, 0xecd0, 0X1, 0xeb69, 0X3A, 0x0000, 0X26, 0xef7d, 0X1, 0xf79e, 0X1F, 0xf71b, 0X1, 0xec2d, 0X1, 0xeb69, 0X3A, 0x0000, 0X24, 0xef7d, 0X1, 0xf79e, 0X21, 0xf75d, 0X1, 0xec2d, 0X1, 0xeb69, 0X3A, 0x0000, 0X22, 0xef7d, 0X1, 0xf79e, 0X23, 0xf75d, 0X1, 0xec2d, 0X1, 0xeb69, 0X39, 0x0000, 0X22, 0xf79e, 0X25, 0xf75d, 0X1, 0xec2d, 0X1, 0xeb69, 0X38,
0xe368, 0X1, 0x0000, 0X20, 0xf79e, 0X27, 0xf71b, 0X1, 0xebaa, 0X1, 0xeb69, 0X38, 0x0000, 0X1F, 0xf79e, 0X29, 0xf657, 0X1, 0xeb69, 0X39, 0x0000, 0X1D, 0xef7d, 0X1, 0xf79e, 0X2A, 0xecaf, 0X1, 0xeb69, 0X38, 0x0000, 0X1D, 0xf79e, 0X2B, 0xf71b, 0X1, 0xeb69, 0X38, 0x0000, 0X1C, 0xef7d, 0X1, 0xf79e, 0X2C, 0xed93, 0X1, 0xeb69, 0X38, 0x0000, 0X1B, 0xf79e, 0X2D, 0xf71b, 0X1, 0xeb69, 0X38, 0x0000, 0X1B, 0xf79e, 0X2E, 0xed11, 0X1, 0xeb69, 0X37, 0x0000, 0X1A, 0xf79e, 0X2F, 0xf657, 0X1, 0xeb69, 0X37, 0x0000, 0X1A, 0xf79e, 0X30, 0xebaa, 0X1,
0xeb69, 0X37, 0x0000, 0X19, 0xf79e, 0X30, 0xecaf, 0X1, 0xeb69, 0X37, 0x0000, 0X18, 0xef7d, 0X1, 0xf79e, 0X30, 0xed93, 0X1, 0xeb69, 0X7, 0xec6e, 0X2, 0xed52, 0X1, 0xed11, 0X1, 0xec6e, 0X1, 0xec2d, 0X1, 0xeb69, 0X2A, 0x0000, 0X18, 0xf79e, 0X31, 0xf699, 0X1, 0xeb69, 0X3, 0xebaa, 0X1, 0xed52, 0X1, 0xf699, 0X1, 0xf79e, 0X7, 0xf75d, 0X1, 0xf657, 0X1, 0xecaf, 0X1, 0xeb69, 0X27, 0x0000, 0X18, 0xf79e, 0X31, 0xf6da, 0X1, 0xeb69, 0X2, 0xed93, 0X1, 0xf75d, 0X1, 0xf79e, 0XC, 0xf71b, 0X1, 0xecaf, 0X1, 0xeb69, 0X25, 0x0000, 0X18, 0xf79e, 0X32,
0xec2d, 0X1, 0xf6da, 0X1, 0xf79e, 0X10, 0xf657, 0X1, 0xebaa, 0X1, 0xeb69, 0X23, 0x0000, 0X18, 0xf79e, 0X32, 0xf75d, 0X1, 0xf79e, 0X12, 0xf6da, 0X1, 0xebec, 0X1, 0xeb69, 0X22, 0x0000, 0X18, 0xf79e, 0X46, 0xf71b, 0X1, 0xebaa, 0X1, 0xeb69, 0X21, 0x0000, 0X18, 0xf79e, 0X47, 0xf6da, 0X1, 0xeb69, 0X21, 0x0000, 0X18, 0xf79e, 0X48, 0xed93, 0X1, 0xeb69, 0X20, 0x0000, 0X18, 0xf79e, 0X49, 0xebec, 0X1, 0xeb69, 0X1F, 0x0000, 0X18, 0xf79e, 0X49, 0xee16, 0X1, 0xeb69, 0X1F, 0x0000, 0X11, 0xef7d, 0X1, 0xf79e, 0X4F, 0xf75d, 0X1, 0xeb69, 0X1F,
0x0000, 0XE, 0xf7be, 0X1, 0xf79e, 0X53, 0xecaf, 0X1, 0xeb69, 0X1E, 0x0000, 0XC, 0xf79e, 0X56, 0xed93, 0X1, 0xeb69, 0X1D, 0x0000, 0XB, 0xf79e, 0X58, 0xf699, 0X1, 0xeb69, 0X1D, 0x0000, 0X9, 0xef7d, 0X1, 0xf79e, 0X59, 0xf699, 0X1, 0xeb69, 0X1D, 0x0000, 0X8, 0xf7be, 0X1, 0xf79e, 0X5A, 0xf699, 0X1, 0xeb69, 0X1D, 0x0000, 0X7, 0xf79e, 0X5C, 0xf699, 0X1, 0xeb69, 0X1C, 0x0000, 0X7, 0xf79e, 0X5D, 0xf699, 0X1, 0xeb69, 0X1C, 0x0000, 0X6, 0xf7be, 0X1, 0xf79e, 0X5D, 0xed93, 0X1, 0xeb69, 0X1C, 0x0000, 0X5, 0xef7d, 0X1, 0xf79e, 0X5E,
0xecaf, 0X1, 0xeb69, 0X1B, 0x0000, 0X6, 0xf79e, 0X5F, 0xed93, 0X6, 0xec6e, 0X1, 0xebaa, 0X1, 0xeb69, 0X13, 0xe368, 0X1, 0x0000, 0X5, 0xf79e, 0X68, 0xf6da, 0X1, 0xed52, 0X1, 0xebaa, 0X1, 0xeb69, 0X10, 0x0000, 0X6, 0xf79e, 0X6A, 0xf75d, 0X1, 0xed93, 0X1, 0xebaa, 0X1, 0xeb69, 0XE, 0x0000, 0X5, 0xf79e, 0X6D, 0xf71b, 0X1, 0xec6e, 0X1, 0xeb69, 0XC, 0x0000, 0X6, 0xf79e, 0X6F, 0xed52, 0X1, 0xeb69, 0XA, 0x0000, 0X6, 0xf7be, 0X1, 0xf79e, 0X70, 0xee16, 0X1, 0xeb69, 0X8, 0xe368, 0X1, 0x0000, 0X6, 0xf79e, 0X72, 0xed52, 0X1, 0xeb69, 0X7,
0x0000, 0X7, 0xf79e, 0X73, 0xec6e, 0X1, 0xeb69, 0X5, 0x0000, 0X8, 0xf79e, 0X73, 0xf71b, 0X1, 0xebaa, 0X1, 0xeb69, 0X3, 0x0000, 0X9, 0xf79e, 0X74, 0xed93, 0X1, 0xeb69, 0X2, 0x0000, 0XA, 0xf79e, 0X74, 0xf75d, 0X1, 0xebcb, 0X1, 0x0000, 0XB, 0xf79e, 0X76, 0x0000, 0XB, 0xf79e, 0X76, 0x0000, 0XB, 0xf79e, 0X76, 0xef7d, 0X1, 0x0000, 0XA, 0xf79e, 0X77, 0x0000, 0XA, 0xf79e, 0X77, 0x0000, 0XA, 0xf79e, 0X77, 0x0000, 0XA, 0xf79e, 0X77, 0x0000, 0XA, 0xf79e, 0X77, 0x0000, 0XA, 0xf79e, 0X77, 0x0000, 0XA, 0xef7d, 0X1, 0xf79e, 0X76, 0x0000, 0XB,
0xf79e, 0X76, 0x0000, 0XB, 0xf79e, 0X75, 0x0000, 0XD, 0xf79e, 0X74, 0x0000, 0XD, 0xf79e, 0X74, 0x0000, 0XE, 0xf79e, 0X72, 0x0000, 0XF, 0xef7d, 0X1, 0xf79e, 0X71, 0x0000, 0X10, 0xf7be, 0X1, 0xf79e, 0X6F, 0x0000, 0X12, 0xf7be, 0X1, 0xf79e, 0X6D, 0xef7d, 0X1, 0x0000, 0X13, 0xf7be, 0X1, 0xf79e, 0X6C, 0x0000, 0X15, 0xef7d, 0X1, 0xf79e, 0X6A, 0x0000, 0X17, 0xef7d, 0X1, 0xf79e, 0X67, 0xf7be, 0X1, 0x0000, 0X1A, 0xf7be, 0X1, 0xf79e, 0X64, 0xef7d, 0X1, 0x0000, 0X1D, 0xf79e, 0X62, 0x0000, 0X21, 0xef7d, 0X1, 0xf79e, 0X5C, 0xef7d, 0X1, 0x0000, 0X28, 0xf79e, 0X54, 0xf7be, 0X1, 0x0000, 0X19
};

static const uint16_t lcd_02n[1308] = {
0x0000, 0X51, 0xffff, 0X1, 0xdedb, 0X2, 0xd6ba, 0X1, 0xd69a, 0X2, 0xd6ba, 0X1, 0xdedb, 0X1, 0xe71c, 0X1, 0xe73c, 0X4, 0xef5d, 0X1, 0xffff, 0X1, 0x0000, 0X6C, 0xd6ba, 0X2, 0xce79, 0X3, 0xd6ba, 0X1, 0xe73c, 0X11, 0x0000, 0X65, 0xd6ba, 0X1, 0xce79, 0X4, 0xdedb, 0X1, 0xe73c, 0X17, 0x0000, 0X61, 0xd6ba, 0X1, 0xce79, 0X3, 0xd6ba, 0X1, 0xdefb, 0X1, 0xe73c, 0X19, 0xffff, 0X1, 0x0000, 0X5C, 0xdedb, 0X1, 0xd69a, 0X1, 0xce79, 0X3, 0xd6ba, 0X1, 0xe73c, 0X1F, 0x0000, 0X58, 0xdedb, 0X1, 0xce79, 0X4, 0xdefb, 0X1, 0xe73c, 0X20, 0xce79, 0X1,
0xc618, 0X1, 0xce59, 0X1, 0x0000, 0X54, 0xce79, 0X6, 0xe73c, 0X21, 0xc638, 0X1, 0xbdf7, 0X4, 0xd6ba, 0X1, 0x0000, 0X52, 0xce79, 0X4, 0xd6ba, 0X1, 0xe73c, 0XF, 0xd6ba, 0X1, 0xce59, 0X1, 0xc638, 0X1, 0xce59, 0X1, 0xdefb, 0X1, 0xe73c, 0XE, 0xbdf7, 0X5, 0xd69a, 0X1, 0x0000, 0X50, 0xd6ba, 0X1, 0xce79, 0X4, 0xdefb, 0X1, 0xe73c, 0XD, 0xdedb, 0X1, 0xbdf7, 0X4, 0xc638, 0X1, 0xce79, 0X4, 0xe73c, 0XC, 0xbdf7, 0X4, 0xc618, 0X1, 0xce79, 0X2, 0xd6ba, 0X1, 0x0000, 0X4D, 0xd69a, 0X1, 0xce79, 0X3, 0xd69a, 0X1, 0xe73c, 0XD, 0xe71c, 0X1, 0xc638,
0X1, 0xbdf7, 0X3, 0xc618, 0X1, 0xce79, 0X7, 0xe71c, 0X1, 0xe73c, 0X9, 0xce59, 0X1, 0xbdf7, 0X4, 0xce59, 0X1, 0xce79, 0X3, 0xd69a, 0X1, 0x0000, 0X4B, 0xdefb, 0X1, 0xce79, 0X4, 0xe73c, 0XE, 0xc638, 0X1, 0xbdf7, 0X4, 0xce79, 0X9, 0xe71c, 0X1, 0xe73c, 0X8, 0xc618, 0X1, 0xbdf7, 0X3, 0xc618, 0X1, 0xce79, 0X5, 0xdedb, 0X1, 0x0000, 0X3D, 0xf7be, 0X1, 0xf79e, 0X1, 0xef7d, 0X1, 0x0000, 0X9, 0xdedb, 0X1, 0xce79, 0X4, 0xe73c, 0XE, 0xd6ba, 0X1, 0xbdf7, 0X4, 0xc638, 0X1, 0xce79, 0XA, 0xe73c, 0X8, 0xbdf7, 0X4, 0xc638, 0X1, 0xce79, 0X6,
0xd6ba, 0X1, 0x0000, 0X36, 0xf79e, 0XE, 0xef7d, 0X1, 0x0000, 0X2, 0xd69a, 0X1, 0xce79, 0X3, 0xd69a, 0X1, 0xe71c, 0X1, 0xe73c, 0XE, 0xbdf7, 0X4, 0xc638, 0X1, 0xce79, 0XB, 0xd69a, 0X1, 0xe73c, 0X7, 0xbdf7, 0X4, 0xce59, 0X1, 0xce79, 0X7, 0xd69a, 0X1, 0x0000, 0X32, 0xf7be, 0X1, 0xf79e, 0X12, 0xe71c, 0X1, 0xce79, 0X4, 0xe73c, 0XF, 0xe71c, 0X1, 0xbdf7, 0X4, 0xce79, 0XD, 0xe73c, 0X7, 0xbdf7, 0X4, 0xce59, 0X1, 0xce79, 0X8, 0xd69a, 0X1, 0x0000, 0X2F, 0xf79e, 0X17, 0xe71c, 0X1, 0xd69a, 0X1, 0xdefb, 0X1, 0xe73c, 0XF, 0xd69a, 0X1, 0xbdf7,
0X4, 0xce79, 0XD, 0xe73c, 0X7, 0xbdf7, 0X4, 0xce59, 0X1, 0xce79, 0X9, 0x0000, 0X2D, 0xef7d, 0X1, 0xf79e, 0X19, 0xef7d, 0X1, 0xef5d, 0X1, 0xe73c, 0XF, 0xc638, 0X1, 0xbdf7, 0X4, 0xce79, 0XD, 0xe73c, 0X7, 0xbdf7, 0X4, 0xc638, 0X1, 0xce79, 0X9, 0xd69a, 0X1, 0xdedb, 0X1, 0x0000, 0X2A, 0xf79e, 0X1D, 0xef7d, 0X1, 0xd6ba, 0X1, 0xe73c, 0XD, 0xc638, 0X1, 0xbdf7, 0X4, 0xce79, 0XD, 0xe71c, 0X1, 0xe73c, 0X6, 0xc618, 0X1, 0xbdf7, 0X3, 0xc618, 0X1, 0xce79, 0XB, 0x0000, 0X29, 0xf79e, 0X1F, 0xdefb, 0X1, 0xe73c, 0XD, 0xce59, 0X1, 0xbdf7, 0X4,
0xce79, 0XD, 0xe73c, 0X7, 0xc638, 0X1, 0xbdf7, 0X4, 0xce79, 0XB, 0xdefb, 0X1, 0x0000, 0X26, 0xef7d, 0X1, 0xf79e, 0X21, 0xe73d, 0X1, 0xe73c, 0XC, 0xd6ba, 0X1, 0xbdf7, 0X4, 0xce79, 0XD, 0xe73c, 0X7, 0xdefb, 0X1, 0xbdf7, 0X4, 0xc638, 0X1, 0xce79, 0XB, 0x0000, 0X25, 0xef7d, 0X1, 0xf79e, 0X23, 0xe73d, 0X1, 0x7bef, 0X1, 0xbdd7, 0X1, 0xe73c, 0XA, 0xbdf7, 0X4, 0xce59, 0X1, 0xce79, 0XC, 0xe73c, 0X8, 0xbdf7, 0X5, 0xce79, 0XB, 0xdedb, 0X1, 0x0000, 0X24, 0xf79e, 0X25, 0xe73d, 0X1, 0xbdd7, 0X2, 0xe73c, 0X9, 0xbdf7, 0X4, 0xc638, 0X1, 0xce79,
0XB, 0xdedb, 0X1, 0xe73c, 0X8, 0xc618, 0X1, 0xbdf7, 0X4, 0xce79, 0XB, 0xd69a, 0X1, 0x0000, 0X23, 0xf79e, 0X27, 0x7bef, 0X1, 0xbdd7, 0X2, 0xe73c, 0X8, 0xe71c, 0X1, 0xbdf7, 0X4, 0xc618, 0X1, 0xce79, 0XA, 0xe73c, 0XA, 0xc618, 0X1, 0xbdf7, 0X3, 0xc618, 0X1, 0xce79, 0XB, 0x0000, 0X22, 0xf79e, 0X29, 0x7bef, 0X1, 0xbdd7, 0X1, 0xe73c, 0X9, 0xd69a, 0X1, 0xbdf7, 0X4, 0xc638, 0X1, 0xce79, 0X7, 0xd6ba, 0X1, 0xe73c, 0XC, 0xbdf7, 0X4, 0xce59, 0X1, 0xce79, 0XA, 0xd69a, 0X1, 0x0000, 0X20, 0xef7d, 0X1, 0xf79e, 0X2A, 0xbdd7, 0X2, 0xe73c, 0XA,
0xc618, 0X1, 0xbdf7, 0X3, 0xc618, 0X1, 0xce79, 0X5, 0xdefb, 0X1, 0xe73c, 0XD, 0xe71c, 0X1, 0xbdf7, 0X4, 0xc618, 0X1, 0xce79, 0XA, 0xd6ba, 0X1, 0x0000, 0X1F, 0xf79e, 0X2B, 0x7bef, 0X1, 0xbdd7, 0X2, 0xe73c, 0XA, 0xc618, 0X1, 0xbdf7, 0X3, 0xc618, 0X1, 0xce79, 0X3, 0xd6ba, 0X1, 0xe73c, 0XF, 0xc618, 0X1, 0xbdf7, 0X4, 0xce79, 0XB, 0x0000, 0X1E, 0xef7d, 0X1, 0xf79e, 0X2C, 0x7bef, 0X1, 0xbdd7, 0X1, 0xe73c, 0XD, 0xdefb, 0X1, 0xdedb, 0X1, 0xdefb, 0X1, 0xe73c, 0X13, 0xe71c, 0X1, 0xbdf7, 0X4, 0xce59, 0X1, 0xce79, 0X9, 0x0000, 0X1E, 0xf79e,
0X2D, 0xdefb, 0X1, 0xbdd7, 0X2, 0xe73c, 0X24, 0xc638, 0X1, 0xbdf7, 0X3, 0xc638, 0X1, 0xce79, 0X8, 0xdedb, 0X1, 0x0000, 0X1D, 0xf79e, 0X2E, 0xbdd7, 0X2, 0xe73c, 0X25, 0xd6ba, 0X1, 0xbdf7, 0X4, 0xce79, 0X7, 0xd6ba, 0X1, 0x0000, 0X1C, 0xf79e, 0X2F, 0xbdd7, 0X2, 0xe73c, 0X28, 0xce59, 0X1, 0xc618, 0X1, 0xbdf7, 0X2, 0xc618, 0X1, 0xce59, 0X1, 0xce79, 0X1, 0xdedb, 0X1, 0xdefb, 0X1, 0xe73c, 0X1, 0x0000, 0X1C, 0xf79e, 0X2F, 0xbdd7, 0X2, 0xe73c, 0X9, 0xbdd7, 0X2, 0xe73c, 0X27, 0x0000, 0X1C, 0xf79e, 0X2F, 0x7bef, 0X1, 0xbdd7, 0X1, 0xe73c, 0X8,
0xbdd7, 0X2, 0x7bef, 0X2, 0xbdd7, 0X2, 0xe73c, 0X24, 0xffff, 0X1, 0x0000, 0X1A, 0xef7d, 0X1, 0xf79e, 0X30, 0xbdd7, 0X1, 0xe73c, 0X4, 0xbdd7, 0X5, 0xffff, 0X2, 0x7bef, 0X2, 0xbdd7, 0X2, 0xe73c, 0X24, 0x0000, 0X1A, 0xf79e, 0X31, 0xbdd7, 0X2, 0xe73c, 0X2, 0x7bef, 0X1, 0xbdd7, 0X2, 0xf79e, 0X7, 0xe73d, 0X1, 0x7bef, 0X1, 0xbdd7, 0X2, 0xe73c, 0X22, 0x0000, 0X1A, 0xf79e, 0X31, 0x7bef, 0X1, 0xbdd7, 0X1, 0x7bef, 0X3, 0xf79e, 0XC, 0x7bef, 0X1, 0xbdd7, 0X1, 0xe73c, 0X21, 0x0000, 0X1A, 0xf79e, 0X32, 0xbdd7, 0X2, 0xf79e, 0XF, 0x7bef, 0X3,
0xe73c, 0X1F, 0x0000, 0X1A, 0xf79e, 0X32, 0xe73d, 0X1, 0xf79e, 0X12, 0x7bef, 0X1, 0xbdd7, 0X1, 0xe73c, 0XC, 0xdedb, 0X1, 0xc638, 0X1, 0xbdf7, 0X2, 0xc618, 0X1, 0xe71c, 0X1, 0xe73c, 0XC, 0x0000, 0X1A, 0xf79e, 0X46, 0xbdd7, 0X2, 0xe73c, 0XA, 0xce79, 0X1, 0xbdf7, 0X4, 0xce59, 0X1, 0xce79, 0X1, 0xdefb, 0X1, 0xe73c, 0XB, 0x0000, 0X1A, 0xf79e, 0X47, 0xbdd7, 0X2, 0xe73c, 0X9, 0xbdf7, 0X4, 0xc638, 0X1, 0xce79, 0X3, 0xe73c, 0XB, 0x0000, 0X1A, 0xf79e, 0X47, 0x7bef, 0X1, 0xbdd7, 0X2, 0xe73c, 0X7, 0xe71c, 0X1, 0xbdf7, 0X4, 0xce79,
0X4, 0xe73c, 0XB, 0x0000, 0X1A, 0xf79e, 0X48, 0x7bef, 0X1, 0xbdd7, 0X2, 0xe73c, 0X6, 0xd6ba, 0X1, 0xbdf7, 0X4, 0xce79, 0X4, 0xe73c, 0XB, 0x0000, 0X1A, 0xf79e, 0X49, 0x7bef, 0X1, 0xbdd7, 0X1, 0xe73c, 0X7, 0xbdf7, 0X4, 0xce79, 0X4, 0xe73c, 0XB, 0x0000, 0X14, 0xf79e, 0X4F, 0x7bef, 0X1, 0xbdd7, 0X2, 0xe73c, 0X6, 0xbdf7, 0X4, 0xce59, 0X1, 0xce79, 0X3, 0xe73c, 0XB, 0x0000, 0X10, 0xf7be, 0X1, 0xf79e, 0X53, 0xbdd7, 0X2, 0xe73c, 0X6, 0xd69a, 0X1, 0xbdf7, 0X4, 0xce59, 0X1, 0xce79, 0X1, 0xe71c, 0X1, 0xe73c, 0XB, 0x0000, 0XE, 0xf79e, 0X56,
0xbdd7, 0X2, 0xe73c, 0X7, 0xe71c, 0X1, 0xce59, 0X1, 0xbdf7, 0X2, 0xc618, 0X1, 0xe71c, 0X1, 0xe73c, 0XC, 0x0000, 0XC, 0xf79e, 0X58, 0xbdd7, 0X2, 0xe73c, 0X9, 0xe71c, 0X1, 0xe73c, 0XE, 0xffff, 0X1, 0x0000, 0XA, 0xef7d, 0X1, 0xf79e, 0X59, 0xbdd7, 0X2, 0xe73c, 0X18, 0x0000, 0XA, 0xf7be, 0X1, 0xf79e, 0X5A, 0xbdd7, 0X2, 0xe73c, 0X18, 0x0000, 0X9, 0xf79e, 0X5C, 0xbdd7, 0X2, 0xe73c, 0X18, 0x0000, 0X8, 0xf79e, 0X5D, 0xbdd7, 0X2, 0xe73c, 0X17, 0xef5d, 0X1, 0x0000, 0X7, 0xf7be, 0X1, 0xf79e, 0X5D, 0xbdd7, 0X2, 0xe73c, 0X17, 0x0000, 0X7, 0xef7d, 0X1, 0xf79e, 0X5E, 0xbdd7, 0X3, 0xe73c, 0X16, 0x0000, 0X7, 0xf79e, 0X5F, 0x8c51, 0X1, 0x7bef, 0X1, 0xbdd7, 0X7, 0xe73c, 0X10, 0x0000, 0X6, 0xf79e, 0X68, 0xbdd7, 0X3,
0xc638, 0X1, 0xbdf7, 0X2, 0xc618, 0X1, 0xdedb, 0X1, 0xe73c, 0X8, 0x0000, 0X7, 0xf79e, 0X69, 0xbdd7, 0X4, 0xce79, 0X5, 0xe73c, 0X5, 0x0000, 0X7, 0xf79e, 0X6D, 0xbdd7, 0X2, 0xce79, 0X5, 0xe71c, 0X1, 0xe73c, 0X3, 0x0000, 0X7, 0xf79e, 0X6E, 0xbdd7, 0X2, 0x7bef, 0X1, 0xce79, 0X4, 0xe71c, 0X1, 0xe73c, 0X2, 0x0000, 0X6, 0xf7be, 0X1, 0xf79e, 0X6F, 0xbdd7, 0X3, 0xce79, 0X4, 0xe73c, 0X1, 0x0000, 0X7, 0xf79e, 0X72, 0xbdd7, 0X2, 0xce79, 0X3, 0xdedb, 0X1, 0x0000, 0X7, 0xf79e, 0X73, 0xbdd7, 0X1, 0xce79, 0X3, 0x0000, 0X8, 0xf79e, 0X73, 0xbdd7,
0X2, 0xd69a, 0X1, 0xef5d, 0X1, 0x0000, 0X7, 0xf7be, 0X1, 0xf79e, 0X74, 0xbdd7, 0X1, 0x0000, 0X9, 0xf79e, 0X75, 0xe73d, 0X1, 0x5acb, 0X1, 0x0000, 0X8, 0xf79e, 0X77, 0x0000, 0X8, 0xf79e, 0X77, 0x0000, 0X8, 0xf79e, 0X77, 0xef7d, 0X1, 0x0000, 0X7, 0xf79e, 0X78, 0x0000, 0X7, 0xf79e, 0X78, 0x0000, 0X7, 0xf7be, 0X1, 0xf79e, 0X77, 0x0000, 0X8, 0xf79e, 0X77, 0x0000, 0X8, 0xf79e, 0X77, 0x0000, 0X8, 0xf79e, 0X77, 0x0000, 0X8, 0xef7d, 0X1, 0xf79e, 0X76, 0x0000, 0X9, 0xf79e, 0X76, 0x0000, 0X9, 0xf79e, 0X75, 0xef7d, 0X1, 0x0000, 0XA,
0xf79e, 0X74, 0x0000, 0XB, 0xf79e, 0X74, 0x0000, 0XC, 0xf79e, 0X72, 0x0000, 0XD, 0xef7d, 0X1, 0xf79e, 0X71, 0x0000, 0XE, 0xf7be, 0X1, 0xf79e, 0X6F, 0x0000, 0X10, 0xf7be, 0X1, 0xf79e, 0X6D, 0xef7d, 0X1, 0x0000, 0X11, 0xf7be, 0X1, 0xf79e, 0X6C, 0x0000, 0X13, 0xf7be, 0X1, 0xf79e, 0X6A, 0x0000, 0X15, 0xef7d, 0X1, 0xf79e, 0X68, 0x0000, 0X18, 0xf79e, 0X65, 0xef7d, 0X1, 0x0000, 0X1B, 0xf79e, 0X62, 0x0000, 0X1F, 0xef7d, 0X1, 0xf79e, 0X5C, 0xf7be, 0X1, 0x0000, 0X25, 0xef7d, 0X1, 0xf79e, 0X55, 0x0000, 0X16
};

static const uint16_t lcd_03dn[1320] = {
0x0000, 0X2C, 0xef7d, 0X1, 0xf79e, 0X3, 0xffdf, 0X1, 0xf79e, 0XD, 0xef7d, 0X1, 0x0000, 0X68, 0xffff, 0X1, 0x0000, 0X2, 0xf79e, 0X17, 0x0000, 0X2, 0xffff, 0X1, 0x0000, 0X61, 0xffff, 0X1, 0x0000, 0X2, 0xf79e, 0X4, 0xffdf, 0X3, 0xf79e, 0XD, 0xffdf, 0X3, 0xf79e, 0X4, 0x0000, 0X2, 0xffff, 0X1, 0x0000, 0X5E, 0xffff, 0X1, 0x0000, 0X1, 0xef7d, 0X1, 0xf79e, 0X2, 0xffdf, 0X2, 0xf79e, 0X15, 0xffff, 0X1, 0xffdf, 0X1, 0xf79e, 0X3, 0x0000, 0X1, 0xffff, 0X1, 0x0000, 0X5B, 0xffff, 0X1, 0x0000, 0X2, 0xf79e, 0X3, 0xffff, 0X1, 0xf79e, 0X19,
0xffff, 0X2, 0xf79e, 0X2, 0x0000, 0X5B, 0xffff, 0X1, 0x0000, 0X2, 0xf79e, 0X2, 0xffff, 0X1, 0xf79e, 0X1D, 0xffff, 0X1, 0xf79e, 0X2, 0xffff, 0X1, 0x0000, 0X58, 0xffff, 0X1, 0x0000, 0X1, 0xef7d, 0X1, 0xf79e, 0X2, 0xffff, 0X1, 0xf79e, 0X1F, 0xffdf, 0X1, 0xffff, 0X1, 0xf79e, 0X1, 0xffff, 0X1, 0x0000, 0X58, 0xef7d, 0X1, 0xf79e, 0X1, 0xffff, 0X1, 0xffdf, 0X1, 0xf79e, 0X22, 0xffff, 0X1, 0xf79e, 0X1, 0xffff, 0X1, 0x0000, 0X1, 0xffff, 0X1, 0x0000, 0X53, 0xcfff, 0X1, 0xffff, 0X1, 0xf79e, 0X2, 0xffdf, 0X1, 0xef9e, 0X1, 0xf79e, 0X23, 0xffff,
0X1, 0xf79e, 0X1, 0xffff, 0X1, 0x0000, 0X53, 0xffff, 0X1, 0x0000, 0X1, 0xf79e, 0X2, 0xffff, 0X1, 0xf79e, 0X26, 0xffff, 0X1, 0xf79e, 0X1, 0xffff, 0X1, 0x0000, 0X53, 0xf79e, 0X2, 0xffdf, 0X1, 0xf79e, 0X2A, 0xfff9, 0X1, 0xffff, 0X1, 0x0000, 0X50, 0xffff, 0X1, 0xf79e, 0X1, 0xffdf, 0X1, 0xf79e, 0X29, 0xffdf, 0X1, 0xf79e, 0X2, 0x0000, 0X1, 0xffff, 0X1, 0x0000, 0X4F, 0xf79e, 0X2, 0xffdf, 0X1, 0xf77e, 0X1, 0xf79e, 0X29, 0xffff, 0X1, 0xf79e, 0X1, 0xffff, 0X1, 0x0000, 0X4F, 0xef7d, 0X1, 0xf79e, 0X1, 0xffdf, 0X1, 0xf79e, 0X2E, 0x0000, 0X1,
0xffff, 0X1, 0x0000, 0X4D, 0xf79e, 0X2, 0xffdf, 0X1, 0xf79e, 0X2C, 0xffff, 0X1, 0xf79e, 0X1, 0xffff, 0X1, 0x0000, 0X4D, 0xffff, 0X1, 0xf79e, 0X1, 0xffdf, 0X1, 0xf79e, 0X2D, 0xffdf, 0X1, 0xf79e, 0X2, 0x0000, 0X1, 0xffff, 0X1, 0x0000, 0X4B, 0xf79e, 0X2, 0xffdf, 0X1, 0xf79e, 0X2E, 0xffdf, 0X1, 0xf79e, 0X1, 0x0000, 0X1, 0xffff, 0X1, 0x0000, 0X4A, 0xffff, 0X1, 0xf79e, 0X31, 0xffff, 0X1, 0xf79e, 0X1, 0xef7d, 0X1, 0x0000, 0X4B, 0xffff, 0X1, 0xf79e, 0X30, 0xf79d, 0X1, 0xffdf, 0X1, 0xf79e, 0X2, 0x0000, 0X1, 0xffff, 0X1, 0x0000, 0X5,
0xffff, 0X6, 0xcfff, 0X1, 0xfff9, 0X1, 0x0000, 0X3B, 0xffff, 0X1, 0xf79e, 0X2, 0xffdf, 0X1, 0xf79e, 0X30, 0xffdf, 0X1, 0xf79e, 0X1, 0x0000, 0X1, 0xffff, 0X1, 0x0000, 0X2, 0xffff, 0X2, 0x0000, 0X9, 0xffff, 0X3, 0x0000, 0X38, 0xffff, 0X1, 0xf79e, 0X33, 0xffff, 0X1, 0xf79e, 0X1, 0xffff, 0X4, 0x0000, 0X3, 0xef7d, 0X1, 0xf79e, 0X6, 0xef7d, 0X1, 0x0000, 0X3, 0xffff, 0X2, 0x0000, 0X36, 0xef7d, 0X1, 0xf79e, 0X33, 0xffff, 0X1, 0xf79e, 0X1, 0xef7d, 0X1, 0x0000, 0X3, 0xef7d, 0X1, 0xf79e, 0XC, 0xef7d, 0X1, 0x0000, 0X2, 0xffff, 0X1, 0x0000,
0X35, 0xffff, 0X1, 0xf79e, 0X33, 0xffff, 0X1, 0xf79e, 0X2, 0x0000, 0X1, 0xef7d, 0X1, 0xf79e, 0X2, 0xffdf, 0X1, 0xffff, 0X2, 0xffdf, 0X1, 0xf79e, 0X3, 0xffdf, 0X2, 0xffff, 0X2, 0xf79e, 0X3, 0xef7d, 0X1, 0x0000, 0X36, 0xef7d, 0X1, 0xf79e, 0X33, 0xffdf, 0X1, 0xf79e, 0X4, 0xffff, 0X1, 0xffdf, 0X1, 0xf79e, 0XA, 0xf79d, 0X1, 0xf79e, 0X1, 0xffff, 0X1, 0xffdf, 0X1, 0xf79e, 0X2, 0x0000, 0X33, 0xffff, 0X1, 0x0000, 0X1, 0xef7d, 0X1, 0xffff, 0X1, 0xf79e, 0X32, 0xffdf, 0X1, 0xf79e, 0X3, 0xffff, 0X1, 0xf79e, 0X10, 0xffdf, 0X1, 0xf79e, 0X2,
0x0000, 0X34, 0xef7d, 0X1, 0xffdf, 0X1, 0xf79e, 0X4B, 0x0000, 0X33, 0xef7d, 0X1, 0xffdf, 0X1, 0xf79e, 0X4C, 0x0000, 0X32, 0xef7d, 0X1, 0xffdf, 0X1, 0xf79e, 0X4D, 0x0000, 0X1, 0xffff, 0X1, 0x0000, 0X2F, 0xef7d, 0X1, 0xffff, 0X1, 0xf79e, 0X4B, 0xffff, 0X1, 0xf79e, 0X1, 0xef7d, 0X1, 0x0000, 0X1, 0xffff, 0X1, 0x0000, 0X28, 0xffff, 0X5, 0x0000, 0X1, 0xef7d, 0X1, 0xf79e, 0X4F, 0x0000, 0X1, 0xffff, 0X1, 0x0000, 0X24, 0xffff, 0X2, 0x0000, 0X9, 0xf79e, 0X4D, 0xffff, 0X1, 0xf79e, 0X1, 0xef7d, 0X1, 0x0000, 0X22, 0xffff, 0X2, 0x0000, 0X3,
0xffff, 0X1, 0xf79e, 0X55, 0xffdf, 0X1, 0xf79e, 0X2, 0x0000, 0X1, 0xffff, 0X1, 0x0000, 0X1E, 0xffff, 0X2, 0x0000, 0X2, 0xef7d, 0X1, 0xf79e, 0X5, 0xf7be, 0X1, 0xf79e, 0X53, 0xffdf, 0X1, 0xf79e, 0X1, 0x0000, 0X1, 0xffff, 0X1, 0x0000, 0X1D, 0xffff, 0X1, 0x0000, 0X2, 0xf79e, 0X4, 0xffff, 0X3, 0xffdf, 0X2, 0xf79e, 0X1, 0xffdf, 0X1, 0xf79e, 0X2, 0xffdf, 0X1, 0xf79e, 0X4E, 0xffff, 0X1, 0xf79e, 0X1, 0xffff, 0X2, 0x0000, 0X1E, 0xef7d, 0X1, 0xf79e, 0X2, 0xffdf, 0X1, 0xffff, 0X1, 0xffdf, 0X1, 0xf79e, 0X3, 0xef9e, 0X1, 0xf79e, 0X54, 0xffff,
0X1, 0xf79e, 0X1, 0xef7d, 0X1, 0x0000, 0X1, 0xffff, 0X1, 0x0000, 0X19, 0xffff, 0X1, 0x0000, 0X2, 0xf79e, 0X2, 0xffff, 0X2, 0xf79e, 0X5B, 0xffff, 0X1, 0xf79e, 0X2, 0x0000, 0X1, 0xffff, 0X1, 0x0000, 0X1A, 0xffff, 0X1, 0xf79e, 0X2, 0xffff, 0X1, 0xf79e, 0X5D, 0xffff, 0X1, 0xf79e, 0X2, 0x0000, 0X1, 0xffff, 0X1, 0x0000, 0X19, 0xf77d, 0X1, 0xf79e, 0X1, 0xffdf, 0X1, 0xf79e, 0X5F, 0xffff, 0X1, 0xf79e, 0X2, 0x0000, 0X1, 0xffff, 0X1, 0x0000, 0X18, 0xef7d, 0X1, 0xf79e, 0X1, 0xffff, 0X1, 0xf79e, 0X60, 0xffff, 0X1, 0xf79e, 0X2, 0x0000, 0X1,
0xffff, 0X1, 0x0000, 0X16, 0xffff, 0X2, 0xf79e, 0X1, 0xffff, 0X1, 0xf79e, 0X61, 0xffff, 0X1, 0xf79e, 0X1, 0xffff, 0X1, 0x0000, 0X17, 0xffff, 0X1, 0x0000, 0X1, 0xf79e, 0X64, 0xffff, 0X1, 0xf79e, 0X1, 0x0000, 0X17, 0xffff, 0X1, 0x0000, 0X1, 0xf79e, 0X2, 0xffdf, 0X1, 0xf79e, 0X62, 0xffdf, 0X1, 0xf79e, 0X1, 0x0000, 0X18, 0xef7d, 0X1, 0xf79e, 0X1, 0xffff, 0X1, 0xf79e, 0X6D, 0xffff, 0X1, 0x0000, 0X2, 0xffff, 0X1, 0x0000, 0XA, 0xffff, 0X1, 0x0000, 0X1, 0xf79e, 0X1, 0xffdf, 0X1, 0xf79e, 0X1, 0xf79d, 0X1, 0xf79e, 0X63, 0xf77e, 0X1,
0xf79e, 0X1, 0xffdf, 0X1, 0xffff, 0X1, 0xffdf, 0X1, 0xf79e, 0X7, 0x0000, 0X2, 0xffff, 0X1, 0x0000, 0X8, 0xffff, 0X1, 0xef7d, 0X1, 0xf79e, 0X1, 0xffff, 0X1, 0xf79d, 0X1, 0xf79e, 0X6B, 0xffdf, 0X2, 0xffff, 0X1, 0xf79e, 0X3, 0xef7d, 0X1, 0x0000, 0X1, 0xffff, 0X2, 0x0000, 0X7, 0xf79e, 0X73, 0xffff, 0X1, 0xf79e, 0X3, 0x0000, 0X2, 0xffff, 0X1, 0x0000, 0X5, 0xef7d, 0X1, 0xf79e, 0X1, 0xffdf, 0X1, 0xf79e, 0X73, 0xffff, 0X1, 0xf79e, 0X2, 0xef7d, 0X1, 0x0000, 0X1, 0xffff, 0X1, 0x0000, 0X4, 0xf79e, 0X2, 0xffdf, 0X1, 0xf79e, 0X73, 0xef9e,
0X1, 0xffff, 0X1, 0xf79e, 0X2, 0xef7d, 0X1, 0x0000, 0X1, 0xffff, 0X1, 0x0000, 0X3, 0xf79e, 0X79, 0xffff, 0X1, 0xf79e, 0X1, 0xffff, 0X2, 0x0000, 0X2, 0xffff, 0X1, 0xf79e, 0X1, 0xffdf, 0X1, 0xf79e, 0X77, 0xffdf, 0X1, 0xf79e, 0X2, 0x0000, 0X1, 0xffff, 0X1, 0x0000, 0X1, 0xf79e, 0X2, 0xffdf, 0X1, 0xf79e, 0X78, 0xffff, 0X1, 0xf79e, 0X2, 0x0000, 0X2, 0xf79e, 0X2, 0xffdf, 0X1, 0xf79e, 0X7B, 0xffff, 0X1, 0x0000, 0X1, 0xf79e, 0X2, 0xffdf, 0X1, 0xf79e, 0X79, 0xffdf, 0X1, 0xf79e, 0X2, 0x0000, 0X1, 0xf79e, 0X7D, 0xffff, 0X1, 0xf79e, 0X1,
0x0000, 0X1, 0xf79e, 0X7D, 0xffdf, 0X1, 0xf79e, 0X7F, 0xffdf, 0X1, 0xf79e, 0X104, 0xffdf, 0X1, 0xf79e, 0X7F, 0xffdf, 0X1, 0xf79e, 0X7F, 0xffdf, 0X1, 0xef7e, 0X1, 0xf79e, 0X7C, 0xef7d, 0X1, 0xf79e, 0X1, 0xffff, 0X1, 0xf79e, 0X7D, 0x0000, 0X1, 0xf79e, 0X1, 0xffdf, 0X1, 0xf79e, 0X7D, 0xffff, 0X1, 0xf79e, 0X2, 0xffdf, 0X1, 0xf79e, 0X7C, 0x0000, 0X1, 0xf79e, 0X2, 0xffdf, 0X1, 0xf79e, 0X7C, 0x0000, 0X2, 0xf79e, 0X1, 0xffdf, 0X1, 0xf79e, 0X7C, 0x0000, 0X2, 0xf79e, 0X2, 0xffdf, 0X1, 0xf79e, 0X78, 0xffdf, 0X1, 0xf79e, 0X2, 0x0000, 0X1,
0xffff, 0X1, 0x0000, 0X1, 0xf79e, 0X1, 0xffff, 0X1, 0xf79e, 0X78, 0xffdf, 0X1, 0xf79e, 0X2, 0x0000, 0X3, 0xf79e, 0X2, 0xffff, 0X1, 0xf77e, 0X1, 0xf79e, 0X76, 0xffdf, 0X1, 0xf79e, 0X1, 0x0000, 0X3, 0xffff, 0X1, 0x0000, 0X1, 0xf79e, 0X78, 0xffdf, 0X1, 0xf79e, 0X2, 0x0000, 0X5, 0xffff, 0X1, 0xf79e, 0X1, 0xffff, 0X1, 0xf79e, 0X77, 0xffff, 0X1, 0x0000, 0X4, 0xffff, 0X1, 0x0000, 0X1, 0xef7d, 0X1, 0xf79e, 0X1, 0xffff, 0X1, 0xf79e, 0X73, 0xffff, 0X1, 0xf79e, 0X2, 0x0000, 0X8, 0xef7d, 0X1, 0xf79e, 0X1, 0xffff, 0X1, 0xf79e, 0X71, 0xffdf,
0X1, 0xf79e, 0X2, 0x0000, 0X1, 0xffff, 0X1, 0x0000, 0X6, 0xffff, 0X2, 0xef7d, 0X1, 0xf79e, 0X1, 0xffff, 0X1, 0xf79e, 0X70, 0xffdf, 0X1, 0xf79e, 0X1, 0xffff, 0X2, 0x0000, 0X8, 0xffff, 0X1, 0x0000, 0X1, 0xef7d, 0X1, 0xf79e, 0X2, 0xffdf, 0X1, 0xef9e, 0X1, 0xf77e, 0X1, 0xf79e, 0X6A, 0xffdf, 0X2, 0xf79e, 0X1, 0xef7d, 0X1, 0x0000, 0X1, 0xffff, 0X1, 0x0000, 0X9, 0xffff, 0X1, 0x0000, 0X1, 0xffff, 0X1, 0xf79e, 0X2, 0xffff, 0X1, 0xffdf, 0X1, 0xf79e, 0X69, 0xffff, 0X1, 0xf79e, 0X2, 0xef7d, 0X1, 0x0000, 0X1, 0xffff, 0X1, 0x0000, 0XB,
0xffff, 0X1, 0x0000, 0X2, 0xf79e, 0X3, 0xffff, 0X2, 0xf79e, 0X1, 0xf77e, 0X1, 0xf79e, 0X63, 0xffff, 0X1, 0xffdf, 0X1, 0xf79e, 0X2, 0x0000, 0X2, 0xffff, 0X1, 0x0000, 0XE, 0xffff, 0X1, 0x0000, 0X1, 0xfff9, 0X1, 0xf79e, 0X3, 0xffdf, 0X1, 0xffff, 0X2, 0xffdf, 0X2, 0xf79e, 0X33, 0xef9e, 0X1, 0xf79e, 0X9, 0xf79d, 0X1, 0xf79e, 0X17, 0xf77e, 0X1, 0xf79e, 0X6, 0xffdf, 0X2, 0xffff, 0X1, 0xf79e, 0X3, 0xef7d, 0X1, 0x0000, 0X2, 0xffff, 0X1, 0x0000, 0X10, 0xffff, 0X1, 0x0000, 0X3, 0xf79e, 0X7, 0xffff, 0X59, 0xffdf, 0X1, 0xf79e, 0X6, 0x0000, 0X2, 0xcfff, 0X1, 0x0000, 0X14, 0xffff, 0X2, 0x0000, 0X3, 0xf79e, 0X61, 0x0000, 0X3, 0xffff, 0X1, 0x0000, 0X19, 0xffff, 0X2, 0x0000, 0X62, 0xffff, 0X1, 0x0000, 0X21, 0xffff, 0X1, 0x0000, 0X69
};

static const uint16_t lcd_04dn[914] = { 
0x0000, 0X4B, 0x4228, 0X1, 0x4a49, 0X1, 0x4229, 0X2, 0x4a49, 0X3, 0x4229, 0X1, 0x4a49, 0X1, 0x4229, 0X1, 0x0000, 0X7E, 0x4a49, 0X3, 0x7bef, 0XB, 0x4229, 0X2, 0x4a69, 0X1, 0x0000, 0X78, 0x4a49, 0X1, 0x4229, 0X1, 0x7bef, 0X10, 0x4229, 0X2, 0x4a69, 0X1, 0x0000, 0X74, 0x4a49, 0X2, 0x7bef, 0X14, 0x4229, 0X1, 0x4a49, 0X1, 0x0000, 0X72, 0x4a49, 0X1, 0x7bef, 0X18, 0x4a49, 0X1, 0x4a69, 0X1, 0x0000, 0X6F, 0x4a49, 0X1, 0x7bef, 0X1A, 0x4a49, 0X2, 0x0000, 0X6D, 0x4a49, 0X1, 0x7bef, 0X1C, 0x4229, 0X1, 0x4a49, 0X1, 0x0000, 0X6B, 0x4a49, 0X1, 
0x7bef, 0X1E, 0x4229, 0X1, 0x4228, 0X1, 0x0000, 0X69, 0x4a49, 0X1, 0x7bef, 0X20, 0x4229, 0X1, 0x4a69, 0X1, 0x0000, 0X67, 0x4a49, 0X1, 0x7bef, 0X22, 0x4229, 0X1, 0x0000, 0X67, 0x4229, 0X1, 0x7bef, 0X23, 0x4229, 0X1, 0x0000, 0X65, 0x4229, 0X1, 0x7bef, 0X24, 0x4a49, 0X1, 0x0000, 0X56, 0xf79e, 0X7, 0xef7d, 0X1, 0x0000, 0X7, 0x4a49, 0X1, 0x7bef, 0X25, 0x4229, 0X1, 0x0000, 0X50, 0xef7d, 0X1, 0xf79e, 0XF, 0xef7d, 0X1, 0x0000, 0X2, 0x4a49, 0X1, 0x7bef, 0X26, 0x4229, 0X1, 0x0000, 0X4E, 0xf79e, 0X15, 0x4229, 0X1, 0x7bef, 0X27, 
0x4a69, 0X1, 0x0000, 0X4B, 0xf79e, 0X17, 0xdefb, 0X1, 0x8c51, 0X1, 0x7bef, 0X26, 0x4229, 0X1, 0x0000, 0X49, 0xef7d, 0X1, 0xf79e, 0X1A, 0xd69a, 0X1, 0x738e, 0X1, 0x7bef, 0X24, 0x4a49, 0X1, 0x0000, 0X48, 0xf79e, 0X1E, 0x9cf3, 0X1, 0x7bef, 0X23, 0x4229, 0X1, 0x0000, 0X3, 0x4a69, 0X1, 0x4229, 0X1, 0x4a49, 0X1, 0x4229, 0X1, 0x7bef, 0X3, 0x4a49, 0X3, 0x0000, 0X3A, 0xf79e, 0X20, 0xbdf7, 0X1, 0x528a, 0X1, 0x7bef, 0X22, 0x0000, 0X1, 0x4a69, 0X1, 0x4229, 0X2, 0x7bef, 0X9, 0x4229, 0X2, 0x0000, 0X37, 0xf79e, 0X22, 0xd69a, 0X1, 0x528a, 0X1, 
0x7bef, 0X21, 0x4a49, 0X2, 0x7bef, 0XD, 0x4229, 0X1, 0x4a49, 0X1, 0x0000, 0X34, 0xf79e, 0X24, 0xd69a, 0X1, 0x528a, 0X1, 0x7bef, 0X30, 0x4229, 0X1, 0x4a49, 0X1, 0x0000, 0X32, 0xf79e, 0X26, 0xce59, 0X1, 0x7bef, 0X31, 0x4229, 0X1, 0x4a49, 0X1, 0x0000, 0X30, 0xf79e, 0X28, 0x9cf3, 0X1, 0x7bef, 0X31, 0x4229, 0X1, 0x4a69, 0X1, 0x0000, 0X2E, 0xef7d, 0X1, 0xf79e, 0X29, 0x738e, 0X1, 0x7bef, 0X31, 0x4229, 0X1, 0x0000, 0X2E, 0xf79e, 0X2A, 0xdefb, 0X1, 0x7bef, 0X31, 0x4229, 0X1, 0x4a69, 0X1, 0x0000, 0X2C, 0xf79e, 0X2C, 0x9cf3, 0X1, 
0x7bef, 0X31, 0x4229, 0X1, 0x0000, 0X2C, 0xf79e, 0X2C, 0xe73d, 0X1, 0x528a, 0X1, 0x7bef, 0X30, 0x4229, 0X1, 0x0000, 0X2B, 0xef7d, 0X1, 0xf79e, 0X2D, 0x9492, 0X1, 0x7bef, 0X30, 0x4a49, 0X1, 0x0000, 0X2B, 0xf79e, 0X2E, 0xdefb, 0X1, 0x7bef, 0X31, 0x0000, 0X2B, 0xf79e, 0X2F, 0x6b4d, 0X1, 0x7bef, 0X30, 0x0000, 0X2A, 0xf79e, 0X30, 0x9cf3, 0X1, 0x7bef, 0X30, 0x0000, 0X2A, 0xf79e, 0X30, 0xce59, 0X1, 0x7bef, 0X30, 0x0000, 0X2A, 0xf79e, 0X31, 0x7bef, 0X6, 0x5aeb, 0X1, 0x7bef, 0X1, 0x9cf3, 0X5, 0x738e, 0X1, 0x7bef, 0X21, 0x4a49, 0X1, 
0x0000, 0X2A, 0xf79e, 0X31, 0x6b4d, 0X1, 0x7bef, 0X2, 0x528a, 0X1, 0x9492, 0X1, 0xd69a, 0X1, 0xf79e, 0X9, 0xbdf7, 0X1, 0x738e, 0X1, 0x7bef, 0X1E, 0x4229, 0X5, 0x4a69, 0X1, 0x0000, 0X25, 0xf79e, 0X31, 0x738e, 0X1, 0x7bef, 0X1, 0x9492, 0X1, 0xe73d, 0X1, 0xf79e, 0XD, 0xce59, 0X1, 0x6b4d, 0X1, 0x7bef, 0X22, 0x4a49, 0X2, 0x4229, 0X1, 0x0000, 0X21, 0xf7be, 0X1, 0xf79e, 0X31, 0xad55, 0X1, 0xce59, 0X1, 0xf79e, 0X11, 0x9cf3, 0X1, 0x7bef, 0X24, 0x4a49, 0X1, 0x4229, 0X1, 0x0000, 0X1F, 0xf79e, 0X46, 0xb596, 0X1, 0x7bef, 0X25, 0x4229, 0X1, 
0x4a69, 0X1, 0x0000, 0X1D, 0xf79e, 0X47, 0xb596, 0X1, 0x7bef, 0X25, 0x4229, 0X1, 0x4a69, 0X1, 0x0000, 0X1C, 0xf79e, 0X48, 0x8c51, 0X1, 0x7bef, 0X25, 0x4229, 0X1, 0x4a69, 0X1, 0x0000, 0X1B, 0xf7be, 0X1, 0xf79e, 0X47, 0xe73d, 0X1, 0x5aeb, 0X1, 0x7bef, 0X25, 0x4a49, 0X1, 0x0000, 0X1C, 0xf79e, 0X48, 0xb596, 0X1, 0x7bef, 0X26, 0x4229, 0X1, 0x0000, 0X1B, 0xf79e, 0X49, 0x5aeb, 0X1, 0x7bef, 0X25, 0x4229, 0X1, 0x4a69, 0X1, 0x0000, 0X12, 0xf7be, 0X1, 0xf79e, 0X50, 0x9492, 0X1, 0x7bef, 0X26, 0x4229, 0X1, 0x0000, 0XF, 0xf79e, 0X54, 
0xce59, 0X1, 0x7bef, 0X26, 0x4229, 0X1, 0x0000, 0XD, 0xf79e, 0X57, 0x7bef, 0X27, 0x4229, 0X1, 0x0000, 0XA, 0xf79e, 0X59, 0x6b4d, 0X1, 0x7bef, 0X26, 0x4229, 0X1, 0x0000, 0X8, 0xef7d, 0X1, 0xf79e, 0X5A, 0x738e, 0X1, 0x7bef, 0X26, 0x4a49, 0X1, 0x0000, 0X7, 0xf7be, 0X1, 0xf79e, 0X5B, 0x738e, 0X1, 0x7bef, 0X26, 0x4a49, 0X1, 0x0000, 0X6, 0xf7be, 0X1, 0xf79e, 0X5C, 0x738e, 0X1, 0x7bef, 0X26, 0x4a49, 0X1, 0x0000, 0X5, 0xf7be, 0X1, 0xf79e, 0X5D, 0x5aeb, 0X1, 0x7bef, 0X26, 0x4a49, 0X1, 0x0000, 0X4, 0xef7d, 0X1, 0xf79e, 0X5D, 
0xe73d, 0X1, 0x7bef, 0X27, 0x4a49, 0X1, 0x0000, 0X4, 0xf79e, 0X5E, 0xbdf7, 0X1, 0x7bef, 0X27, 0x4a49, 0X1, 0x0000, 0X3, 0xf79e, 0X5F, 0xce59, 0X1, 0xbdf7, 0X1, 0xce59, 0X4, 0x9cf3, 0X1, 0x8c51, 0X1, 0x5aeb, 0X1, 0x7bef, 0X1F, 0x4a49, 0X1, 0x0000, 0X2, 0xef7d, 0X1, 0xf79e, 0X68, 0xd69a, 0X1, 0x8c51, 0X1, 0x528a, 0X1, 0x7bef, 0X1B, 0x4a49, 0X1, 0x0000, 0X3, 0xf79e, 0X6B, 0xe73d, 0X1, 0x8c51, 0X1, 0x7bef, 0X1A, 0x4229, 0X1, 0x0000, 0X2, 0xef7d, 0X1, 0xf79e, 0X6D, 0xce59, 0X1, 0x5aeb, 0X1, 0x7bef, 0X17, 0x4229, 0X1, 0x4a69, 0X1, 
0x0000, 0X2, 0xf79e, 0X6F, 0xe73d, 0X1, 0x6b4d, 0X1, 0x7bef, 0X16, 0x4a49, 0X1, 0x0000, 0X3, 0xf79e, 0X70, 0xe73d, 0X1, 0x6b4d, 0X1, 0x7bef, 0X14, 0x4229, 0X1, 0x0000, 0X3, 0xef7d, 0X1, 0xf79e, 0X71, 0xe73d, 0X1, 0x6b4d, 0X1, 0x7bef, 0X12, 0x4229, 0X1, 0x4a69, 0X1, 0x0000, 0X3, 0xf79e, 0X73, 0xd69a, 0X1, 0x7bef, 0X11, 0x4229, 0X1, 0x4a69, 0X1, 0x0000, 0X4, 0xf79e, 0X74, 0x9cf3, 0X1, 0x7bef, 0XF, 0x4229, 0X1, 0x0000, 0X6, 0xf79e, 0X75, 0x5aeb, 0X1, 0x7bef, 0XC, 0x4a49, 0X2, 0x0000, 0X7, 0xf79e, 0X75, 0xad55, 0X1, 0x7bef, 
0X9, 0x4a49, 0X1, 0x4229, 0X1, 0x4228, 0X1, 0x0000, 0X9, 0xf79e, 0X75, 0xe73d, 0X1, 0x4229, 0X7, 0x4228, 0X1, 0x0000, 0XD, 0xf79e, 0X77, 0x0000, 0X14, 0xf79e, 0X77, 0x0000, 0X14, 0xf79e, 0X77, 0x0000, 0X14, 0xf79e, 0X77, 0x0000, 0X14, 0xf79e, 0X77, 0x0000, 0X14, 0xf79e, 0X77, 0x0000, 0X14, 0xf79e, 0X77, 0x0000, 0X15, 0xf79e, 0X76, 0x0000, 0X15, 0xf79e, 
0X76, 0x0000, 0X15, 0xf79e, 0X76, 0x0000, 0X16, 0xf79e, 0X75, 0x0000, 0X16, 0xf79e, 0X74, 0xef7d, 0X1, 0x0000, 0X17, 0xf79e, 0X73, 0x0000, 0X18, 0xef7d, 0X1, 0xf79e, 0X72, 0x0000, 0X19, 0xf79e, 0X71, 0x0000, 0X1B, 0xf79e, 0X6F, 0xef7d, 0X1, 0x0000, 0X1C, 0xf79e, 0X6E, 0x0000, 0X1E, 0xf79e, 0X6C, 0x0000, 0X20, 0xf79e, 0X6A, 0x0000, 0X22, 0xef7d, 0X1, 0xf79e, 0X67, 0x0000, 0X25, 0xf79e, 0X64, 0xef7d, 0X1, 0x0000, 0X28, 0xf79e, 0X61, 0x0000, 0X2C, 0xef7d, 0X1, 0xf79e, 0X5B, 0xef7d, 0X1, 0x0000, 0XAA
};

static const uint16_t lcd_09dn[1278] = { 
0x0000, 0XAF, 0x4a69, 0X1, 0x4a49, 0X1, 0x4229, 0X1, 0x4a49, 0X4, 0x4229, 0X1, 0x4a49, 0X2, 0x0000, 0X66, 0x4229, 0X1, 0x4a49, 0X1, 0x7bef, 0XA, 0x4a49, 0X1, 0x4229, 0X1, 0x4228, 0X1, 0x0000, 0X61, 0x4a49, 0X2, 0x7bef, 0XF, 0x4a49, 0X1, 0x4a69, 0X1, 0x0000, 0X5D, 0x4a69, 0X1, 0x4229, 0X1, 0x7bef, 0X12, 0x4229, 0X2, 0x0000, 0X5B, 0x4a49, 0X1, 0x4229, 0X1, 0x7bef, 0X15, 0x4229, 0X1, 0x0000, 0X59, 0x4a49, 0X1, 0x4229, 0X1, 0x7bef, 0X17, 0x4229, 0X1, 0x0000, 0X57, 0x4a69, 0X1, 0x4229, 0X1, 0x7bef, 0X19, 0x4229, 0X1, 0x0000, 0X56, 
0x4229, 0X1, 0x7bef, 0X1A, 0x4229, 0X1, 0x4228, 0X1, 0x0000, 0X54, 0x4a49, 0X1, 0x7bef, 0X1C, 0x4a49, 0X1, 0x0000, 0X54, 0x4a49, 0X1, 0x7bef, 0X1D, 0x4229, 0X1, 0x0000, 0X43, 0xf7be, 0X1, 0xf79e, 0XA, 0x0000, 0X4, 0x4229, 0X1, 0x7bef, 0X1E, 0x4a49, 0X1, 0x0000, 0X40, 0xef7d, 0X1, 0xf79e, 0X10, 0x0000, 0X1, 0x4229, 0X1, 0x7bef, 0X1F, 0x4228, 0X1, 0x0000, 0X3D, 0xef7d, 0X1, 0xf79e, 0X13, 0x738e, 0X1, 0x7bef, 0X1F, 0x4a49, 0X1, 0x0000, 0X3C, 0xf79e, 0X16, 0xbdf7, 0X1, 0x528a, 0X1, 0x7bef, 0X1D, 0x4229, 0X1, 0x0000, 0X4, 
0x4a69, 0X1, 0x4229, 0X3, 0x4a49, 0X1, 0x0000, 0X31, 0xef7d, 0X1, 0xf79e, 0X18, 0xe73d, 0X1, 0x6b4d, 0X1, 0x7bef, 0X1C, 0x4a49, 0X1, 0x0000, 0X1, 0x4a69, 0X1, 0x4a49, 0X1, 0x4229, 0X1, 0x7bef, 0X5, 0x4229, 0X1, 0x4a49, 0X1, 0x4228, 0X1, 0x0000, 0X2D, 0xf7be, 0X1, 0xf79e, 0X1B, 0x8c51, 0X1, 0x7bef, 0X1C, 0x4229, 0X1, 0x4a49, 0X1, 0x7bef, 0XA, 0x4229, 0X1, 0x0000, 0X2B, 0xf7be, 0X1, 0xf79e, 0X1D, 0x8c51, 0X1, 0x7bef, 0X28, 0x4a49, 0X1, 0x4a69, 0X1, 0x0000, 0X28, 0xef7d, 0X1, 0xf79e, 0X1E, 0xe73d, 0X1, 0x6b4d, 0X1, 0x7bef, 0X28, 
0x4a49, 0X1, 0x0000, 0X28, 0xf79e, 0X20, 0xdefb, 0X1, 0x528a, 0X1, 0x7bef, 0X28, 0x4229, 0X1, 0x0000, 0X26, 0xf79e, 0X22, 0xad55, 0X1, 0x7bef, 0X28, 0x4a49, 0X1, 0x0000, 0X25, 0xef7d, 0X1, 0xf79e, 0X23, 0x738e, 0X1, 0x7bef, 0X28, 0x4a49, 0X1, 0x0000, 0X24, 0xf79e, 0X24, 0xce59, 0X1, 0x7bef, 0X28, 0x4a49, 0X1, 0x0000, 0X24, 0xf79e, 0X25, 0x5aeb, 0X1, 0x7bef, 0X27, 0x4a49, 0X1, 0x0000, 0X23, 0xf79e, 0X26, 0xad55, 0X1, 0x7bef, 0X27, 0x4a49, 0X1, 0x0000, 0X23, 0xf79e, 0X26, 0xdefb, 0X1, 0x7bef, 0X27, 0x4a49, 0X1, 0x0000, 0X23, 
0xf79e, 0X27, 0x5aeb, 0X1, 0x7bef, 0X26, 0x4a49, 0X1, 0x0000, 0X23, 0xf79e, 0X27, 0x7bef, 0X5, 0xad55, 0X1, 0xce59, 0X1, 0xf79e, 0X2, 0xe73d, 0X1, 0xce59, 0X1, 0xad55, 0X1, 0x7bef, 0X1B, 0x4229, 0X1, 0x0000, 0X22, 0xf79e, 0X28, 0x9cf3, 0X1, 0x7bef, 0X1, 0x8c51, 0X1, 0xdefb, 0X1, 0xf79e, 0X9, 0xdefb, 0X1, 0x8c51, 0X1, 0x7bef, 0X18, 0x4229, 0X2, 0x7bef, 0X1, 0x4229, 0X1, 0x4a49, 0X1, 0x4229, 0X1, 0x4a49, 0X1, 0x0000, 0X1C, 0xf79e, 0X28, 0xad55, 0X1, 0xce59, 0X1, 0xf79e, 0XD, 0xce59, 0X1, 0x528a, 0X1, 0x7bef, 0X1D, 0x4a49, 
0X1, 0x4229, 0X1, 0x0000, 0X1A, 0xf79e, 0X38, 0xd69a, 0X1, 0x528a, 0X1, 0x7bef, 0X1E, 0x4229, 0X1, 0x0000, 0X19, 0xf79e, 0X39, 0xd69a, 0X1, 0x528a, 0X1, 0x7bef, 0X1E, 0x4229, 0X1, 0x4a69, 0X1, 0x0000, 0X17, 0xf79e, 0X3A, 0xad55, 0X1, 0x7bef, 0X1F, 0x4229, 0X1, 0x0000, 0X17, 0xf79e, 0X3B, 0x738e, 0X1, 0x7bef, 0X1F, 0x4a49, 0X1, 0x0000, 0X16, 0xef7d, 0X1, 0xf79e, 0X3A, 0xb596, 0X1, 0x7bef, 0X1F, 0x4229, 0X1, 0x4a69, 0X1, 0x0000, 0XE, 0xf7be, 0X1, 0xf79e, 0X42, 0x7bef, 0X20, 0x4a49, 0X1, 0x0000, 0XB, 0xef7d, 0X1, 0xf79e, 0X45, 
0x738e, 0X1, 0x7bef, 0X1F, 0x4229, 0X1, 0x0000, 0XA, 0xf79e, 0X47, 0x9cf3, 0X1, 0x7bef, 0X20, 0x0000, 0X8, 0xf7be, 0X1, 0xf79e, 0X48, 0x9cf3, 0X1, 0x7bef, 0X20, 0x4229, 0X1, 0x0000, 0X6, 0xf7be, 0X1, 0xf79e, 0X49, 0x9cf3, 0X1, 0x7bef, 0X20, 0x4229, 0X1, 0x0000, 0X5, 0xf7be, 0X1, 0xf79e, 0X4A, 0x9cf3, 0X1, 0x7bef, 0X20, 0x4229, 0X1, 0x0000, 0X4, 0xf7be, 0X1, 0xf79e, 0X4B, 0x7bef, 0X21, 0x4229, 0X1, 0x0000, 0X3, 0xef7d, 0X1, 0xf79e, 0X4C, 0x528a, 0X1, 0x7bef, 0X20, 0x0000, 0X4, 0xf79e, 0X4C, 0xe73d, 0X2, 0xf79e, 0X3, 
0xdefb, 0X1, 0xce59, 0X1, 0x9492, 0X1, 0x5aeb, 0X1, 0x7bef, 0X18, 0x4229, 0X1, 0x0000, 0X3, 0xef7d, 0X1, 0xf79e, 0X55, 0xb596, 0X1, 0x5aeb, 0X1, 0x7bef, 0X16, 0x4229, 0X1, 0x0000, 0X3, 0xf79e, 0X58, 0x9cf3, 0X1, 0x7bef, 0X14, 0x4229, 0X1, 0x4a69, 0X1, 0x0000, 0X2, 0xef7d, 0X1, 0xf79e, 0X59, 0xce59, 0X1, 0x528a, 0X1, 0x7bef, 0X12, 0x4a49, 0X1, 0x0000, 0X3, 0xf79e, 0X5B, 0xd69a, 0X1, 0x528a, 0X1, 0x7bef, 0X10, 0x4a49, 0X1, 0x0000, 0X4, 0xf79e, 0X5C, 0xb596, 0X1, 0x7bef, 0XF, 0x4a49, 0X1, 0x0000, 0X5, 0xf79e, 0X5D, 0x7bef, 0XE, 
0x4229, 0X1, 0x0000, 0X5, 0xef7d, 0X1, 0xf79e, 0X5D, 0xdefb, 0X1, 0x7bef, 0XB, 0x4a49, 0X1, 0x4229, 0X1, 0x0000, 0X6, 0xf79e, 0X5F, 0x9492, 0X1, 0x4a49, 0X7, 0x4229, 0X1, 0x4a49, 0X1, 0x4228, 0X1, 0x0000, 0X8, 0xf79e, 0X60, 0x0000, 0X12, 0xf79e, 0X60, 0x0000, 0X12, 0xf79e, 0X61, 0x0000, 0X11, 0xef7d, 0X1, 0xf79e, 0X60, 0x0000, 0X12, 0xf79e, 0X60, 0x0000, 0X12, 0xf79e, 0X60, 0x0000, 0X12, 0xf79e, 0X60, 0x0000, 0X12, 0xef7d, 0X1, 0xf79e, 0X5F, 0x0000, 0X13, 0xf79e, 0X5E, 0x0000, 0X14, 0xf7be, 0X1, 0xf79e, 0X5D, 0x0000, 0X15, 0xf79e, 
0X5D, 0x0000, 0X15, 0xef7d, 0X1, 0xf79e, 0X5B, 0x0000, 0X17, 0xf7be, 0X1, 0xf79e, 0X5A, 0x0000, 0X18, 0xf79e, 0X59, 0x0000, 0X1A, 0xf79e, 0X19, 0x9cf3, 0X1, 0x528a, 0X1, 0x7bef, 0X1, 0x5aeb, 0X1, 0xd69a, 0X1, 0xf79e, 0X39, 0xef7d, 0X1, 0x0000, 0X1B, 0xf7be, 0X1, 0xf79e, 0X16, 0xb596, 0X1, 0x7bef, 0X4, 0x528a, 0X1, 0xe73d, 0X1, 0xf79e, 0X37, 0xef7d, 0X1, 0x0000, 0X1D, 0xef7d, 0X1, 0xf79e, 0X15, 0x6b4d, 0X1, 0x7bef, 0X5, 0xce59, 0X1, 0xf79e, 0X36, 0x0000, 0X21, 0xef7d, 0X1, 0xf79e, 0X12, 0xd69a, 0X1, 0x7bef, 0X6, 0xce59, 0X1, 
0xf79e, 0X34, 0xf7be, 0X1, 0x0000, 0X25, 0xf79e, 0X10, 0x9492, 0X1, 0x7bef, 0X6, 0xe73d, 0X1, 0xf79e, 0X32, 0xef7d, 0X1, 0x0000, 0X37, 0x4a49, 0X1, 0x7bef, 0X5, 0x4a49, 0X1, 0x0000, 0X6B, 0x4a49, 0X1, 0x7bef, 0X5, 0x4a49, 0X1, 0x0000, 0X6B, 0x4a49, 0X1, 0x4229, 0X1, 0x7bef, 0X3, 0x4229, 0X1, 0x0000, 0X6D, 0x4228, 0X1, 0x4229, 0X1, 0x4a49, 0X2, 0x4a69, 0X1, 0x0000, 0X8B, 0x4a69, 0X1, 0x4229, 0X1, 0x4a49, 0X3, 0x0000, 0X6D, 0x4a49, 0X1, 0x7bef, 0X4, 0x4a49, 0X1, 0x0000, 0X6B, 0x4a49, 0X1, 0x7bef, 0X5, 0x4229, 0X1, 0x0000, 0X5B, 
0x4a49, 0X2, 0x4228, 0X1, 0x0000, 0XD, 0x4229, 0X1, 0x7bef, 0X5, 0x4229, 0X1, 0x0000, 0X5A, 0x4229, 0X1, 0x7bef, 0X3, 0x4229, 0X1, 0x4a49, 0X1, 0x0000, 0XB, 0x4a49, 0X1, 0x7bef, 0X5, 0x4229, 0X1, 0x0000, 0X4A, 0x4a49, 0X1, 0x4229, 0X1, 0x0000, 0XD, 0x4a69, 0X1, 0x4229, 0X1, 0x7bef, 0X4, 0x4229, 0X1, 0x0000, 0XB, 0x4a49, 0X1, 0x7bef, 0X5, 0x4a49, 0X1, 0x0000, 0X49, 0x4229, 0X1, 0x7bef, 0X2, 0x4a49, 0X1, 0x4229, 0X1, 0x4a69, 0X1, 0x0000, 0XA, 0x4229, 0X1, 0x7bef, 0X6, 0x0000, 0XB, 0x4a49, 0X1, 0x7bef, 0X4, 0x4229, 0X1, 0x0000, 
0X49, 0x4a69, 0X1, 0x7bef, 0X5, 0x4a49, 0X1, 0x0000, 0XA, 0x4a49, 0X1, 0x7bef, 0X5, 0x4a49, 0X1, 0x0000, 0XC, 0x4a49, 0X4, 0x4a69, 0X1, 0x0000, 0X49, 0x4a49, 0X1, 0x7bef, 0X6, 0x0000, 0X9, 0x4228, 0X1, 0x7bef, 0X6, 0x4a49, 0X1, 0x0000, 0X5A, 0x4229, 0X1, 0x7bef, 0X5, 0x4229, 0X1, 0x0000, 0X9, 0x4229, 0X1, 0x7bef, 0X6, 0x4228, 0X1, 0x0000, 0X59, 0x4a49, 0X1, 0x7bef, 0X6, 0x4a49, 0X1, 0x0000, 0X9, 0x4a49, 0X1, 0x7bef, 0X5, 0x4229, 0X1, 0x0000, 0X5A, 0x4229, 0X1, 0x7bef, 0X6, 0x4a69, 0X1, 0x0000, 0X8, 0x4a49, 0X1, 0x7bef, 0X6, 
0x4229, 0X1, 0x0000, 0X5A, 0x4229, 0X1, 0x7bef, 0X5, 0x4229, 0X1, 0x0000, 0X9, 0x4229, 0X1, 0x7bef, 0X5, 0x4229, 0X1, 0x0000, 0X5A, 0x4a49, 0X1, 0x7bef, 0X6, 0x4a49, 0X1, 0x0000, 0X9, 0x4a69, 0X1, 0x4229, 0X1, 0x7bef, 0X4, 0x4a49, 0X1, 0x0000, 0X5A, 0x4229, 0X1, 0x7bef, 0X5, 0x4229, 0X1, 0x0000, 0XB, 0x4a69, 0X1, 0x4229, 0X2, 0x7bef, 0X1, 0x4a49, 0X1, 0x4a69, 0X1, 0x0000, 0X5A, 0x4228, 0X1, 0x7bef, 0X5, 0x4229, 0X1, 0x0000, 0X6C, 0x4229, 0X1, 0x4a49, 0X1, 0x7bef, 0X2, 0x4a49, 0X1, 0x4228, 0X1, 0x0000, 0X1A, 0x4228, 0X2, 0x0000, 
0X52, 0x4a69, 0X1, 0x4229, 0X1, 0x0000, 0X1B, 0x4a49, 0X1, 0x7bef, 0X2, 0x4229, 0X2, 0x0000, 0X5C, 0x4a49, 0X1, 0x4229, 0X1, 0x4a49, 0X1, 0x4229, 0X1, 0x4a49, 0X1, 0x0000, 0XB, 0x4228, 0X1, 0x7bef, 0X5, 0x4229, 0X1, 0x0000, 0X5A, 0x4a49, 0X1, 0x7bef, 0X4, 0x4229, 0X1, 0x4a69, 0X1, 0x0000, 0XA, 0x4229, 0X1, 0x7bef, 0X5, 0x4a49, 0X1, 0x0000, 0X5A, 0x4a49, 0X1, 0x7bef, 0X5, 0x4a49, 0X1, 0x0000, 0XA, 0x4a49, 0X1, 0x7bef, 0X5, 0x4229, 0X1, 0x0000, 0X5A, 0x4229, 0X1, 0x7bef, 0X5, 0x4229, 0X1, 0x0000, 0X9, 0x4a49, 0X1, 0x7bef, 0X6, 
0x4a49, 0X1, 0x0000, 0X5A, 0x7bef, 0X6, 0x4a49, 0X1, 0x0000, 0X9, 0x4a49, 0X1, 0x7bef, 0X5, 0x4229, 0X1, 0x0000, 0X5B, 0x4a49, 0X1, 0x7bef, 0X4, 0x4a49, 0X1, 0x0000, 0X9, 0x4a69, 0X1, 0x7bef, 0X6, 0x4a49, 0X1, 0x0000, 0X5B, 0x4a49, 0X2, 0x7bef, 0X2, 0x4229, 0X1, 0x4a49, 0X1, 0x0000, 0X9, 0x4229, 0X1, 0x7bef, 0X6, 0x4a49, 0X1, 0x0000, 0X5D, 0x4229, 0X2, 0x0000, 0XC, 0x4a49, 0X1, 0x7bef, 0X4, 0x4a49, 0X1, 0x0000, 0X6C, 0x4a69, 0X1, 0x4229, 0X1, 0x4a49, 0X1, 0x7bef, 0X1, 0x4229, 0X1, 0x4a49, 0X1, 0x0000, 0X6F, 0x4a49, 0X1, 0x4a69, 0X1, 0x0000, 0X39
};

static const uint16_t lcd_10d[2234] = { 
0x0000, 0X4F, 0xeb49, 0X1, 0xeb69, 0X1B, 0xf36a, 0X1, 0x0000, 0X60, 0xf38a, 0X1, 0xeb69, 0X2, 0xe329, 0X1, 0xeb49, 0X1, 0xeb69, 0X18, 0xeb49, 0X1, 0xf36a, 0X1, 0xe368, 0X1, 0xeb69, 0X1, 0xe368, 0X1, 0x0000, 0X5C, 0xeb69, 0X2, 0xe348, 0X1, 0xeb69, 0X20, 0x7c60, 0X1, 0xeb69, 0X3, 0x0000, 0X57, 0xeb69, 0X27, 0xfbcc, 0X1, 0xeb69, 0X2, 0x0000, 0X55, 0xeb69, 0X1, 0xe389, 0X1, 0xeb69, 0X28, 0xeb89, 0X1, 0xeb69, 0X1, 0x0000, 0X54, 0xeb69, 0X2C, 0x0000, 0X52, 0xeb69, 0X31, 0x0000, 0X4D, 0xfbcc, 0X1, 0xeb69, 0X1, 0xeb49, 0X1, 
0xeb69, 0X2E, 0xfbab, 0X1, 0xe348, 0X1, 0xf38a, 0X1, 0x0000, 0X33, 0xf7be, 0X2, 0xf79e, 0XB, 0x0000, 0XB, 0xfbac, 0X1, 0xe348, 0X1, 0xeb69, 0X32, 0xe348, 0X1, 0xfbed, 0X1, 0x0000, 0X2F, 0xf79e, 0X4, 0xf7be, 0X1, 0xf79e, 0XA, 0xe71c, 0X1, 0xf79e, 0X3, 0xef7d, 0X2, 0x0000, 0X6, 0xdb47, 0X1, 0xeb69, 0X34, 0xe348, 0X1, 0xfbab, 0X1, 0x0000, 0X2B, 0xf79e, 0X16, 0xef7d, 0X1, 0xe73c, 0X1, 0xf79e, 0X1, 0xef7d, 0X1, 0x0000, 0X2, 0xeb69, 0X38, 0xfbcc, 0X1, 0x0000, 0X2B, 0xf79e, 0X16, 0xef7d, 0X2, 0xf79e, 0X1, 0xef7d, 0X1, 
0x0000, 0X2, 0xeb69, 0X38, 0xfb8b, 0X1, 0x0000, 0X29, 0xf79e, 0X2, 0xef7d, 0X1, 0xf79e, 0X18, 0xf7be, 0X1, 0xf79e, 0X1, 0xec4d, 0X1, 0xeb88, 0X1, 0xeb69, 0X3A, 0x0000, 0X25, 0xf79e, 0X2, 0xf7be, 0X1, 0xf79e, 0X1C, 0xf7ff, 0X1, 0xeb28, 0X1, 0xeb69, 0X39, 0xeb49, 0X1, 0xe368, 0X1, 0x0000, 0X22, 0xef5d, 0X1, 0xf79e, 0X20, 0xeeb9, 0X1, 0xebaa, 0X1, 0xeb69, 0X39, 0xe368, 0X1, 0xe388, 0X1, 0x0000, 0X21, 0xe71c, 0X1, 0xffdf, 0X1, 0xef7d, 0X1, 0xf79e, 0X1F, 0xf71b, 0X1, 0xec6e, 0X1, 0xebaa, 0X1, 0xeb69, 0X39, 0xe368, 0X1, 
0xeb69, 0X1, 0x0000, 0X20, 0xe71c, 0X1, 0xef7d, 0X1, 0xf79e, 0X20, 0xf77d, 0X1, 0xf6da, 0X1, 0xecf0, 0X1, 0xebaa, 0X1, 0xeb69, 0X3A, 0x0000, 0X20, 0xffff, 0X1, 0xf79e, 0X22, 0xf77d, 0X1, 0xf6fa, 0X1, 0xed32, 0X1, 0xebaa, 0X1, 0xeb69, 0X39, 0x0000, 0X1F, 0xf79e, 0X26, 0xf6b9, 0X1, 0xed11, 0X1, 0xeb69, 0X3A, 0x0000, 0X1C, 0xf79e, 0X29, 0xf698, 0X1, 0xec8e, 0X1, 0xeb69, 0X39, 0x0000, 0X1C, 0xf79e, 0X29, 0xf75d, 0X1, 0xee57, 0X1, 0xebec, 0X1, 0xeb69, 0X38, 0xe368, 0X2, 0x0000, 0X19, 0xf79e, 0X2B, 0xf73c, 0X1, 0xed53, 0X1, 
0xebcb, 0X1, 0xeb69, 0X37, 0xe368, 0X2, 0x0000, 0X19, 0xf79e, 0X2B, 0xf77d, 0X1, 0xf6fa, 0X1, 0xec8e, 0X1, 0xeb89, 0X1, 0xeb69, 0X36, 0xe368, 0X2, 0x0000, 0X19, 0xf79e, 0X2C, 0xf77d, 0X1, 0xedd5, 0X1, 0xec0c, 0X1, 0xeb49, 0X1, 0xeb69, 0X37, 0x0000, 0X18, 0xf7be, 0X1, 0xf79e, 0X2D, 0xf71b, 0X1, 0xecd0, 0X1, 0xeb48, 0X1, 0xeb69, 0X37, 0x0000, 0X18, 0xf7be, 0X1, 0xf79e, 0X2D, 0xf7be, 0X1, 0xed93, 0X1, 0xebaa, 0X1, 0xeb69, 0X37, 0x0000, 0X18, 0xf7be, 0X1, 0xf79e, 0X2E, 0xee57, 0X1, 0xec8e, 0X1, 0xeb69, 0X37, 0x0000, 0X18, 
0xf79e, 0X2F, 0xf71b, 0X1, 0xed52, 0X1, 0xeb69, 0X37, 0x0000, 0X17, 0xd69a, 0X1, 0xf79e, 0X30, 0xedd5, 0X1, 0xeb69, 0X37, 0x0000, 0X17, 0xffff, 0X1, 0xf79e, 0X2F, 0xf7be, 0X1, 0xee37, 0X1, 0xebeb, 0X1, 0xeb69, 0X3, 0xeb48, 0X1, 0xeb69, 0X1, 0xebeb, 0X1, 0xec6e, 0X6, 0xec0c, 0X1, 0xeb89, 0X1, 0xeb48, 0X2, 0xeb69, 0X26, 0x0000, 0X17, 0xf79e, 0X30, 0xf7be, 0X1, 0xf698, 0X1, 0xec6e, 0X1, 0xeb69, 0X2, 0xebcb, 0X1, 0xec4e, 0X1, 0xecf1, 0X1, 0xed94, 0X1, 0xee37, 0X1, 0xf657, 0X4, 0xf637, 0X1, 0xedb4, 0X1, 0xed11, 0X1, 
0xec8e, 0X1, 0xec0c, 0X1, 0xeb89, 0X1, 0xeb69, 0X25, 0x0000, 0X17, 0xf79e, 0X30, 0xf7be, 0X1, 0xf6da, 0X1, 0xed11, 0X1, 0xebcb, 0X1, 0xec2c, 0X1, 0xed52, 0X1, 0xf699, 0X1, 0xf77d, 0X1, 0xf79e, 0X8, 0xf77d, 0X1, 0xf6fb, 0X1, 0xedf5, 0X1, 0xec8f, 0X1, 0xebcb, 0X1, 0xeb89, 0X1, 0xeb69, 0X23, 0x0000, 0X17, 0xf79e, 0X30, 0xf7be, 0X1, 0xf6da, 0X1, 0xed73, 0X1, 0xed32, 0X1, 0xf6ba, 0X1, 0xf75d, 0X1, 0xf77d, 0X1, 0xf79e, 0XA, 0xf79d, 0X1, 0xf77d, 0X1, 0xf73c, 0X1, 0xedb5, 0X1, 0xec2c, 0X1, 0xeb69, 0X23, 0x0000, 0X17, 
0xf79e, 0X31, 0xf77d, 0X1, 0xf71b, 0X2, 0xf77d, 0X1, 0xf79e, 0XF, 0xf73c, 0X1, 0xee16, 0X1, 0xec6e, 0X1, 0xeb48, 0X1, 0xeb69, 0X21, 0x0000, 0X17, 0xf79e, 0X32, 0xf7be, 0X2, 0xf79e, 0X11, 0xf75c, 0X1, 0xee16, 0X1, 0xec6e, 0X1, 0xeb69, 0X21, 0x0000, 0X17, 0xf79e, 0X45, 0xf7be, 0X1, 0xf75c, 0X1, 0xee16, 0X1, 0xec2d, 0X1, 0xeb89, 0X1, 0xeb69, 0X1F, 0x0000, 0X17, 0xf79e, 0X46, 0xf7be, 0X1, 0xf73c, 0X1, 0xedb5, 0X1, 0xebcb, 0X1, 0xeb69, 0X1F, 0x0000, 0XF, 0xf7be, 0X1, 0xf79e, 0X4F, 0xf71b, 0X1, 0xec6e, 0X1, 0xeb89, 0X1, 
0xeb69, 0X1E, 0x0000, 0XF, 0xf7be, 0X1, 0xf79e, 0X4F, 0xf75d, 0X1, 0xedf5, 0X1, 0xec0c, 0X1, 0xeb48, 0X1, 0xeb69, 0X1D, 0x0000, 0XC, 0xf7be, 0X1, 0xf79e, 0X2, 0xef7d, 0X1, 0xf7be, 0X1, 0xf79e, 0X4E, 0xf79d, 0X1, 0xf6fb, 0X1, 0xec6e, 0X1, 0xeb69, 0X1E, 0x0000, 0X9, 0xf7be, 0X1, 0xf79e, 0X2, 0xf7be, 0X1, 0xf79e, 0X53, 0xf77d, 0X1, 0xed11, 0X1, 0xebaa, 0X1, 0xeb69, 0X1D, 0x0000, 0X8, 0xf79e, 0X1, 0xe73c, 0X1, 0xf79e, 0X57, 0xedb4, 0X1, 0xec0c, 0X1, 0xeb69, 0X1D, 0x0000, 0X5, 0xef7d, 0X2, 0xf79e, 0X5A, 0xee37, 0X1, 
0xec4d, 0X1, 0xeb49, 0X1, 0xeb69, 0X1C, 0x0000, 0X5, 0xef7d, 0X2, 0xf79e, 0X5A, 0xee57, 0X1, 0xec6e, 0X1, 0xeb48, 0X1, 0xeb69, 0X1C, 0x0000, 0X4, 0xef7d, 0X1, 0xffdf, 0X1, 0xef5d, 0X1, 0xf79e, 0X5A, 0xf6da, 0X1, 0xecd0, 0X1, 0xeb48, 0X1, 0xeb69, 0X1C, 0x0000, 0X3, 0xe71c, 0X1, 0xf79e, 0X1, 0xef7d, 0X1, 0xf79e, 0X5B, 0xf699, 0X1, 0xecaf, 0X1, 0xeb48, 0X1, 0xeb69, 0X1C, 0x0000, 0X3, 0xf7be, 0X1, 0xef7d, 0X1, 0xf79e, 0X5C, 0xee37, 0X1, 0xec6e, 0X1, 0xeb48, 0X1, 0xeb69, 0X1A, 0xfbcd, 0X1, 0xf38a, 0X1, 0x0000, 0X2, 
0xf79e, 0X1, 0xef7d, 0X1, 0xf79e, 0X5D, 0xedf6, 0X1, 0xec2d, 0X1, 0xeb48, 0X1, 0xeb69, 0X1A, 0xf38a, 0X1, 0xeb69, 0X1, 0xef7d, 0X2, 0xf79e, 0X5F, 0xed73, 0X1, 0xebeb, 0X1, 0xeb8a, 0X4, 0xeb89, 0X2, 0xeb69, 0X15, 0x0000, 0X2, 0xef7d, 0X2, 0xf79e, 0X5F, 0xedf5, 0X1, 0xed52, 0X1, 0xedb4, 0X1, 0xedf5, 0X1, 0xed94, 0X1, 0xed32, 0X1, 0xecf0, 0X1, 0xec4d, 0X1, 0xebaa, 0X1, 0xeb69, 0X14, 0x0000, 0X2, 0xef7d, 0X1, 0xef5d, 0X1, 0xf79e, 0X5F, 0xf71b, 0X1, 0xf6fb, 0X1, 0xf73c, 0X2, 0xf71b, 0X1, 0xf6fb, 0X1, 0xf6da, 0X1, 
0xf699, 0X1, 0xee37, 0X1, 0xed93, 0X1, 0xec8e, 0X1, 0xebaa, 0X1, 0xeb48, 0X1, 0xeb69, 0X10, 0x0000, 0X2, 0xf79e, 0X62, 0xf7be, 0X1, 0xf79e, 0X3, 0xf7be, 0X3, 0xf79e, 0X1, 0xf73c, 0X1, 0xf658, 0X1, 0xed73, 0X1, 0xec6e, 0X1, 0xebaa, 0X1, 0xeb69, 0XD, 0xeb89, 0X1, 0x0000, 0X3, 0xf79e, 0X6C, 0xf77d, 0X1, 0xf678, 0X1, 0xecd0, 0X1, 0xebeb, 0X1, 0xeb69, 0XD, 0x0000, 0X3, 0xf79e, 0X6E, 0xf71b, 0X1, 0xed73, 0X1, 0xebeb, 0X1, 0xeb69, 0XA, 0xf38a, 0X1, 0x0000, 0X4, 0xf79e, 0X6F, 0xf73c, 0X1, 0xedd5, 0X1, 0xec0c, 0X1, 
0xeb49, 0X1, 0xeb69, 0X8, 0xfbee, 0X1, 0x0000, 0X4, 0xf79e, 0X70, 0xf73c, 0X1, 0xed73, 0X1, 0xebeb, 0X1, 0xeb69, 0X8, 0xf38a, 0X1, 0x0000, 0X4, 0xf79e, 0X71, 0xf6fa, 0X1, 0xed11, 0X1, 0xeb89, 0X1, 0xeb69, 0X7, 0x0000, 0X5, 0xf79e, 0X71, 0xf7be, 0X1, 0xee57, 0X1, 0xec6e, 0X1, 0xeb69, 0X5, 0x0000, 0X7, 0xf79e, 0X72, 0xf75d, 0X1, 0xedd5, 0X1, 0xebaa, 0X1, 0xeb69, 0X2, 0xfc0e, 0X1, 0x0000, 0X8, 0xf79e, 0X73, 0xf6da, 0X1, 0xed32, 0X1, 0xec0c, 0X1, 0xeac7, 0X1, 0xfc51, 0X1, 0x0000, 0X8, 0xf79e, 0X73, 0xf77d, 0X1, 
0xf71b, 0X1, 0xf6da, 0X1, 0xe58f, 0X1, 0xfbed, 0X1, 0x0000, 0X8, 0xf79e, 0X75, 0xf7be, 0X1, 0xff7d, 0X1, 0x0000, 0X9, 0xf79e, 0X77, 0x0000, 0X9, 0xf79e, 0X77, 0x0000, 0X9, 0xf79e, 0X77, 0x0000, 0X9, 0xf79e, 0X77, 0x0000, 0X9, 0xf79e, 0X77, 0x0000, 0X9, 0xf79e, 0X77, 0x0000, 0X9, 0xf79e, 0X77, 0x0000, 0X9, 0xf79e, 0X77, 0x0000, 0X9, 0xf79e, 0X77, 0x0000, 0X9, 0xef7d, 0X1, 0xf79e, 0X76, 0x0000, 0X9, 0xf79e, 0X76, 0xffff, 0X1, 0x0000, 0X9, 0xef7d, 0X1, 0xce79, 0X1, 0xf79e, 0X74, 0xdefb, 0X1, 0x0000, 0X9, 0xef7d, 0X1, 
0xef5d, 0X1, 0xf79e, 0X74, 0x0000, 0XA, 0xef7d, 0X1, 0xef5d, 0X1, 0xf79e, 0X74, 0x0000, 0XC, 0xf79e, 0X71, 0xef7d, 0X1, 0xf79e, 0X2, 0x0000, 0XD, 0xf7be, 0X1, 0xef7d, 0X1, 0xf79e, 0X20, 0xef5d, 0X1, 0xce59, 0X1, 0xbdf7, 0X1, 0xc618, 0X1, 0xd6ba, 0X1, 0xf79e, 0X49, 0xef5d, 0X1, 0x0000, 0XF, 0xe71c, 0X1, 0xf79e, 0X1, 0xef7d, 0X1, 0xf79e, 0X1D, 0xef7d, 0X1, 0xd6ba, 0X1, 0x9cf3, 0X1, 0x7bef, 0X1, 0x738e, 0X1, 0x73af, 0X1, 0x9492, 0X1, 0xce59, 0X1, 0xef7d, 0X1, 0xf79e, 0X47, 0xef7d, 0X1, 0x0000, 0X10, 0xef7d, 0X1, 
0xffdf, 0X1, 0xef5d, 0X1, 0xf79e, 0X1B, 0xf7be, 0X1, 0xdefb, 0X1, 0x9cf3, 0X1, 0x4a69, 0X1, 0x4228, 0X1, 0x4229, 0X1, 0x4228, 0X1, 0x528a, 0X1, 0x8410, 0X1, 0xdedb, 0X1, 0xf79e, 0X47, 0x0000, 0X12, 0xef7d, 0X2, 0xf79e, 0X1B, 0xf7be, 0X1, 0xc618, 0X1, 0x630c, 0X1, 0x4a49, 0X1, 0x4229, 0X1, 0x4a49, 0X1, 0x4229, 0X2, 0x52aa, 0X1, 0xc638, 0X1, 0xef7d, 0X1, 0xf79e, 0X45, 0x0000, 0X13, 0xef7d, 0X2, 0xf79e, 0X1B, 0xef7d, 0X1, 0xad75, 0X1, 0x4a49, 0X2, 0x4229, 0X1, 0x4a49, 0X2, 0x4229, 0X1, 0x528a, 0X1, 0xb5b6, 0X1, 
0xef5c, 0X1, 0xf79e, 0X45, 0x0000, 0X16, 0xf79e, 0X1, 0xf7be, 0X1, 0xef7d, 0X1, 0xf79e, 0X16, 0xf7be, 0X1, 0xce79, 0X1, 0x8430, 0X1, 0x4229, 0X2, 0x4a49, 0X3, 0x4229, 0X1, 0x528a, 0X1, 0xc638, 0X1, 0xef7d, 0X1, 0xf79e, 0X41, 0xe73c, 0X1, 0xf79e, 0X2, 0x0000, 0X18, 0xef7d, 0X2, 0xf79e, 0X1, 0xf7be, 0X1, 0xf79e, 0X14, 0xf7be, 0X1, 0xad55, 0X1, 0x630c, 0X1, 0x4229, 0X2, 0x4a49, 0X2, 0x4229, 0X1, 0x4a49, 0X1, 0x5aeb, 0X1, 0xce7a, 0X1, 0xf7be, 0X1, 0xf79e, 0X3F, 0xffdf, 0X1, 0xf79e, 0X1, 0xef7d, 0X2, 0x0000, 0X1C, 
0xef7d, 0X1, 0xf79e, 0X3, 0xe73c, 0X1, 0xf79e, 0X10, 0xffdf, 0X1, 0x7bcf, 0X1, 0x4a6a, 0X1, 0x4229, 0X2, 0x4a49, 0X2, 0x4229, 0X1, 0x4a49, 0X1, 0x630c, 0X1, 0xce59, 0X1, 0xf7be, 0X1, 0xf79e, 0X40, 0x0000, 0X22, 0xef7d, 0X2, 0xf79e, 0X10, 0xffdf, 0X1, 0x4229, 0X2, 0x4a49, 0X4, 0x4229, 0X2, 0x4a49, 0X2, 0xf7be, 0X1, 0xf79e, 0X3C, 0x0000, 0X26, 0xef7d, 0X2, 0xf79e, 0X10, 0xffdf, 0X1, 0x4229, 0X3, 0x4a49, 0X3, 0x4229, 0X3, 0x39c7, 0X1, 0xf7be, 0X1, 0xf79e, 0X3C, 0x0000, 0X39, 0x4a49, 0X1, 0x4229, 0X3, 0x4a49, 0X1, 
0x4229, 0X1, 0x4a49, 0X2, 0x4229, 0X1, 0x4a49, 0X1, 0x0000, 0X1D, 0x4228, 0X2, 0x4229, 0X3, 0x0000, 0X54, 0x2106, 0X1, 0x4a49, 0X1, 0x4229, 0X4, 0x4a49, 0X1, 0x4a69, 0X1, 0x4a49, 0X1, 0x0000, 0X1D, 0x4229, 0X1, 0x4a4b, 0X1, 0x4228, 0X1, 0x4229, 0X4, 0x4a69, 0X1, 0x528a, 0X1, 0x0000, 0X51, 0x630b, 0X1, 0x4a49, 0X1, 0x4229, 0X1, 0x4a49, 0X1, 0x4228, 0X1, 0x0000, 0X1, 0x4a49, 0X3, 0x0000, 0X1C, 0x4228, 0X1, 0x4229, 0X7, 0x528a, 0X1, 0x738d, 0X1, 0x0000, 0X54, 0x4228, 0X3, 0x0000, 0X1F, 0x4228, 0X1, 0x4229, 0X3, 
0x4a49, 0X2, 0x4229, 0X2, 0x4a49, 0X2, 0x0000, 0X61, 0x4229, 0X7, 0x0000, 0XE, 0x4228, 0X1, 0x4229, 0X2, 0x4a49, 0X3, 0x4229, 0X4, 0x0000, 0X61, 0x4229, 0X7, 0x0000, 0XE, 0x4229, 0X2, 0x4a49, 0X5, 0x4229, 0X3, 0x0000, 0X61, 0x4229, 0X9, 0x0000, 0XC, 0x4229, 0X2, 0x4a49, 0X5, 0x4229, 0X3, 0x0000, 0X4C, 0x4229, 0X5, 0x4a49, 0X1, 0x528a, 0X1, 0x0000, 0XC, 0x4229, 0XB, 0x0000, 0XC, 0x4a49, 0X7, 0x4229, 0X3, 0x0000, 0X4B, 0x630b, 0X1, 0x4229, 0X5, 0x4a49, 0X1, 0x2966, 0X1, 0x4a49, 0X2, 0x0000, 0XA, 0x4229, 0X4, 
0x4a49, 0X4, 0x4229, 0X3, 0x0000, 0XC, 0x4229, 0X2, 0x4a49, 0X4, 0x4229, 0X4, 0x0000, 0X4B, 0x7bcd, 0X1, 0x4229, 0X6, 0x4a49, 0X3, 0x0000, 0X9, 0x4228, 0X1, 0x4229, 0X3, 0x4a49, 0X5, 0x4229, 0X3, 0x0000, 0XC, 0x4229, 0X2, 0x4a49, 0X3, 0x4229, 0X5, 0x0000, 0X4B, 0x5acb, 0X1, 0x4229, 0X3, 0x4a49, 0X1, 0x4229, 0X3, 0x4a49, 0X2, 0x0000, 0X9, 0x4228, 0X1, 0x4229, 0X3, 0x4a49, 0X5, 0x4229, 0X3, 0x0000, 0XC, 0x4228, 0X1, 0x4229, 0X1, 0x4a49, 0X1, 0x4229, 0X1, 0x4a49, 0X1, 0x4229, 0X5, 0x0000, 0X4B, 0x4229, 0X4, 
0x4a49, 0X2, 0x4229, 0X2, 0x4a49, 0X2, 0x0000, 0X9, 0x4228, 0X2, 0x4229, 0X2, 0x4a49, 0X5, 0x4229, 0X3, 0x0000, 0XC, 0x4228, 0X1, 0x4229, 0X5, 0x4a49, 0X1, 0x4229, 0X2, 0x0000, 0X4A, 0x4228, 0X2, 0x4229, 0X2, 0x4a49, 0X6, 0x4229, 0X2, 0x0000, 0X9, 0x4229, 0X2, 0x4a49, 0X7, 0x4229, 0X3, 0x0000, 0XC, 0x4228, 0X1, 0x4229, 0X1, 0x4a68, 0X1, 0x4229, 0X2, 0x4a69, 0X1, 0x31a7, 0X1, 0x4229, 0X2, 0x0000, 0X4A, 0x4228, 0X2, 0x4229, 0X2, 0x4a49, 0X8, 0x0000, 0X8, 0x4a49, 0X1, 0x4229, 0X1, 0x4a49, 0X8, 0x4229, 0X1, 
0x4228, 0X2, 0x0000, 0XE, 0x4229, 0X3, 0x4a49, 0X1, 0x528a, 0X1, 0x0000, 0X4C, 0x4228, 0X2, 0x4229, 0X1, 0x4a49, 0X6, 0x4229, 0X3, 0x0000, 0X8, 0x4a49, 0X9, 0x4229, 0X2, 0x4228, 0X2, 0x0000, 0X5F, 0x4229, 0X3, 0x4a49, 0X5, 0x4229, 0X2, 0x4228, 0X2, 0x0000, 0X8, 0x4a49, 0X3, 0x4229, 0X1, 0x4a49, 0X5, 0x4229, 0X2, 0x4228, 0X2, 0x0000, 0X5E, 0x4a49, 0X1, 0x4229, 0X3, 0x4a49, 0X5, 0x4229, 0X2, 0x4228, 0X2, 0x0000, 0X8, 0x4229, 0X3, 0x4a49, 0X5, 0x4229, 0X1, 0x4a49, 0X1, 0x4a69, 0X1, 0x0000, 0X60, 0x4a49, 0X9, 
0x4229, 0X2, 0x4228, 0X2, 0x0000, 0X8, 0x4229, 0X2, 0x4a49, 0X8, 0x2946, 0X1, 0x0000, 0X60, 0x4229, 0X3, 0x4a49, 0X4, 0x4229, 0X4, 0x0000, 0XA, 0x4a49, 0X2, 0x4229, 0X3, 0x4a49, 0X3, 0x4229, 0X2, 0x948f, 0X1, 0x0000, 0X60, 0x4229, 0X3, 0x4a49, 0X4, 0x4229, 0X4, 0x0000, 0XA, 0x4a49, 0X1, 0x4229, 0X4, 0x4a49, 0X1, 0x4229, 0X4, 0x0000, 0X61, 0x4a49, 0XA, 0x0000, 0XC, 0x4229, 0X3, 0x4a49, 0X2, 0x4229, 0X1, 0x4228, 0X2, 0x4229, 0X1, 0x0000, 0X8, 0x4229, 0X4, 0x4a49, 0X3, 0x0000, 0X52, 0x4a69, 0X1, 0x4a49, 0X2, 
0x4229, 0X1, 0x4a49, 0X1, 0x4229, 0X1, 0x4a49, 0X4, 0x0000, 0XC, 0x4229, 0X3, 0x4a49, 0X2, 0x4229, 0X1, 0x4228, 0X2, 0x4229, 0X1, 0x0000, 0X8, 0x4229, 0X4, 0x4a49, 0X3, 0x0000, 0X53, 0x4a69, 0X1, 0x4a49, 0X1, 0x4229, 0X5, 0x4a49, 0X1, 0x4a69, 0X1, 0x0000, 0XA, 0x4229, 0X3, 0x4228, 0X2, 0x4a49, 0X2, 0x4229, 0X1, 0x4228, 0X2, 0x0000, 0X8, 0x4228, 0X1, 0x4227, 0X1, 0x4229, 0X3, 0x4a49, 0X2, 0x4a48, 0X1, 0x4a49, 0X2, 0x0000, 0X50, 0x5acb, 0X1, 0x4a49, 0X2, 0x4206, 0X1, 0x4229, 0X5, 0x4a49, 0X1, 0x0000, 0X7, 
0x4a69, 0X2, 0x4229, 0X4, 0x4228, 0X1, 0x4a4c, 0X1, 0x4229, 0X1, 0x0000, 0XC, 0x4228, 0X2, 0x4229, 0X3, 0x4a49, 0X5, 0x0000, 0X53, 0x4228, 0X1, 0x4229, 0X5, 0x0000, 0X8, 0x5aeb, 0X2, 0x4229, 0X7, 0x4228, 0X1, 0x0000, 0XB, 0x4228, 0X1, 0x4229, 0X2, 0x4a49, 0X3, 0x4229, 0X2, 0x4a49, 0X2, 0x0000, 0X61, 0x4a49, 0X2, 0x4229, 0X2, 0x4a49, 0X2, 0x4229, 0X3, 0x4228, 0X1, 0x0000, 0XA, 0x4229, 0X4, 0x4a49, 0X5, 0x4229, 0X2, 0x0000, 0X61, 0x4a49, 0X2, 0x4229, 0X2, 0x4a49, 0X3, 0x4229, 0X2, 0x4228, 0X1, 0x0000, 0XA, 
0x4229, 0X4, 0x4a49, 0X5, 0x4229, 0X2, 0x0000, 0X60, 0x4a49, 0X1, 0x4229, 0X3, 0x4a49, 0X5, 0x4229, 0X2, 0x0000, 0XA, 0x4229, 0X3, 0x4a49, 0X6, 0x4229, 0X2, 0x0000, 0X60, 0x4a49, 0X2, 0x4229, 0X2, 0x4a49, 0X5, 0x4229, 0X2, 0x0000, 0X9, 0xffff, 0X1, 0x4229, 0X3, 0x4a49, 0X4, 0x4229, 0X3, 0x4a49, 0X1, 0x0000, 0X60, 0x4a69, 0X1, 0x4a49, 0X8, 0x4229, 0X2, 0x0000, 0X9, 0x39e8, 0X1, 0x4a49, 0X1, 0x4229, 0X2, 0x4a49, 0X4, 0x4229, 0X3, 0x0023, 0X1, 0x0000, 0X60, 0x840e, 0X1, 0x4a49, 0X1, 0x4229, 0X2, 0x4a49, 0X3, 
0x4229, 0X4, 0x0000, 0X9, 0x4a49, 0X2, 0x4229, 0X2, 0x4a49, 0X5, 0x4229, 0X2, 0x7bce, 0X1, 0x0000, 0X60, 0x73ad, 0X1, 0x4229, 0X3, 0x4a49, 0X1, 0x4229, 0X2, 0x4a49, 0X1, 0x4229, 0X2, 0x0000, 0XA, 0x4229, 0X4, 0x4a49, 0X4, 0x4229, 0X3, 0x0000, 0X61, 0x73ad, 0X1, 0x4229, 0X3, 0x4a49, 0X1, 0x4229, 0X2, 0x4a49, 0X2, 0x4229, 0X1, 0x0000, 0XA, 0x4a49, 0X9, 0x4229, 0X2, 0x0000, 0X62, 0x4229, 0X2, 0x4a49, 0X2, 0x4229, 0X2, 0x4a49, 0X1, 0x4a48, 0X1, 0x4229, 0X1, 0x0000, 0XA, 0x4a49, 0X1, 0x4229, 0X3, 0x4a49, 0X3, 
0x4229, 0X4, 0x0000, 0X64, 0x4a49, 0X2, 0x4229, 0X2, 0x4a49, 0X2, 0x0000, 0XB, 0x4a49, 0X1, 0x4229, 0X2, 0x4a49, 0X2, 0x4229, 0X5, 0x0000, 0X77, 0x4229, 0X1, 0x4208, 0X1, 0x52aa, 0X1, 0x4a49, 0X1, 0x4229, 0X2, 0x4a49, 0X2, 0x4229, 0X1, 0x0000, 0X78, 0x5289, 0X1, 0x4a69, 0X1, 0x4a49, 0X1, 0x4229, 0X2, 0x4a49, 0X2, 0x0000, 0X3A
};

static const uint16_t lcd_10n[1762] = { 
0x0000, 0X43, 0xffff, 0X1, 0xdedb, 0X2, 0xd6ba, 0X1, 0xd69a, 0X2, 0xdedb, 0X1, 0xdefb, 0X1, 0xe71c, 0X1, 0xe73c, 0X3, 0xef5d, 0X1, 0xffff, 0X1, 0x0000, 0X5A, 0xce79, 0X1, 0xd6ba, 0X1, 0xce79, 0X3, 0xd6ba, 0X1, 0xe73c, 0XF, 0xdedb, 0X1, 0x0000, 0X53, 0xdedb, 0X1, 0xce79, 0X4, 0xdedb, 0X1, 0xe73c, 0X16, 0x0000, 0X4E, 0xd6ba, 0X1, 0xce79, 0X4, 0xe73c, 0X1A, 0xef5d, 0X1, 0x0000, 0X4A, 0xdedb, 0X1, 0xce79, 0X3, 0xd6ba, 0X1, 0xe73c, 0X1E, 0xc638, 0X1, 0x0000, 0X46, 0xdedb, 0X1, 0xce79, 0X4, 0xe73c, 0X1F, 0xc618, 0X1, 
0xbdf7, 0X2, 0xce79, 0X1, 0x0000, 0X43, 0xce79, 0X5, 0xdefb, 0X1, 0xe73c, 0X1F, 0xbdf7, 0X4, 0xd6ba, 0X1, 0x0000, 0X41, 0xdedb, 0X1, 0xce79, 0X4, 0xe73c, 0XD, 0xd6ba, 0X1, 0xbdf7, 0X4, 0xce59, 0X1, 0xd69a, 0X1, 0xe73c, 0XC, 0xce59, 0X1, 0xbdf7, 0X4, 0xce79, 0X1, 0xd6ba, 0X1, 0x0000, 0X3E, 0xd6ba, 0X1, 0xd69a, 0X1, 0xce79, 0X3, 0xe71c, 0X1, 0xe73c, 0XD, 0xbdf7, 0X3, 0xc618, 0X1, 0xce79, 0X5, 0xd69a, 0X1, 0xe73c, 0XA, 0xbdf7, 0X4, 0xc638, 0X1, 0xce79, 0X2, 0xd69a, 0X1, 0xd6ba, 0X1, 0x0000, 0X3B, 0xdefb, 0X1, 
0xce79, 0X4, 0xe73c, 0XD, 0xc638, 0X1, 0xbdf7, 0X3, 0xc618, 0X1, 0xce79, 0X8, 0xe71c, 0X1, 0xe73c, 0X8, 0xbdf7, 0X4, 0xce79, 0X5, 0xdedb, 0X1, 0x0000, 0X39, 0xdedb, 0X1, 0xce79, 0X4, 0xe73c, 0XD, 0xd6ba, 0X1, 0xbdf7, 0X4, 0xce79, 0XA, 0xe73c, 0X7, 0xdedb, 0X1, 0xbdf7, 0X4, 0xce79, 0X6, 0xd6ba, 0X1, 0x0000, 0X37, 0xd6ba, 0X1, 0xce79, 0X4, 0xe71c, 0X1, 0xe73c, 0XD, 0xbdf7, 0X4, 0xc638, 0X1, 0xce79, 0XA, 0xd69a, 0X1, 0xe73c, 0X6, 0xce79, 0X1, 0xbdf7, 0X4, 0xce79, 0X7, 0xd69a, 0X1, 0x0000, 0X2A, 0xf7be, 0X1, 
0xf79e, 0X8, 0x0000, 0X3, 0xd69a, 0X1, 0xce79, 0X4, 0xe73c, 0XE, 0xbdf7, 0X4, 0xce79, 0XC, 0xe73c, 0X6, 0xce79, 0X1, 0xbdf7, 0X4, 0xce79, 0X7, 0xd69a, 0X1, 0x0000, 0X27, 0xf79e, 0XE, 0x7bef, 0X2, 0xce79, 0X2, 0xdefb, 0X1, 0xe73c, 0XE, 0xd69a, 0X1, 0xbdf7, 0X4, 0xce79, 0XC, 0xe73c, 0X6, 0xce79, 0X1, 0xbdf7, 0X4, 0xce79, 0X8, 0xd6ba, 0X1, 0x0000, 0X24, 0xf79e, 0X11, 0x7bef, 0X3, 0xe73c, 0XF, 0xc638, 0X1, 0xbdf7, 0X4, 0xce79, 0XC, 0xe73c, 0X6, 0xd6ba, 0X1, 0xbdf7, 0X4, 0xce79, 0X9, 0xdedb, 0X1, 0x0000, 0X21, 
0xf79e, 0X15, 0x7bef, 0X3, 0xe73c, 0XD, 0xc638, 0X1, 0xbdf7, 0X4, 0xce79, 0XC, 0xe71c, 0X1, 0xe73c, 0X6, 0xbdf7, 0X4, 0xce79, 0XA, 0xdedb, 0X1, 0x0000, 0X1F, 0xf79e, 0X18, 0x7bef, 0X1, 0xa534, 0X2, 0xe73c, 0XB, 0xce79, 0X1, 0xbdf7, 0X4, 0xce79, 0XC, 0xe73c, 0X7, 0xbdf7, 0X4, 0xce59, 0X1, 0xce79, 0XA, 0x0000, 0X1D, 0xef7d, 0X1, 0xf79e, 0X19, 0xef7d, 0X1, 0xc5f7, 0X1, 0xa534, 0X2, 0xe73c, 0XB, 0xbdf7, 0X4, 0xce79, 0XC, 0xe73c, 0X7, 0xc638, 0X1, 0xbdf7, 0X3, 0xc618, 0X1, 0xce79, 0XA, 0xd69a, 0X1, 0x0000, 0X1B, 
0xef7d, 0X1, 0xf79e, 0X1C, 0xc5f8, 0X1, 0xa534, 0X1, 0xe73c, 0XB, 0xbdf7, 0X4, 0xce59, 0X1, 0xce79, 0XB, 0xe73c, 0X7, 0xd69a, 0X1, 0xbdf7, 0X4, 0xce79, 0XB, 0x0000, 0X1B, 0xf79e, 0X1E, 0xa534, 0X2, 0xe73c, 0XA, 0xce59, 0X1, 0xbdf7, 0X4, 0xce79, 0XA, 0xe73c, 0X9, 0xbdf7, 0X4, 0xce59, 0X1, 0xce79, 0XA, 0xd6ba, 0X1, 0x0000, 0X19, 0xf79e, 0X1F, 0xef7d, 0X1, 0xa534, 0X2, 0xe73c, 0XA, 0xc618, 0X1, 0xbdf7, 0X3, 0xc638, 0X1, 0xce79, 0X8, 0xd6ba, 0X1, 0xe73c, 0X9, 0xdedb, 0X1, 0xbdf7, 0X4, 0xce79, 0XB, 0x0000, 0X18, 
0xf79e, 0X21, 0xe73c, 0X1, 0xa534, 0X1, 0xe73c, 0XB, 0xd6ba, 0X1, 0xbdf7, 0X3, 0xc638, 0X1, 0xce79, 0X6, 0xe73c, 0XD, 0xbdf7, 0X3, 0xc618, 0X1, 0xce79, 0XA, 0xdedb, 0X1, 0x0000, 0X17, 0xf79e, 0X22, 0xa534, 0X2, 0xe73c, 0XC, 0xc618, 0X1, 0xbdf7, 0X2, 0xc618, 0X1, 0xc638, 0X1, 0xce79, 0X2, 0xd6ba, 0X1, 0xe73c, 0XE, 0xdefb, 0X1, 0xbdf7, 0X3, 0xc618, 0X1, 0xce79, 0XA, 0x0000, 0X16, 0xf79e, 0X23, 0xef5d, 0X1, 0xa534, 0X1, 0xe73c, 0XD, 0xce59, 0X1, 0xbdf7, 0X3, 0xc638, 0X1, 0xdedb, 0X1, 0xe73c, 0X10, 0xc618, 0X1, 
0xbdf7, 0X3, 0xc618, 0X1, 0xce79, 0X9, 0x0000, 0X16, 0xf79e, 0X24, 0xa534, 0X2, 0xe73c, 0X23, 0xce79, 0X1, 0xbdf7, 0X4, 0xce79, 0X8, 0xd6ba, 0X1, 0x0000, 0X14, 0xf7be, 0X1, 0xf79e, 0X24, 0xef5d, 0X1, 0xa534, 0X1, 0xe73c, 0X25, 0xc618, 0X1, 0xbdf7, 0X3, 0xc638, 0X1, 0xce79, 0X6, 0xd6ba, 0X1, 0x0000, 0X14, 0xf79e, 0X26, 0x7bef, 0X1, 0xe73c, 0X28, 0xce59, 0X1, 0xc618, 0X1, 0xbdf7, 0X1, 0xc618, 0X1, 0xc638, 0X1, 0xce79, 0X1, 0xd69a, 0X1, 0xdefb, 0X1, 0xe73c, 0X1, 0x0000, 0X14, 0xf79e, 0X26, 0x7bef, 0X2, 0xe73c, 0X3, 
0xa534, 0XA, 0xe73c, 0X23, 0x0000, 0X13, 0xef7d, 0X1, 0xf79e, 0X26, 0xe73c, 0X1, 0x7bef, 0X1, 0xe73c, 0X1, 0xa534, 0X3, 0x738e, 0X1, 0x8c30, 0X1, 0x9471, 0X1, 0x9451, 0X2, 0x8410, 0X1, 0x738e, 0X1, 0x52ab, 0X1, 0xa534, 0X2, 0xe73c, 0X22, 0x0000, 0X13, 0xf79e, 0X27, 0xef5d, 0X1, 0x7bef, 0X1, 0xc618, 0X1, 0x630c, 0X1, 0x9cb2, 0X1, 0xce38, 0X1, 0xef5d, 0X2, 0xe73c, 0X1, 0xef5d, 0X4, 0xce59, 0X1, 0xa4f3, 0X1, 0xa534, 0X2, 0xe73c, 0X21, 0x0000, 0X13, 0xf79e, 0X27, 0xef7d, 0X1, 0x9492, 0X1, 0x7bcf, 0X1, 0xdefb, 0X1, 
0xef7d, 0X1, 0xf79e, 0XA, 0xdedb, 0X1, 0x9492, 0X1, 0xa534, 0X1, 0xe73c, 0X20, 0x0000, 0X13, 0xf79e, 0X28, 0xdedb, 0X1, 0xe71c, 0X1, 0xf79e, 0XD, 0xef5d, 0X1, 0xad55, 0X1, 0xa534, 0X2, 0xe73c, 0X1E, 0x0000, 0X13, 0xf79e, 0X38, 0xef5d, 0X1, 0xb575, 0X1, 0xa534, 0X2, 0xe73c, 0XF, 0xdefb, 0X2, 0xe73c, 0XC, 0x0000, 0X13, 0xf79e, 0X39, 0xe71c, 0X1, 0xa4d3, 0X1, 0xa534, 0X1, 0xe73c, 0XD, 0xce79, 0X1, 0xbdf7, 0X3, 0xc638, 0X1, 0xce79, 0X1, 0xe73c, 0XA, 0x0000, 0X13, 0xf79e, 0X3A, 0xe71c, 0X1, 0xa534, 0X2, 0xe73c, 0XB, 
0xdedb, 0X1, 0xbdf7, 0X3, 0xc638, 0X1, 0xce79, 0X3, 0xe73c, 0X9, 0x0000, 0X13, 0xf79e, 0X3B, 0xbdb6, 0X1, 0xa534, 0X1, 0xe73c, 0XB, 0xc638, 0X1, 0xbdf7, 0X3, 0xce79, 0X4, 0xe73c, 0X9, 0x0000, 0XD, 0xf7be, 0X1, 0xf79e, 0X40, 0xdedb, 0X1, 0xa534, 0X2, 0xe73c, 0X9, 0xdedb, 0X1, 0xbdf7, 0X4, 0xce79, 0X4, 0xe73c, 0X9, 0x0000, 0XA, 0xf7be, 0X1, 0xf79e, 0X44, 0xa534, 0X2, 0xe73c, 0X9, 0xdedb, 0X1, 0xbdf7, 0X4, 0xce79, 0X4, 0xe73c, 0X9, 0x0000, 0X8, 0xf7be, 0X1, 0xf79e, 0X46, 0xce38, 0X1, 0xa534, 0X1, 0xe73c, 0XA, 
0xce59, 0X1, 0xbdf7, 0X3, 0xce59, 0X1, 0xce79, 0X3, 0xe73c, 0X9, 0x0000, 0X7, 0xf79e, 0X48, 0xde79, 0X1, 0xa534, 0X1, 0xe73c, 0XB, 0xbdf7, 0X4, 0xce79, 0X2, 0xe71c, 0X1, 0xe73c, 0X9, 0x0000, 0X5, 0xef7d, 0X1, 0xf79e, 0X49, 0xde99, 0X1, 0xa534, 0X1, 0xe73c, 0XC, 0xce59, 0X1, 0xbdf7, 0X2, 0xce79, 0X1, 0xe71c, 0X1, 0xe73c, 0XA, 0x0000, 0X4, 0xef7d, 0X1, 0xf79e, 0X4A, 0xde79, 0X1, 0xa534, 0X1, 0xe73c, 0XD, 0xe71c, 0X1, 0xe73c, 0XD, 0x0000, 0X3, 0xef7d, 0X1, 0xf79e, 0X4B, 0xde79, 0X1, 0xa534, 0X1, 0xe73c, 0X1B, 
0x0000, 0X3, 0xf79e, 0X4C, 0xc5f7, 0X1, 0xa534, 0X1, 0xe73c, 0X1B, 0x0000, 0X2, 0xf79e, 0X4D, 0xa513, 0X1, 0xa534, 0X7, 0xe73c, 0X15, 0x0000, 0X1, 0xef7d, 0X1, 0xf79e, 0X4D, 0xce79, 0X1, 0xc638, 0X1, 0xce79, 0X2, 0xce59, 0X1, 0xbdf7, 0X1, 0xa514, 0X1, 0xa534, 0X4, 0xe73c, 0X11, 0xd6ba, 0X1, 0x0000, 0X1, 0xf79e, 0X4E, 0xef7d, 0X2, 0xf79e, 0X3, 0xef7d, 0X1, 0xf79e, 0X1, 0xe73c, 0X1, 0xbdf7, 0X1, 0x9cd3, 0X1, 0xa534, 0X2, 0xe73c, 0X10, 0x0000, 0X1, 0xef7d, 0X1, 0xf79e, 0X56, 0xef7d, 0X2, 0xbdf8, 0X1, 0xa534, 0X3, 
0xe73c, 0XE, 0x0000, 0X1, 0xf79e, 0X59, 0xef7d, 0X1, 0xe73c, 0X1, 0x8410, 0X1, 0xa534, 0X1, 0xe73c, 0XD, 0xef5d, 0X1, 0x0000, 0X1, 0xf79e, 0X5B, 0xef5d, 0X1, 0x8c31, 0X1, 0xbdf7, 0X3, 0xc638, 0X1, 0xce79, 0X2, 0xd6ba, 0X1, 0xe73c, 0X6, 0x0000, 0X2, 0xf79e, 0X5C, 0xdefb, 0X1, 0x738e, 0X1, 0xbdf7, 0X1, 0xce79, 0X6, 0xe71c, 0X1, 0xe73c, 0X4, 0x0000, 0X2, 0xf79e, 0X5D, 0xce59, 0X1, 0x630c, 0X1, 0xce79, 0X7, 0xe71c, 0X1, 0xe73c, 0X2, 0x0000, 0X3, 0xf79e, 0X5D, 0xe71c, 0X1, 0xad34, 0X1, 0x4a49, 0X1, 0xce79, 0X6, 
0xd69a, 0X1, 0xe73c, 0X2, 0x0000, 0X3, 0xf79e, 0X5E, 0xdedb, 0X1, 0x9cd3, 0X1, 0xbdd7, 0X1, 0xce79, 0X7, 0x0000, 0X4, 0xf79e, 0X5F, 0xd69a, 0X1, 0xce79, 0X7, 0xdedb, 0X1, 0x0000, 0X4, 0xf79e, 0X5F, 0xdedb, 0X1, 0xce79, 0X6, 0xef5d, 0X1, 0x0000, 0X5, 0xf79e, 0X5F, 0xe71c, 0X1, 0xce79, 0X5, 0xd6ba, 0X1, 0x0000, 0X6, 0xf79e, 0X5F, 0xe71c, 0X1, 0xce79, 0X4, 0xd6ba, 0X1, 0x0000, 0X7, 0xf79e, 0X5F, 0xe71c, 0X1, 0xce79, 0X4, 0xd69a, 0X1, 0x0000, 0X7, 0xf79e, 0X5F, 0xe71c, 0X1, 0xce79, 0X3, 0xdedb, 0X1, 0x0000, 0X8, 
0xf79e, 0X5F, 0xe71c, 0X1, 0xce79, 0X2, 0xd6ba, 0X1, 0x0000, 0X9, 0xef7d, 0X1, 0xf79e, 0X5E, 0xd6ba, 0X3, 0x0000, 0XB, 0xf79e, 0X5E, 0xdedb, 0X1, 0x0000, 0XD, 0xef7d, 0X1, 0xf79e, 0X5D, 0x0000, 0XF, 0xf79e, 0X5D, 0x0000, 0X10, 0xf79e, 0X5B, 0x0000, 0X11, 0xef7d, 0X1, 0xf79e, 0X59, 0xef7d, 0X1, 0x0000, 0X12, 0xef7d, 0X1, 0xf79e, 0X19, 0xdefb, 0X1, 0x9cf3, 0X2, 0xb596, 0X1, 0xf79e, 0X3B, 0x0000, 0X14, 0xef7d, 0X1, 0xf79e, 0X17, 0xce59, 0X1, 0x7bef, 0X4, 0x9492, 0X1, 0xf79e, 0X39, 0x0000, 0X17, 0xf79e, 0X16, 0x6b4d, 
0X1, 0x7bef, 0X5, 0xdefb, 0X1, 0xf79e, 0X37, 0x0000, 0X19, 0xef7d, 0X1, 0xf79e, 0X13, 0xdefb, 0X1, 0x7bef, 0X6, 0xce59, 0X1, 0xf79e, 0X35, 0xef7d, 0X1, 0x0000, 0X1C, 0xef7d, 0X1, 0xf79e, 0X11, 0x9492, 0X1, 0x7bef, 0X6, 0xe73d, 0X1, 0xf79e, 0X34, 0x0000, 0X21, 0xef7d, 0X1, 0xf79e, 0XE, 0x5aec, 0X1, 0x7bef, 0X5, 0x630c, 0X1, 0xf79e, 0X32, 0x0000, 0X33, 0x4a49, 0X1, 0x7bef, 0X5, 0x4a49, 0X1, 0x0000, 0X65, 0x4229, 0X1, 0x7bef, 0X4, 0x4229, 0X1, 0x0000, 0X66, 0x4a69, 0X1, 0x4229, 0X1, 0x7bef, 0X2, 0x4a49, 0X2, 0x0000, 
0X69, 0x4228, 0X1, 0x0000, 0X1C, 0x4228, 0X1, 0x4229, 0X2, 0x0000, 0X68, 0x4229, 0X1, 0x7bef, 0X3, 0x4229, 0X1, 0x4a69, 0X1, 0x0000, 0X65, 0x4228, 0X1, 0x7bef, 0X5, 0x4229, 0X1, 0x0000, 0X65, 0x4229, 0X1, 0x7bef, 0X5, 0x4a49, 0X1, 0x0000, 0X54, 0x4229, 0X1, 0x4a49, 0X1, 0x4229, 0X1, 0x4a49, 0X1, 0x4229, 0X1, 0x0000, 0XC, 0x4a49, 0X1, 0x7bef, 0X5, 0x4229, 0X1, 0x0000, 0X54, 0x4229, 0X1, 0x7bef, 0X4, 0x4229, 0X1, 0x0000, 0XB, 0x7bef, 0X6, 0x4229, 0X1, 0x0000, 0X43, 0x4229, 0X1, 0x4a49, 0X2, 0x4229, 0X1, 0x4a69, 0X1, 
0x0000, 0XB, 0x4229, 0X1, 0x7bef, 0X5, 0x4229, 0X1, 0x0000, 0XB, 0x4229, 0X1, 0x7bef, 0X4, 0x4229, 0X1, 0x0000, 0X43, 0x4a69, 0X1, 0x4229, 0X1, 0x7bef, 0X3, 0x4229, 0X1, 0x4a49, 0X1, 0x0000, 0XA, 0x4229, 0X1, 0x7bef, 0X5, 0x4a49, 0X1, 0x0000, 0XB, 0x4228, 0X1, 0x4a49, 0X1, 0x7bef, 0X2, 0x4229, 0X2, 0x0000, 0X43, 0x4229, 0X1, 0x7bef, 0X5, 0x4a49, 0X1, 0x0000, 0X9, 0x4228, 0X1, 0x7bef, 0X6, 0x4229, 0X1, 0x0000, 0XD, 0x4229, 0X2, 0x4a69, 0X1, 0x0000, 0X44, 0x4229, 0X1, 0x7bef, 0X5, 0x4a49, 0X1, 0x0000, 0X9, 
0x4a49, 0X1, 0x7bef, 0X6, 0x4228, 0X1, 0x0000, 0X53, 0x4228, 0X1, 0x7bef, 0X6, 0x4a49, 0X1, 0x0000, 0X9, 0x4a49, 0X1, 0x7bef, 0X5, 0x4a49, 0X1, 0x0000, 0X54, 0x4229, 0X1, 0x7bef, 0X6, 0x4228, 0X1, 0x0000, 0X8, 0x4a49, 0X1, 0x7bef, 0X6, 0x4229, 0X1, 0x0000, 0X54, 0x4a49, 0X1, 0x7bef, 0X5, 0x4229, 0X1, 0x0000, 0X9, 0x4229, 0X1, 0x7bef, 0X6, 0x4a69, 0X1, 0x0000, 0X53, 0x4a49, 0X1, 0x7bef, 0X6, 0x4229, 0X1, 0x0000, 0X9, 0x4a49, 0X1, 0x7bef, 0X5, 0x4a49, 0X1, 0x0000, 0X54, 0x4229, 0X1, 0x7bef, 0X5, 0x4229, 0X1, 
0x0000, 0XB, 0x4229, 0X2, 0x7bef, 0X3, 0x4229, 0X1, 0x0000, 0X54, 0x4a49, 0X1, 0x7bef, 0X5, 0x4a49, 0X1, 0x0000, 0XD, 0x4a49, 0X1, 0x4229, 0X1, 0x4228, 0X1, 0x0000, 0X55, 0x4a69, 0X1, 0x4a49, 0X1, 0x7bef, 0X4, 0x4a49, 0X1, 0x0000, 0X67, 0x4228, 0X1, 0x4229, 0X1, 0x4a49, 0X1, 0x4229, 0X1, 0x0000, 0X1A, 0x4229, 0X2, 0x4a49, 0X2, 0x0000, 0X58, 0x4229, 0X2, 0x4228, 0X1, 0x0000, 0XC, 0x4228, 0X1, 0x7bef, 0X4, 0x4a49, 0X2, 0x0000, 0X54, 0x4a69, 0X1, 0x4229, 0X1, 0x7bef, 0X3, 0x4229, 0X1, 0x0000, 0XB, 0x4229, 0X1, 
0x7bef, 0X5, 0x4a49, 0X1, 0x0000, 0X54, 0x4a49, 0X1, 0x7bef, 0X5, 0x4228, 0X1, 0x0000, 0XA, 0x4a49, 0X1, 0x7bef, 0X5, 0x4229, 0X1, 0x0000, 0X54, 0x4229, 0X1, 0x7bef, 0X5, 0x4229, 0X1, 0x0000, 0X9, 0x4229, 0X1, 0x7bef, 0X6, 0x4229, 0X1, 0x0000, 0X53, 0x4a49, 0X1, 0x7bef, 0X6, 0x4229, 0X1, 0x0000, 0X9, 0x4a49, 0X1, 0x7bef, 0X5, 0x4229, 0X1, 0x4a69, 0X1, 0x0000, 0X53, 0x4a69, 0X1, 0x7bef, 0X5, 0x4a49, 0X1, 0x0000, 0X9, 0x4a69, 0X1, 0x4229, 0X1, 0x7bef, 0X5, 0x4a49, 0X1, 0x0000, 0X55, 0x4229, 0X1, 0x7bef, 0X4, 
0x4229, 0X1, 0x0000, 0X9, 0x4229, 0X1, 0x7bef, 0X6, 0x4229, 0X1, 0x0000, 0X56, 0x4a49, 0X2, 0x4229, 0X1, 0x4a49, 0X1, 0x0000, 0XA, 0x4a49, 0X1, 0x7bef, 0X5, 0x4a49, 0X1, 0x0000, 0X66, 0x4229, 0X1, 0x7bef, 0X4, 0x4229, 0X1, 0x0000, 0X67, 0x4a69, 0X1, 0x4a49, 0X1, 0x4229, 0X1, 0x4a49, 0X1, 0x0000, 0XA0
};

static const uint16_t lcd_11dn[1160] = { 
0x0000, 0XCC, 0x4228, 0X1, 0x4229, 0X1, 0x4a49, 0X1, 0x4229, 0X4, 0x4a49, 0X1, 0x0000, 0X79, 0x4229, 0X3, 0x7bef, 0X9, 0x4a49, 0X2, 0x4a69, 0X1, 0x0000, 0X72, 0x4a69, 0X1, 0x4229, 0X2, 0x7bef, 0XF, 0x4a49, 0X1, 0x4228, 0X1, 0x0000, 0X6F, 0x4a49, 0X1, 0x4229, 0X1, 0x7bef, 0X13, 0x4229, 0X1, 0x4a69, 0X1, 0x0000, 0X6B, 0x4a69, 0X1, 0x4a49, 0X1, 0x7bef, 0X16, 0x4a49, 0X2, 0x0000, 0X69, 0x4a49, 0X1, 0x4229, 0X1, 0x7bef, 0X18, 0x4229, 0X2, 0x0000, 0X67, 0x4a49, 0X1, 0x4229, 0X1, 0x7bef, 0X1B, 0x4229, 0X1, 0x0000, 0X65, 0x4228, 0X1, 
0x4229, 0X1, 0x7bef, 0X1D, 0x4229, 0X1, 0x0000, 0X64, 0x4229, 0X1, 0x7bef, 0X1E, 0x4229, 0X1, 0x4228, 0X1, 0x0000, 0X62, 0x4229, 0X1, 0x7bef, 0X20, 0x4a49, 0X1, 0x0000, 0X61, 0x4228, 0X1, 0x7bef, 0X22, 0x4229, 0X1, 0x0000, 0X60, 0x4a49, 0X1, 0x7bef, 0X22, 0x4a49, 0X1, 0x0000, 0X4E, 0xf7be, 0X1, 0xf79e, 0XA, 0xf7be, 0X1, 0x0000, 0X5, 0x4228, 0X1, 0x7bef, 0X24, 0x4229, 0X1, 0x0000, 0X4A, 0xf79e, 0X12, 0x0000, 0X2, 0x4229, 0X1, 0x7bef, 0X24, 0x4a49, 0X1, 0x0000, 0X48, 0xf79e, 0X16, 0x4a49, 0X1, 0x7bef, 0X25, 0x4228, 0X1, 
0x0000, 0X45, 0xf79e, 0X18, 0xdefb, 0X1, 0x738e, 0X1, 0x7bef, 0X24, 0x4229, 0X1, 0x0000, 0X43, 0xef7d, 0X1, 0xf79e, 0X1B, 0xb596, 0X1, 0x528a, 0X1, 0x7bef, 0X22, 0x4229, 0X1, 0x0000, 0X4, 0x4229, 0X3, 0x4a49, 0X1, 0x4229, 0X3, 0x4228, 0X1, 0x0000, 0X36, 0xf7be, 0X1, 0xf79e, 0X1D, 0xd69a, 0X1, 0x6b4d, 0X1, 0x7bef, 0X21, 0x4a49, 0X1, 0x0000, 0X1, 0x4a69, 0X1, 0x4229, 0X1, 0x4a49, 0X1, 0x7bef, 0X8, 0x4229, 0X2, 0x0000, 0X33, 0xf7be, 0X1, 0xf79e, 0X1F, 0xe73d, 0X1, 0x6b4d, 0X1, 0x7bef, 0X20, 0x4a49, 0X1, 0x4229, 0X1, 0x4a49, 0X1, 
0x7bef, 0XC, 0x4a49, 0X1, 0x4a69, 0X1, 0x0000, 0X30, 0xf7be, 0X1, 0xf79e, 0X21, 0xe73d, 0X1, 0x6b4d, 0X1, 0x7bef, 0X2F, 0x4229, 0X1, 0x4a69, 0X1, 0x0000, 0X2E, 0xef7d, 0X1, 0xf79e, 0X23, 0xe73d, 0X1, 0x528a, 0X1, 0x7bef, 0X2F, 0x4229, 0X1, 0x4a69, 0X1, 0x0000, 0X2D, 0xf79e, 0X25, 0xd69a, 0X1, 0x7bef, 0X30, 0x4229, 0X1, 0x0000, 0X2C, 0xf79e, 0X27, 0x9cf3, 0X1, 0x7bef, 0X30, 0x4229, 0X1, 0x0000, 0X2A, 0xf7be, 0X1, 0xf79e, 0X28, 0x6b4d, 0X1, 0x7bef, 0X2F, 0x4a49, 0X1, 0x0000, 0X2A, 0xf79e, 0X29, 0xce59, 0X1, 0x7bef, 0X30, 
0x4228, 0X1, 0x0000, 0X28, 0xf79e, 0X2B, 0x738e, 0X1, 0x7bef, 0X2F, 0x4a49, 0X1, 0x0000, 0X28, 0xf79e, 0X2B, 0xbdf7, 0X1, 0x7bef, 0X2F, 0x4229, 0X1, 0x0000, 0X27, 0xef7d, 0X1, 0xf79e, 0X2C, 0x528a, 0X1, 0x7bef, 0X2E, 0x4a49, 0X1, 0x0000, 0X27, 0xf79e, 0X2D, 0x9492, 0X1, 0x7bef, 0X2E, 0x4a49, 0X1, 0x0000, 0X27, 0xf79e, 0X2D, 0xbdf7, 0X1, 0x7bef, 0X2E, 0x4229, 0X1, 0x0000, 0X27, 0xf79e, 0X2D, 0xe73d, 0X1, 0x7bef, 0X2E, 0x4229, 0X1, 0x0000, 0X26, 0xf7be, 0X1, 0xf79e, 0X2E, 0x6b4d, 0X1, 0x7bef, 0X3, 0x5aeb, 0X1, 0x9492, 0X1, 
0xce59, 0X1, 0xf79e, 0X5, 0xdefb, 0X1, 0xb596, 0X1, 0x8c51, 0X1, 0x7bef, 0X1F, 0x4a49, 0X1, 0x0000, 0X26, 0xf79e, 0X2F, 0x738e, 0X1, 0x7bef, 0X1, 0x5aeb, 0X1, 0xb596, 0X1, 0xf79e, 0XB, 0xe73d, 0X1, 0x9cf3, 0X1, 0x7bef, 0X1D, 0x4a49, 0X5, 0x4229, 0X2, 0x4a69, 0X1, 0x0000, 0X1F, 0xf79e, 0X2F, 0x9cf3, 0X2, 0xf79e, 0XF, 0xdefb, 0X1, 0x6b4d, 0X1, 0x7bef, 0X22, 0x4229, 0X1, 0x4a49, 0X1, 0x4228, 0X1, 0x0000, 0X1D, 0xf79e, 0X2F, 0xe73d, 0X1, 0xf79e, 0X11, 0xe73d, 0X1, 0x8c51, 0X1, 0x7bef, 0X23, 0x4229, 0X1, 0x4a49, 0X1, 0x0000, 0X1C, 
0xf79e, 0X43, 0x8c51, 0X1, 0x7bef, 0X24, 0x4a49, 0X1, 0x4a69, 0X1, 0x0000, 0X1A, 0xf79e, 0X43, 0xe73d, 0X1, 0x6b4d, 0X1, 0x7bef, 0X24, 0x4229, 0X1, 0x0000, 0X1A, 0xf79e, 0X44, 0xd69a, 0X1, 0x7bef, 0X25, 0x4a49, 0X1, 0x0000, 0X19, 0xf79e, 0X45, 0x8c51, 0X1, 0x7bef, 0X25, 0x4a49, 0X1, 0x0000, 0X18, 0xf79e, 0X45, 0xdefb, 0X1, 0x7bef, 0X25, 0x4a49, 0X1, 0x0000, 0X11, 0xf79e, 0X4D, 0x6b4d, 0X1, 0x7bef, 0X25, 0x4229, 0X1, 0x0000, 0XD, 0xf79e, 0X50, 0x9cf3, 0X1, 0x7bef, 0X25, 0x4229, 0X1, 0x0000, 0XB, 0xf79e, 0X52, 0xce59, 0X1, 
0x7bef, 0X26, 0x4a69, 0X1, 0x0000, 0X8, 0xf79e, 0X54, 0xdefb, 0X1, 0x7bef, 0X26, 0x4229, 0X1, 0x0000, 0X7, 0xf79e, 0X56, 0x7bef, 0X26, 0x4229, 0X1, 0x0000, 0X5, 0xef7d, 0X1, 0xf79e, 0X57, 0x7bef, 0X26, 0x4229, 0X1, 0x0000, 0X4, 0xef7d, 0X1, 0xf79e, 0X57, 0xdefb, 0X1, 0x7bef, 0X26, 0x4229, 0X1, 0x0000, 0X4, 0xf79e, 0X58, 0xce59, 0X1, 0x7bef, 0X26, 0x4229, 0X1, 0x0000, 0X3, 0xf79e, 0X59, 0xad55, 0X1, 0x7bef, 0X26, 0x4229, 0X1, 0x0000, 0X2, 0xf79e, 0X5A, 0x9492, 0X1, 0x738e, 0X1, 0x8c51, 0X1, 0x9492, 0X1, 0x738e, 0X2, 0x528a, 
0X1, 0x7bef, 0X20, 0x4228, 0X1, 0x0000, 0X1, 0xef7d, 0X1, 0xf79e, 0X61, 0xd69a, 0X1, 0xad55, 0X1, 0x5aeb, 0X1, 0x7bef, 0X1C, 0x4229, 0X1, 0x0000, 0X2, 0xf79e, 0X65, 0xce59, 0X1, 0x6b4d, 0X1, 0x7bef, 0X1A, 0x4a49, 0X1, 0x0000, 0X1, 0xef7d, 0X1, 0xf79e, 0X67, 0xad55, 0X1, 0x7bef, 0X18, 0x4229, 0X1, 0x4a69, 0X1, 0x0000, 0X1, 0xf79e, 0X69, 0xd69a, 0X1, 0x528a, 0X1, 0x7bef, 0X16, 0x4a49, 0X1, 0x0000, 0X2, 0xf79e, 0X6A, 0xd69a, 0X1, 0x528a, 0X1, 0x7bef, 0X14, 0x4229, 0X1, 0x0000, 0X3, 0xf79e, 0X6B, 0xd69a, 0X1, 0x528a, 0X1, 
0x7bef, 0X12, 0x4229, 0X1, 0x4a69, 0X1, 0x0000, 0X3, 0xf79e, 0X6C, 0xb596, 0X1, 0x7bef, 0X11, 0x4229, 0X1, 0x4a69, 0X1, 0x0000, 0X4, 0xf79e, 0X6D, 0x738e, 0X1, 0x7bef, 0XF, 0x4229, 0X1, 0x0000, 0X6, 0xf79e, 0X6D, 0xdefb, 0X1, 0x7bef, 0XD, 0x4a49, 0X1, 0x4229, 0X1, 0x0000, 0X7, 0xf79e, 0X6E, 0x8c51, 0X1, 0x7bef, 0X8, 0x4a49, 0X3, 0x4228, 0X1, 0x0000, 0X9, 0xf79e, 0X6F, 0x0000, 0X15, 0xf79e, 0X6F, 0xef7d, 0X1, 0x0000, 0X14, 0xf79e, 0X70, 0x0000, 0X14, 0xf79e, 0X27, 0xf699, 0X1, 0xed93, 0XD, 0xf79e, 0X3B, 0x0000, 0X14, 0xf79e, 
0X27, 0xebec, 0X1, 0xeb69, 0XD, 0xf79e, 0X3B, 0x0000, 0X14, 0xf79e, 0X26, 0xee16, 0X1, 0xeb69, 0XD, 0xed52, 0X1, 0xf79e, 0X3B, 0x0000, 0X14, 0xf79e, 0X26, 0xebec, 0X1, 0xeb69, 0XC, 0xebaa, 0X1, 0xf75d, 0X1, 0xf79e, 0X3B, 0x0000, 0X14, 0xf79e, 0X25, 0xee16, 0X1, 0xeb69, 0XD, 0xf657, 0X1, 0xf79e, 0X3C, 0x0000, 0X14, 0xf79e, 0X25, 0xebec, 0X1, 0xeb69, 0XC, 0xec6e, 0X1, 0xf79e, 0X3D, 0x0000, 0X14, 0xf79e, 0X24, 0xee16, 0X1, 0xeb69, 0XC, 0xebaa, 0X1, 0xf71b, 0X1, 0xf79e, 0X3D, 0x0000, 0X14, 0xef7d, 0X1, 0xf79e, 0X23, 0xebec, 0X1, 
0xeb69, 0XC, 0xedd5, 0X1, 0xf79e, 0X3D, 0xef7d, 0X1, 0x0000, 0X15, 0xf79e, 0X22, 0xee16, 0X1, 0xeb69, 0XC, 0xec2d, 0X1, 0xf79e, 0X3E, 0x0000, 0X17, 0xf79e, 0X21, 0xebec, 0X1, 0xeb69, 0XC, 0xf6da, 0X1, 0xf79e, 0X3E, 0x0000, 0X17, 0xf79e, 0X20, 0xee16, 0X1, 0xeb69, 0XC, 0xed52, 0X1, 0xf79e, 0X3E, 0xef7d, 0X1, 0x0000, 0X18, 0xf79e, 0X1F, 0xebec, 0X1, 0xeb69, 0XB, 0xebec, 0X1, 0xf75d, 0X1, 0xf79e, 0X3E, 0x0000, 0X1A, 0xf79e, 0X1D, 0xee16, 0X1, 0xeb69, 0XC, 0xf699, 0X1, 0xf79e, 0X3E, 0x0000, 0X1C, 0xf79e, 0X1C, 0xebec, 0X1, 
0xeb69, 0XB, 0xecaf, 0X1, 0xf79e, 0X3E, 0xef7d, 0X1, 0x0000, 0X1D, 0xf79e, 0X1A, 0xee16, 0X1, 0xeb69, 0XB, 0xebaa, 0X1, 0xf75d, 0X1, 0xf79e, 0X3D, 0xf7be, 0X1, 0x0000, 0X1F, 0xf79e, 0X19, 0xebec, 0X1, 0xeb69, 0XB, 0xec6e, 0X1, 0xed93, 0X8, 0xf657, 0X1, 0xf79e, 0X34, 0xf7be, 0X1, 0x0000, 0X21, 0xf7be, 0X1, 0xf79e, 0X16, 0xee16, 0X1, 0xeb69, 0X15, 0xebaa, 0X1, 0xf79e, 0X33, 0xef7d, 0X1, 0x0000, 0X24, 0xf79e, 0X15, 0xebec, 0X1, 0xeb69, 0X15, 0xf657, 0X1, 0xf79e, 0X32, 0x0000, 0X28, 0xf7be, 0X1, 0xf79e, 0X11, 0xee16, 0X1, 
0xeb69, 0X15, 0xedd5, 0X1, 0xf79e, 0X31, 0xef7d, 0X1, 0x0000, 0X2C, 0xef7d, 0X1, 0xf79e, 0XE, 0xebec, 0X1, 0xeb69, 0X14, 0xec6e, 0X1, 0xf79e, 0X2F, 0xef7d, 0X1, 0x0000, 0X3D, 0xeb69, 0X16, 0x0000, 0X6E, 0xeb69, 0X16, 0x0000, 0X6D, 0xeb69, 0X16, 0x0000, 0X6E, 0xeb69, 0X15, 0x0000, 0X6F, 0xeb69, 0X14, 0x0000, 0X78, 0xeb69, 0XB, 0x0000, 0X78, 0xeb69, 0XB, 0x0000, 0X79, 0xeb69, 0XB, 0x0000, 0X78, 0xe368, 0X1, 0xeb69, 0X9, 0xe368, 0X1, 0x0000, 0X79, 0xeb69, 0XA, 0x0000, 0X79, 0xeb69, 0XA, 0x0000, 0X7A, 0xeb69, 0X9, 0x0000, 0X7B, 
0xeb69, 0X8, 0x0000, 0X7B, 0xeb69, 0X9, 0x0000, 0X7B, 0xeb69, 0X8, 0x0000, 0X7B, 0xe368, 0X1, 0xeb69, 0X7, 0x0000, 0X7C, 0xeb69, 0X7, 0x0000, 0X7D, 0xeb69, 0X6, 0x0000, 0X7D, 0xeb69, 0X6, 0x0000, 0X7E, 0xeb69, 0X5, 0x0000, 0X7E, 0xeb69, 0X6, 0x0000, 0X7E, 0xeb69, 0X5, 0x0000, 0X7E, 0xeb69, 0X5, 0x0000, 0X7F, 0xeb69, 0X4, 0x0000, 0X80, 0xeb69, 0X3, 0x0000, 0X81, 0xeb69, 0X2, 0x0000, 0XEA
};

static const uint16_t lcd_wind[118] = { 
0x0000, 0X27, 0xffff, 0X1, 0x9f1f, 0X1, 0x9efe, 0X1, 0x0000, 0XD, 0x9f1f, 0X3, 0x9f1e, 0X1, 0x0000, 0XC, 0x9f1f, 0X1, 0x9eff, 0X1, 0x9f1f, 0X2, 0x0000, 0X1, 0xbf5f, 0X3, 0xafff, 0X1, 0xbf7f, 0X5, 0x0000, 0X1, 0x9f1f, 0X5, 0xc75f, 0X1, 0xbf5f, 0X4, 0xbf7f, 0X1, 0xbf5f, 0X3, 0xbf7f, 0X1, 0x0000, 0X1, 0x9f3e, 0X1, 0x9f1f, 0X2, 0x9eff, 0X1, 0x0000, 0X1, 0xbf7f, 0X2, 0x0000, 0X1, 0xbf5f, 0X2, 0xbf7f, 0XD, 0xbf5f, 0X2, 0xbf7f, 0X2, 0xbf5f, 0XC, 0xbf7f, 0X2, 0x0000, 0X1, 0xbf7f, 0X1, 0xbf5f, 0X1, 0xbf7f, 0X1, 0xafff, 0X1, 0x9f1f, 0X6, 0x0000, 0X6, 0xbf7f, 0X1, 0xbf5f, 0X1, 0xbf7f, 0X1, 0x975f, 0X1, 0x9f1f, 0X7, 0x0000, 0XC, 0x9f1f, 0X1, 0x9eff, 0X1, 0x9f1f, 0X2, 0x0000, 0XC, 0x9f1f, 0X3, 0x9f1e, 0X1, 0x0000, 0XC, 0xffff, 0X1, 0x9f3f, 0X1, 0x9f3e, 0X1, 0x0000, 0X26
};

static const uint16_t lcd_50d[1624] = { 
0x0000, 0X33A, 0xfda9, 0X1, 0xfda7, 0X1, 0xfda8, 0X9, 0xfd87, 0X1, 0x0000, 0X72, 0xfda8, 0X1, 0xfda7, 0X2, 0xfda8, 0XA, 0xfda7, 0X1, 0xfda8, 0X1, 0xfd87, 0X1, 0x0000, 0X6E, 0xfd47, 0X1, 0xfda8, 0X12, 0xfde8, 0X1, 0x0000, 0X6B, 0xfd87, 0X1, 0xfda8, 0X14, 0xfdc7, 0X1, 0x0000, 0X69, 0xfda7, 0X1, 0xfda8, 0X17, 0x0000, 0X67, 0xfd87, 0X1, 0xfda8, 0X19, 0x0000, 0X65, 0xfde8, 0X1, 
0xfda8, 0X1A, 0xfd47, 0X1, 0x0000, 0X64, 0xfda8, 0X1B, 0xfda7, 0X1, 0x0000, 0X63, 0xfda8, 0X1E, 0x0000, 0X62, 0xfda7, 0X1, 0xfda8, 0X1D, 0x0000, 0X61, 0xfda9, 0X1, 0xfda7, 0X1, 0xfda8, 0X17, 0xfdca, 0X1, 0xf6d6, 0X1, 0xef3b, 0X1, 0xef5d, 0X1A, 0xef5c, 0X1, 0x0000, 0X49, 0xfda7, 0X1, 0xfda8, 0X17, 0xfdca, 0X1, 0xef3b, 0X1, 0xef5d, 0X1D, 0xef7c, 0X1, 0x0000, 0X35, 0xef7c, 0X1, 
0xef5d, 0X16, 0xef3b, 0X1, 0xf6d6, 0X1, 0xfdeb, 0X1, 0xfda8, 0X11, 0xf6d6, 0X1, 0xef5d, 0X1F, 0x0000, 0X34, 0xef7c, 0X1, 0xef5d, 0X19, 0xef3b, 0X1, 0xfdeb, 0X1, 0xfda8, 0X10, 0xef3b, 0X1, 0xef5d, 0X1F, 0x0000, 0X34, 0xef5d, 0X1B, 0xf6d6, 0X1, 0xfda8, 0X10, 0xef3b, 0X1, 0xef5d, 0X1F, 0x0000, 0X34, 0xef5d, 0X1B, 0xef3b, 0X1, 0xfda8, 0X10, 0xf6d6, 0X1, 0xef5d, 0X1F, 0x0000, 0X34, 
0xef5d, 0X1B, 0xef3b, 0X1, 0xfda8, 0X10, 0xfdeb, 0X1, 0xef3b, 0X1, 0xef5d, 0X1D, 0xef7c, 0X1, 0x0000, 0X34, 0xef5d, 0X1B, 0xf6d6, 0X1, 0xfda8, 0X11, 0xfdca, 0X1, 0xf6d6, 0X1, 0xef3b, 0X1, 0xef5d, 0X1A, 0xef7c, 0X1, 0x0000, 0X35, 0xef5c, 0X1, 0xef5d, 0X19, 0xef3b, 0X1, 0xfdca, 0X1, 0xfda8, 0X9, 0xfdca, 0X1, 0xf6d6, 0X1, 0xef3b, 0X1, 0xef5d, 0X14, 0xef5c, 0X1, 0x0000, 0X44, 
0xef5c, 0X1, 0xef5d, 0X16, 0xef3b, 0X1, 0xf6d6, 0X1, 0xfdca, 0X1, 0xfda8, 0X9, 0xfdca, 0X1, 0xef3b, 0X1, 0xef5d, 0X17, 0xef7c, 0X1, 0x0000, 0X56, 0xfda8, 0X10, 0xf6d6, 0X1, 0xef5d, 0X19, 0x0000, 0X56, 0xfde8, 0X1, 0xfda8, 0XF, 0xef3b, 0X1, 0xef5d, 0X19, 0x0000, 0X57, 0xfda8, 0XF, 0xef3b, 0X1, 0xef5d, 0X19, 0x0000, 0X57, 0xfd87, 0X1, 0xfda8, 0XE, 0xf6d6, 0X1, 0xef5d, 0X19, 0x0000, 
0X58, 0xfda8, 0XE, 0xfdeb, 0X1, 0xef3b, 0X1, 0xef5d, 0X17, 0xef7c, 0X1, 0x0000, 0X58, 0xfde8, 0X1, 0xfda8, 0XE, 0xfdca, 0X1, 0xf6d6, 0X1, 0xef3b, 0X1, 0xef5d, 0X14, 0xef7c, 0X1, 0x0000, 0X5A, 0xfda8, 0X18, 0xfda7, 0X1, 0xfd88, 0X1, 0x0000, 0X67, 0xfda8, 0X17, 0xfda7, 0X1, 0x0000, 0X69, 0xfda7, 0X2, 0xfda8, 0X14, 0x0000, 0X6B, 0xfda9, 0X1, 0xfda7, 0X1, 0xfda8, 0XF, 0xfda7, 0X1, 
0xfda8, 0X1, 0xfda9, 0X1, 0x0000, 0X6E, 0xfda8, 0XE, 0xfda7, 0X1, 0xfda8, 0X1, 0x0000, 0X1D, 0xef7c, 0X1, 0xef5c, 0X1, 0xef5d, 0XF, 0xef5c, 0X1, 0x0000, 0X43, 0xfde8, 0X1, 0xfda8, 0X3, 0xfda7, 0X4, 0xfda8, 0X3, 0xfde8, 0X1, 0x0000, 0X1E, 0xef7c, 0X1, 0xef5d, 0X12, 0xef7c, 0X1, 0x0000, 0X25, 0x0486, 0X1, 0x04a6, 0X1, 0x0000, 0X45, 0xef5c, 0X1, 0xef5d, 0X13, 0x0000, 0X25, 
0x04a6, 0X2, 0x0000, 0X45, 0xef5d, 0X14, 0x0000, 0X25, 0x04a6, 0X2, 0x0000, 0X45, 0xef5d, 0X14, 0x0000, 0X24, 0x04a6, 0X3, 0x04c6, 0X1, 0x0000, 0X44, 0xef5d, 0X14, 0x0000, 0X24, 0x04a6, 0X4, 0x0000, 0X3F, 0xef7c, 0X1, 0xef5c, 0X1, 0xef5d, 0X16, 0xef7c, 0X1, 0x0000, 0X24, 0x04a6, 0X4, 0x0000, 0X3E, 0xef7c, 0X1, 0xef5d, 0X17, 0xef7c, 0X1, 0x0000, 0X24, 0x0484, 0X1, 0x04a6, 
0X4, 0x04e8, 0X1, 0x0000, 0X3D, 0xef5c, 0X1, 0xef5d, 0X13, 0x0000, 0X29, 0x04a6, 0X6, 0x0000, 0X3D, 0xef5d, 0X14, 0x0000, 0X29, 0x04a6, 0X6, 0x0000, 0X3D, 0xef5d, 0X14, 0x0000, 0X28, 0x07e0, 0X1, 0x04a6, 0X6, 0x07e0, 0X1, 0x0000, 0X3C, 0xef5d, 0X14, 0x0000, 0X28, 0x04a6, 0X8, 0x0000, 0X27, 0x04c6, 0X1, 0x04a6, 0X8, 0x04c6, 0X1, 0x0000, 0XB, 0xef5c, 0X1, 0xef5d, 0X12, 0xef7c, 
0X1, 0x0000, 0X28, 0x04a6, 0X8, 0x0000, 0X25, 0x0485, 0X1, 0x04a6, 0XC, 0x0485, 0X1, 0x0000, 0XA, 0xef7c, 0X1, 0xef5d, 0X10, 0xef7c, 0X1, 0x0000, 0X29, 0x04a6, 0X8, 0x0000, 0X24, 0x0486, 0X1, 0x04a6, 0XF, 0x0000, 0X43, 0x04a5, 0X1, 0x04a6, 0X9, 0x0000, 0X22, 0x04a6, 0X12, 0x0000, 0X3B, 0xef5d, 0X22, 0x0000, 0X10, 0x04a6, 0X14, 0x0000, 0X39, 0xef5d, 0X24, 0x0000, 0XE, 0x04a6, 
0X15, 0x04a5, 0X1, 0x0000, 0X37, 0xef5d, 0X26, 0x0000, 0XD, 0x04a6, 0X16, 0x0000, 0X37, 0xef5d, 0X26, 0x0000, 0XC, 0x04c6, 0X1, 0x04a6, 0X17, 0x0000, 0X36, 0xef5d, 0X26, 0x0000, 0XC, 0x04a6, 0X18, 0x0000, 0X36, 0xef5d, 0X26, 0x0000, 0XC, 0x04a6, 0X18, 0x0000, 0X36, 0xef5d, 0X26, 0x0000, 0XC, 0x04a6, 0X18, 0x0000, 0X36, 0xef7d, 0X1, 0xef5d, 0X24, 0xef5c, 0X1, 0x0000, 0XC, 
0x04a6, 0X18, 0x0000, 0X2F, 0xef7c, 0X1, 0xef5c, 0X1, 0xef5d, 0X2A, 0x0000, 0XD, 0x04a6, 0X18, 0x0000, 0XF, 0x0405, 0X1, 0x03e5, 0X8, 0x0405, 0X1, 0x0000, 0X15, 0xef7c, 0X1, 0xef5d, 0X2A, 0xef5c, 0X1, 0x0000, 0XE, 0x04a6, 0X18, 0x0000, 0XD, 0x0405, 0X1, 0x03e5, 0XC, 0x03e4, 0X1, 0x0000, 0X13, 0xef5c, 0X1, 0xef5d, 0X1C, 0xbed8, 0X1, 0x0000, 0X1C, 0x04a6, 0X18, 0x0000, 0XC, 0x03e5, 
0X10, 0x0000, 0X12, 0xef5d, 0X1D, 0xdf3c, 0X1, 0x0000, 0X1C, 0x04a6, 0X18, 0x0000, 0XB, 0x03e5, 0X12, 0x0000, 0X11, 0xef5d, 0X1D, 0xdf3b, 0X1, 0x04c6, 0X1, 0x0000, 0X1B, 0x04a6, 0X18, 0x0000, 0XA, 0x03e5, 0X14, 0x0000, 0X10, 0xef5d, 0X1D, 0x9e75, 0X1, 0x04a6, 0X1, 0x0000, 0X1B, 0x04a6, 0X18, 0x0000, 0X9, 0x03c5, 0X1, 0x03e5, 0X14, 0x03c4, 0X1, 0x0000, 0XF, 0xef5c, 0X1, 0xef5d, 
0X1B, 0xdf3b, 0X1, 0x1ce8, 0X1, 0x04a6, 0X1, 0x0000, 0X1B, 0x04a6, 0X18, 0x0000, 0X9, 0x03e5, 0X16, 0x0000, 0X10, 0xef7c, 0X1, 0xef5d, 0X18, 0xdf3b, 0X1, 0x9e75, 0X1, 0x1ce8, 0X1, 0x04a6, 0X2, 0x04e8, 0X1, 0x0000, 0X1A, 0x04a6, 0X18, 0x0000, 0X8, 0x0405, 0X1, 0x03e5, 0X16, 0x03c5, 0X1, 0x0000, 0X1A, 0x04a6, 0X14, 0x0000, 0XF, 0xef7c, 0X1, 0xef5c, 0X1, 0xef5d, 0X2D, 0xdf3b, 0X1, 
0xa655, 0X1, 0x2468, 0X1, 0x03e5, 0X11, 0x0000, 0X1A, 0x04a6, 0X14, 0x0000, 0XE, 0xef7c, 0X1, 0xef5d, 0X31, 0xdf1b, 0X1, 0x1c47, 0X1, 0x03e5, 0X10, 0x0000, 0X19, 0x07e0, 0X1, 0x04a6, 0X14, 0x07e0, 0X1, 0x0000, 0XD, 0xef5c, 0X1, 0xef5d, 0X32, 0x9e35, 0X1, 0x03e5, 0X10, 0x0000, 0X19, 0x04a6, 0X16, 0x0000, 0XD, 0xef5d, 0X33, 0xdf3b, 0X1, 0x03e5, 0X10, 0x0000, 0X19, 0x04a6, 0X16, 
0x0000, 0XD, 0xef5d, 0X33, 0xdf1b, 0X1, 0x03e5, 0X10, 0x0000, 0X19, 0x04a6, 0X16, 0x0000, 0XD, 0xef5d, 0X33, 0x9e35, 0X1, 0x03e5, 0X10, 0x0000, 0X18, 0x04a5, 0X1, 0x04a6, 0X17, 0x0000, 0XC, 0xef5c, 0X1, 0xef5d, 0X31, 0xdf1b, 0X1, 0x1c47, 0X1, 0x03e5, 0X10, 0x0000, 0X18, 0x04a6, 0X18, 0x0000, 0XD, 0xef7c, 0X1, 0xef5d, 0X2E, 0xdf3b, 0X1, 0x9e35, 0X1, 0x1c47, 0X1, 0x03e5, 0X11, 
0x0000, 0X18, 0x04a6, 0X13, 0x1ce8, 0X1, 0x9e75, 0X1, 0xdf3b, 0X1, 0xef5d, 0X2C, 0xdf3b, 0X1, 0xa695, 0X1, 0x2509, 0X1, 0x04a6, 0X3, 0x0000, 0X8, 0x03e5, 0X18, 0x0000, 0X17, 0x04a5, 0X1, 0x04a6, 0X12, 0x1ce8, 0X1, 0xdf3b, 0X1, 0xef5d, 0X30, 0xdf3b, 0X1, 0x1ce8, 0X1, 0x04a6, 0X2, 0x0000, 0X8, 0x03e5, 0X18, 0x0000, 0X17, 0x04a6, 0X13, 0x9e75, 0X1, 0xef5d, 0X32, 0x9e75, 0X1, 0x04a6, 
0X2, 0x0000, 0X8, 0x03e5, 0X18, 0x0000, 0X17, 0x04a6, 0X13, 0xdf3b, 0X1, 0xef5d, 0X32, 0xdf3b, 0X1, 0x04a6, 0X2, 0x0000, 0X8, 0x03e5, 0X18, 0x0000, 0X16, 0x054a, 0X1, 0x04a6, 0X13, 0xdf3b, 0X1, 0xef5d, 0X32, 0xdf3b, 0X1, 0x04a6, 0X2, 0x0000, 0X8, 0x03e5, 0X18, 0x0000, 0X16, 0x04a6, 0X14, 0xa695, 0X1, 0xef5d, 0X32, 0x9e75, 0X1, 0x04a6, 0X2, 0x0000, 0X8, 0x03e5, 0X18, 0x0000, 0X16, 
0x04a6, 0X14, 0x2509, 0X1, 0xdf3b, 0X1, 0xef5d, 0X30, 0xdf3b, 0X1, 0x1ce8, 0X1, 0x04a6, 0X2, 0x0000, 0X8, 0x03e5, 0X18, 0x0000, 0X16, 0x04a6, 0X15, 0x1ce8, 0X1, 0x9e75, 0X1, 0xdf3b, 0X1, 0xef5d, 0X2C, 0xdf3b, 0X1, 0x9e75, 0X1, 0x1ce8, 0X1, 0x04a6, 0X3, 0x0000, 0X8, 0x03e5, 0X18, 0x0000, 0X1B, 0x04a6, 0X1, 0x0ca6, 0X1, 0x65d0, 0X1, 0xbed8, 0X1, 0xe73c, 0X1, 0xef5d, 0X2C, 0xe73c, 
0X1, 0xbed8, 0X1, 0x65d0, 0X1, 0x0ca6, 0X1, 0x04a6, 0X10, 0x0000, 0X8, 0x03e5, 0X18, 0x0000, 0X1B, 0x2509, 0X1, 0xbed8, 0X1, 0xef5d, 0X32, 0xbed8, 0X1, 0x1ce8, 0X1, 0x04a6, 0XF, 0x0000, 0X8, 0x03e5, 0X18, 0x0000, 0X1A, 0x24e9, 0X1, 0xbed8, 0X1, 0xef5d, 0X34, 0xbed8, 0X1, 0x0ca6, 0X1, 0x04a6, 0XE, 0x0000, 0X8, 0x03e5, 0X18, 0x0000, 0X1A, 0x8612, 0X1, 0xef5d, 0X36, 0x65cf, 0X1, 
0x04a6, 0XE, 0x0000, 0X8, 0x03e5, 0X18, 0x0000, 0X19, 0x04a5, 0X1, 0xbed8, 0X1, 0xef5d, 0X36, 0xb6d8, 0X1, 0x04a6, 0XE, 0x0000, 0X8, 0x03e5, 0X18, 0x0000, 0X19, 0x04a6, 0X1, 0xdf3b, 0X1, 0xef5d, 0X36, 0xdf3b, 0X1, 0x04a6, 0XE, 0x0000, 0X8, 0x03e5, 0X18, 0x0000, 0X18, 0x0486, 0X1, 0x04a6, 0X1, 0xe73c, 0X1, 0xef5d, 0X36, 0xdf3b, 0X1, 0x04a6, 0XE, 0x0000, 0X8, 0x03e5, 0X18, 0x0000, 
0X18, 0x04a6, 0X2, 0xbed8, 0X1, 0xef5d, 0X36, 0xbed8, 0X1, 0x04a6, 0XE, 0x0000, 0X8, 0x03e5, 0X18, 0x0000, 0XE, 0xef5d, 0X64, 0xdf3b, 0X1, 0xa655, 0X1, 0x2468, 0X1, 0x03e5, 0XB, 0x0000, 0XD, 0xef5d, 0X67, 0xdf1b, 0X1, 0x1c47, 0X1, 0x03e5, 0XA, 0x0000, 0XC, 0xef5d, 0X69, 0x9e35, 0X1, 0x03e5, 0XA, 0x0000, 0XC, 0xef5d, 0X69, 0xdf3b, 0X1, 0x03e5, 0XA, 0x0000, 0XC, 0xef5d, 0X2C, 
0x0000, 0XE, 0xef5d, 0X2F, 0xdf1b, 0X1, 0x03e5, 0XA, 0x0000, 0XC, 0xef5d, 0X2C, 0x0000, 0XE, 0xef5d, 0X2F, 0x9e35, 0X1, 0x03e5, 0XA, 0x0000, 0XC, 0xef5d, 0X2C, 0x0000, 0XE, 0xef5c, 0X1, 0xef5d, 0X2D, 0xdf1b, 0X1, 0x1c47, 0X1, 0x03e5, 0XA, 0x0000, 0XC, 0xef5d, 0X2B, 0xef5c, 0X1, 0x0000, 0XF, 0xef7c, 0X1, 0xa696, 0X1, 0xdf3b, 0X1, 0xef5d, 0X28, 0xdf3b, 0X1, 0x9e35, 0X1, 0x1c47, 
0X1, 0x03e5, 0XB, 0x0000, 0XD, 0xef5d, 0X2A, 0x0000, 0X11, 0x04a6, 0X18, 0x0000, 0X8, 0x03e5, 0X18, 0x0000, 0XE, 0xef5d, 0X25, 0xdf3b, 0X1, 0xe73c, 0X1, 0xef5c, 0X1, 0x0000, 0X12, 0x04a6, 0X18, 0x0000, 0X8, 0x03e5, 0X18, 0x0000, 0X13, 0x04a6, 0X22, 0x0000, 0X13, 0x04c6, 0X1, 0x04a6, 0X16, 0x0485, 0X1, 0x0000, 0X8, 0x0405, 0X1, 0x03e5, 0X16, 0x0405, 0X1, 0x0000, 0X12, 0x0486, 
0X1, 0x04a6, 0X22, 0x0466, 0X1, 0x0000, 0X13, 0x04a6, 0X16, 0x0000, 0XA, 0x03e5, 0X16, 0x0000, 0X13, 0x04a6, 0X24, 0x0000, 0X13, 0x0485, 0X1, 0x04a6, 0X14, 0x0486, 0X1, 0x0000, 0XA, 0x0405, 0X1, 0x03e5, 0X14, 0x0404, 0X1, 0x0000, 0X12, 0x0484, 0X1, 0x04a6, 0X24, 0x04e8, 0X1, 0x0000, 0X13, 0x04a6, 0X14, 0x0000, 0XC, 0x0405, 0X1, 0x03e5, 0X12, 0x0405, 0X1, 0x0000, 0X13, 0x04a6, 0X26, 
0x0000, 0X14, 0x04a6, 0X12, 0x0000, 0XE, 0x03e5, 0X12, 0x0000, 0X13, 0x07e0, 0X1, 0x04a6, 0X26, 0x0400, 0X1, 0x0000, 0X14, 0x04a6, 0X10, 0x0000, 0X10, 0x03e5, 0X10, 0x0000, 0X14, 0x04a6, 0X28, 0x0000, 0X15, 0x04a5, 0X1, 0x04a6, 0XD, 0x0000, 0X12, 0x03c4, 0X1, 0x03e5, 0XC, 0x03c5, 0X1, 0x0000, 0X15, 0x04a6, 0X28, 0x0000, 0X17, 0x04a6, 0X3, 0x0c46, 0X1, 0x0486, 0X2, 0x0c46, 
0X1, 0x04a6, 0X2, 0x0485, 0X1, 0x0000, 0X16, 0x03c5, 0X1, 0x03e5, 0X2, 0x0ba5, 0X1, 0x03c5, 0X2, 0x0ba5, 0X1, 0x03e5, 0X2, 0x0405, 0X1, 0x0000, 0X2B, 0x5a24, 0X4, 0x0000, 0X2A, 0x5a24, 0X4, 0x0000, 0X1C, 0x5a24, 0X4, 0x0000, 0X2E, 0x5a24, 0X4, 0x0000, 0X2A, 0x5a24, 0X4, 0x0000, 0X1C, 0x5a24, 0X4, 0x0000, 0X2E, 0x5a24, 0X4, 0x0000, 0X2A, 0x5a24, 0X4, 0x0000, 0X1C, 0x5a24, 0X4, 
0x0000, 0X2E, 0x5a24, 0X4, 0x0000, 0X2A, 0x5a24, 0X4, 0x0000, 0X1C, 0x5a24, 0X4, 0x0000, 0X2E, 0x5a24, 0X4, 0x0000, 0X2A, 0x5a24, 0X4, 0x0000, 0X1C, 0x5a24, 0X4, 0x0000, 0X2E, 0x5a24, 0X4, 0x0000, 0X2A, 0x5a24, 0X4, 0x0000, 0X1C, 0x5a24, 0X4, 0x0000, 0X2E, 0x5a24, 0X4, 0x0000, 0X2A, 0x5a24, 0X4, 0x0000, 0X1C, 0x5a24, 0X4, 0x0000, 0X2E, 0x5a24, 0X4, 0x0000, 0X2A, 0x5a24, 0X4, 
0x0000, 0X1C, 0x5a24, 0X4, 0x0000, 0X2E, 0x5a24, 0X4, 0x0000, 0X2A, 0x5a24, 0X4, 0x0000, 0X1C, 0x5a24, 0X4, 0x0000, 0X2E, 0x5a24, 0X4, 0x0000, 0X2A, 0x5a24, 0X4, 0x0000, 0X1C, 0x5a24, 0X4, 0x0000, 0X14, 0x03e5, 0X78, 0x0000, 0X8, 0x03e5, 0X78, 0x0000, 0X8, 0x03e5, 0X78, 0x0000, 0X8, 0x03e5, 0X78, 0x0000, 0X204
};

static const uint32_t Font_Morgan_32x72 [6840] = {
0x00000000, 0x00000000, 0x00000000, 0x00000000, 0x00000000, 0x00000000, 0x00000000, 0x00000000, 0x00000000, 0x00000000, 0x00000000, 0x00000000, 0x00000000, 0x00000000, 0x00000000, 0x00000000, 0x00000000, 0x00000000, 0x00000000, 0x00000000, 0x00000000, 0x00000000, 0x00000000, 0x00000000, 0x00000000, 0x00000000, 0x00000000, 0x00000000, 0x00000000, 0x00000000, 0x00000000, 0x00000000, 0x00000000, 0x00000000, 0x00000000, 0x00000000, 0x00000000, 0x00000000, 0x00000000, 0x00000000, 0x00000000, 0x00000000, 0x00000000, 0x00000000, 0x00000000, 0x00000000, 0x00000000, 0x00000000, 0x00000000, 0x00000000, 0x00000000, 0x00000000, 0x00000000, 0x00000000, 0x00000000, 0x00000000, 0x00000000, 0x00000000, 0x00000000, 0x00000000, 0x00000000, 0x00000000, 0x00000000, 0x00000000, 0x00000000, 0x00000000, 0x00000000, 0x00000000, 0x00000000, 0x00000000, 0x00000000, 0x00000000,
0x00000000, 0x00000000, 0x00000000, 0x00000000, 0x00000000, 0x00000000, 0x00000000, 0x00000000, 0x00000000, 0x00000000, 0x00000000, 0x00000000, 0x00000000, 0x00000000, 0x00000000, 0x00000000, 0x000FE000, 0x000FE000, 0x0007E000, 0x0007E000, 0x0007E000, 0x0007E000, 0x0007E000, 0x0007E000, 0x0007C000, 0x0007C000, 0x0007C000, 0x0007C000, 0x0007C000, 0x0007C000, 0x0007C000, 0x0007C000, 0x0007C000, 0x0007C000, 0x0007C000, 0x0007C000, 0x0007C000, 0x0007C000, 0x0007C000, 0x0007C000, 0x0007C000, 0x0007C000, 0x0007C000, 0x0007C000, 0x0007C000, 0x0007C000, 0x00000000, 0x00000000, 0x00000000, 0x00000000, 0x00000000, 0x000FE000, 0x000FE000, 0x000FE000, 0x000FE000, 0x000FE000, 0x000FE000, 0x000FE000, 0x00000000, 0x00000000, 0x00000000, 0x00000000, 0x00000000, 0x00000000, 0x00000000, 0x00000000, 0x00000000, 0x00000000, 0x00000000, 0x00000000, 0x00000000, 0x00000000,
0x00000000, 0x00000000, 0x00000000, 0x00000000, 0x00000000, 0x01FC3F00, 0x01F83F00, 0x01F83F00, 0x01F83F00, 0x01F83F00, 0x00F83F00, 0x00F83F00, 0x00F83F00, 0x00F83E00, 0x00F83E00, 0x00F81E00, 0x00F81E00, 0x00F81E00, 0x00F81E00, 0x00F01E00, 0x00F01E00, 0x00000000, 0x00000000, 0x00000000, 0x00000000, 0x00000000, 0x00000000, 0x00000000, 0x00000000, 0x00000000, 0x00000000, 0x00000000, 0x00000000, 0x00000000, 0x00000000, 0x00000000, 0x00000000, 0x00000000, 0x00000000, 0x00000000, 0x00000000, 0x00000000, 0x00000000, 0x00000000, 0x00000000, 0x00000000, 0x00000000, 0x00000000, 0x00000000, 0x00000000, 0x00000000, 0x00000000, 0x00000000, 0x00000000, 0x00000000, 0x00000000, 0x00000000, 0x00000000, 0x00000000, 0x00000000, 0x00000000, 0x00000000, 0x00000000, 0x00000000, 0x00000000, 0x00000000, 0x00000000, 0x00000000, 0x00000000, 0x00000000, 0x00000000, 0x00000000,
0x00000000, 0x00000000, 0x00000000, 0x00000000, 0x00000000, 0x00000000, 0x00000000, 0x00000000, 0x00000000, 0x00000000, 0x00000000, 0x00000000, 0x00000000, 0x00000000, 0x003E00F0, 0x003E00F0, 0x003E00F0, 0x003C01F0, 0x003C01F0, 0x003C01F0, 0x003C01E0, 0x003C01E0, 0x007C01E0, 0x007C01E0, 0x1FFFFFFF, 0x3FFFFFFF, 0x3FFFFFFF, 0x3FFFFFFF, 0x3FFFFFFF, 0x007803C0, 0x007803C0, 0x00F803C0, 0x00F803C0, 0x00F807C0, 0x00F007C0, 0x00F007C0, 0x00F00780, 0x00F00780, 0x00F00780, 0x01F00780, 0x01F00780, 0x01F00F80, 0x01E00F80, 0x01E00F80, 0xFFFFFFFE, 0xFFFFFFFE, 0xFFFFFFFE, 0xFFFFFFFE, 0xFFFFFFFE, 0x03E01F00, 0x03C01F00, 0x03C01F00, 0x03C01E00, 0x03C01E00, 0x03C01E00, 0x07C01E00, 0x07C01E00, 0x07C03E00, 0x07803E00, 0x00000000, 0x00000000, 0x00000000, 0x00000000, 0x00000000, 0x00000000, 0x00000000, 0x00000000, 0x00000000, 0x00000000, 0x00000000, 0x00000000, 0x00000000,
0x00000000, 0x00000000, 0x00000000, 0x00000000, 0x00000000, 0x00000000, 0x00000000, 0x00000000, 0x00000000, 0x0003C000, 0x0003C000, 0x0003C000, 0x0003C000, 0x0003C000, 0x003FFF00, 0x01FFFFC0, 0x03FFFFC0, 0x07FFFFC0, 0x07FFFFC0, 0x0FE00000, 0x0F800000, 0x0F800000, 0x0F800000, 0x0F800000, 0x0F800000, 0x0F800000, 0x0F800000, 0x0F800000, 0x0F800000, 0x0F800000, 0x0FC00000, 0x0FE00000, 0x0FFE0000, 0x07FFF000, 0x03FFFE00, 0x01FFFF80, 0x007FFFC0, 0x0007FFE0, 0x00001FF0, 0x000007F0, 0x000003F0, 0x000001F0, 0x000001F0, 0x000001F0, 0x000001F0, 0x000001F0, 0x000001F0, 0x000001F0, 0x000001F0, 0x000001F0, 0x000003F0, 0x000003F0, 0x000007E0, 0x0FFFFFE0, 0x0FFFFFC0, 0x0FFFFFC0, 0x0FFFFF00, 0x03FFFC00, 0x0003C000, 0x0003C000, 0x0003C000, 0x0003C000, 0x0003C000, 0x0003C000, 0x00000000, 0x00000000, 0x00000000, 0x00000000, 0x00000000, 0x00000000, 0x00000000, 0x00000000,
0x00000000, 0x00000000, 0x00000000, 0x00000000, 0x00000000, 0x00000000, 0x00000000, 0x00000000, 0x00000000, 0x00000000, 0x00000000, 0x00000000, 0x00000000, 0x00000000, 0xFE00000F, 0xFF80001F, 0xFFC0001F, 0xFFC0003E, 0x03E0007E, 0x01E0007C, 0x01E000F8, 0x01E001F8, 0x01E001F0, 0x01E003E0, 0x01E007E0, 0x01E007C0, 0x01E00F80, 0x01E01F80, 0x01E01F00, 0x01E03E00, 0x01E07E00, 0x01E07C00, 0x01E0F800, 0x03E1F800, 0xFFC3F07F, 0xFFC3E1FF, 0xFF07C3FF, 0xFC0FC3FF, 0x000F87C0, 0x001F0780, 0x003F0780, 0x003E0780, 0x007C0780, 0x00FC0780, 0x00F80780, 0x01F00780, 0x03F00780, 0x03E00780, 0x07C00780, 0x0FC00780, 0x1F800780, 0x1F000780, 0x3F000780, 0x7E0007C0, 0x7C0003FF, 0xF80003FF, 0xF80001FF, 0xF000007F, 0xE0000000, 0xE0000000, 0x00000000, 0x00000000, 0x00000000, 0x00000000, 0x00000000, 0x00000000, 0x00000000, 0x00000000, 0x00000000, 0x00000000, 0x00000000, 0x00000000,
0x00000000, 0x00000000, 0x00000000, 0x00000000, 0x00000000, 0x00000000, 0x00000000, 0x00000000, 0x00000000, 0x00000000, 0x00000000, 0x00000000, 0x00000000, 0x00000000, 0x00000000, 0x001FF000, 0x007FFC00, 0x01FFFF00, 0x01FFFF00, 0x03FFFF80, 0x03E00F80, 0x07E00F80, 0x07C007C0, 0x07C007C0, 0x07C007C0, 0x07C007C0, 0x07C007C0, 0x07C00000, 0x07E00000, 0x03F00000, 0x03F00000, 0x01F80000, 0x01FC0000, 0x00FC0000, 0x007E0000, 0x003F0000, 0x01FF8000, 0x07FFC000, 0x07FFC0F8, 0x0FC7E0F8, 0x1F83F0F8, 0x1F81F8F8, 0x1F00F8F8, 0x1F00FCF8, 0x1F007EF8, 0x1F003FF8, 0x1F001FF8, 0x1F000FF8, 0x1F000FF8, 0x1F0007F8, 0x1F0003F0, 0x1F8001F0, 0x1F8001F8, 0x0FC003FC, 0x0FFFFFFE, 0x07FFFFFE, 0x03FFFFBF, 0x01FFFF1F, 0x007FFC00, 0x00000000, 0x00000000, 0x00000000, 0x00000000, 0x00000000, 0x00000000, 0x00000000, 0x00000000, 0x00000000, 0x00000000, 0x00000000, 0x00000000, 0x00000000,
0x00000000, 0x00000000, 0x00000000, 0x00000000, 0x00000000, 0x000FE000, 0x000FE000, 0x000FC000, 0x000FC000, 0x000FC000, 0x0007C000, 0x0007C000, 0x0007C000, 0x0007C000, 0x0007C000, 0x0007C000, 0x0007C000, 0x0007C000, 0x0007C000, 0x00078000, 0x00078000, 0x00000000, 0x00000000, 0x00000000, 0x00000000, 0x00000000, 0x00000000, 0x00000000, 0x00000000, 0x00000000, 0x00000000, 0x00000000, 0x00000000, 0x00000000, 0x00000000, 0x00000000, 0x00000000, 0x00000000, 0x00000000, 0x00000000, 0x00000000, 0x00000000, 0x00000000, 0x00000000, 0x00000000, 0x00000000, 0x00000000, 0x00000000, 0x00000000, 0x00000000, 0x00000000, 0x00000000, 0x00000000, 0x00000000, 0x00000000, 0x00000000, 0x00000000, 0x00000000, 0x00000000, 0x00000000, 0x00000000, 0x00000000, 0x00000000, 0x00000000, 0x00000000, 0x00000000, 0x00000000, 0x00000000, 0x00000000, 0x00000000, 0x00000000, 0x00000000,
0x00000000, 0x00000000, 0x00000000, 0x00000000, 0x00000000, 0x00000000, 0x00000000, 0x00000000, 0x00000000, 0x00003F80, 0x0000FF80, 0x0001FF80, 0x0003FF80, 0x0007F000, 0x0007E000, 0x000FC000, 0x000FC000, 0x000F8000, 0x001F8000, 0x001F8000, 0x001F0000, 0x001F0000, 0x001F0000, 0x003F0000, 0x003F0000, 0x003F0000, 0x003F0000, 0x003F0000, 0x003F0000, 0x003E0000, 0x003E0000, 0x003E0000, 0x003E0000, 0x003E0000, 0x003E0000, 0x003E0000, 0x003E0000, 0x003E0000, 0x003E0000, 0x003E0000, 0x003E0000, 0x003E0000, 0x003E0000, 0x003E0000, 0x003F0000, 0x003F0000, 0x003F0000, 0x003F0000, 0x003F0000, 0x003F0000, 0x001F0000, 0x001F0000, 0x001F0000, 0x001F0000, 0x001F8000, 0x000F8000, 0x000F8000, 0x000FC000, 0x0007C000, 0x0007E000, 0x0003F000, 0x0003FF80, 0x0001FF80, 0x0000FF80, 0x00003F80, 0x00000000, 0x00000000, 0x00000000, 0x00000000, 0x00000000, 0x00000000, 0x00000000,
0x00000000, 0x00000000, 0x00000000, 0x00000000, 0x00000000, 0x00000000, 0x00000000, 0x00000000, 0x00000000, 0x01FC0000, 0x01FF0000, 0x01FF8000, 0x01FFC000, 0x000FE000, 0x0007E000, 0x0003F000, 0x0001F000, 0x0001F000, 0x0001F800, 0x0000F800, 0x0000F800, 0x0000F800, 0x0000FC00, 0x0000FC00, 0x0000FC00, 0x0000FC00, 0x00007C00, 0x00007C00, 0x00007C00, 0x00007C00, 0x00007C00, 0x00007C00, 0x00007C00, 0x00007C00, 0x00007C00, 0x00007C00, 0x00007C00, 0x00007C00, 0x00007C00, 0x00007C00, 0x00007C00, 0x00007C00, 0x00007C00, 0x00007C00, 0x00007C00, 0x00007C00, 0x00007C00, 0x0000FC00, 0x0000FC00, 0x0000FC00, 0x0000FC00, 0x0000F800, 0x0000F800, 0x0000F800, 0x0001F800, 0x0001F800, 0x0001F000, 0x0003F000, 0x0003F000, 0x0007E000, 0x000FE000, 0x01FFC000, 0x01FF8000, 0x01FF0000, 0x01FC0000, 0x00000000, 0x00000000, 0x00000000, 0x00000000, 0x00000000, 0x00000000, 0x00000000,
0x00000000, 0x00000000, 0x00000000, 0x00000000, 0x00000000, 0x0007C000, 0x0007C000, 0x0007C000, 0x0007C000, 0x0707C1C0, 0x07C7C7C0, 0x0FF7CFE0, 0x07FFFFC0, 0x01FFFF00, 0x00FFFE00, 0x003FF800, 0x001FF000, 0x001FF000, 0x003EF800, 0x007EFC00, 0x007C7C00, 0x00F83E00, 0x01F01F00, 0x01F01F00, 0x00E00E00, 0x00400400, 0x00000000, 0x00000000, 0x00000000, 0x00000000, 0x00000000, 0x00000000, 0x00000000, 0x00000000, 0x00000000, 0x00000000, 0x00000000, 0x00000000, 0x00000000, 0x00000000, 0x00000000, 0x00000000, 0x00000000, 0x00000000, 0x00000000, 0x00000000, 0x00000000, 0x00000000, 0x00000000, 0x00000000, 0x00000000, 0x00000000, 0x00000000, 0x00000000, 0x00000000, 0x00000000, 0x00000000, 0x00000000, 0x00000000, 0x00000000, 0x00000000, 0x00000000, 0x00000000, 0x00000000, 0x00000000, 0x00000000, 0x00000000, 0x00000000, 0x00000000, 0x00000000, 0x00000000, 0x00000000,
0x00000000, 0x00000000, 0x00000000, 0x00000000, 0x00000000, 0x00000000, 0x00000000, 0x00000000, 0x00000000, 0x00000000, 0x00000000, 0x00000000, 0x00000000, 0x00000000, 0x00000000, 0x00000000, 0x00000000, 0x00000000, 0x00000000, 0x00000000, 0x00000000, 0x0007C000, 0x0007C000, 0x0007C000, 0x0007C000, 0x0007C000, 0x0007C000, 0x0007C000, 0x0007C000, 0x0007C000, 0x0007C000, 0x0007C000, 0x0007C000, 0x3FFFFFF0, 0x3FFFFFF0, 0x3FFFFFF0, 0x3FFFFFF0, 0x0007C000, 0x0007C000, 0x0007C000, 0x0007C000, 0x0007C000, 0x0007C000, 0x0007C000, 0x0007C000, 0x0007C000, 0x0007C000, 0x0007C000, 0x0007C000, 0x0007C000, 0x00000000, 0x00000000, 0x00000000, 0x00000000, 0x00000000, 0x00000000, 0x00000000, 0x00000000, 0x00000000, 0x00000000, 0x00000000, 0x00000000, 0x00000000, 0x00000000, 0x00000000, 0x00000000, 0x00000000, 0x00000000, 0x00000000, 0x00000000, 0x00000000, 0x00000000,
0x00000000, 0x00000000, 0x00000000, 0x00000000, 0x00000000, 0x00000000, 0x00000000, 0x00000000, 0x00000000, 0x00000000, 0x00000000, 0x00000000, 0x00000000, 0x00000000, 0x00000000, 0x00000000, 0x00000000, 0x00000000, 0x00000000, 0x00000000, 0x00000000, 0x00000000, 0x00000000, 0x00000000, 0x00000000, 0x00000000, 0x00000000, 0x00000000, 0x00000000, 0x00000000, 0x00000000, 0x00000000, 0x00000000, 0x00000000, 0x00000000, 0x00000000, 0x00000000, 0x00000000, 0x00000000, 0x00000000, 0x00000000, 0x00000000, 0x00000000, 0x00000000, 0x00000000, 0x00000000, 0x00000000, 0x00000000, 0x00000000, 0x00000000, 0x00000000, 0x000FE000, 0x0007E000, 0x0007E000, 0x0007E000, 0x0007E000, 0x0007E000, 0x0007C000, 0x0007C000, 0x0007C000, 0x00078000, 0x00078000, 0x000F8000, 0x000F0000, 0x000F0000, 0x000F0000, 0x000E0000, 0x001E0000, 0x00000000, 0x00000000, 0x00000000, 0x00000000,
0x00000000, 0x00000000, 0x00000000, 0x00000000, 0x00000000, 0x00000000, 0x00000000, 0x00000000, 0x00000000, 0x00000000, 0x00000000, 0x00000000, 0x00000000, 0x00000000, 0x00000000, 0x00000000, 0x00000000, 0x00000000, 0x00000000, 0x00000000, 0x00000000, 0x00000000, 0x00000000, 0x00000000, 0x00000000, 0x00000000, 0x00000000, 0x00000000, 0x00000000, 0x00000000, 0x00000000, 0x00000000, 0x00000000, 0x03FFFF00, 0x03FFFF00, 0x03FFFF00, 0x03FFFF00, 0x03FFFF00, 0x00000000, 0x00000000, 0x00000000, 0x00000000, 0x00000000, 0x00000000, 0x00000000, 0x00000000, 0x00000000, 0x00000000, 0x00000000, 0x00000000, 0x00000000, 0x00000000, 0x00000000, 0x00000000, 0x00000000, 0x00000000, 0x00000000, 0x00000000, 0x00000000, 0x00000000, 0x00000000, 0x00000000, 0x00000000, 0x00000000, 0x00000000, 0x00000000, 0x00000000, 0x00000000, 0x00000000, 0x00000000, 0x00000000, 0x00000000,
0x00000000, 0x00000000, 0x00000000, 0x00000000, 0x00000000, 0x00000000, 0x00000000, 0x00000000, 0x00000000, 0x00000000, 0x00000000, 0x00000000, 0x00000000, 0x00000000, 0x00000000, 0x00000000, 0x00000000, 0x00000000, 0x00000000, 0x00000000, 0x00000000, 0x00000000, 0x00000000, 0x00000000, 0x00000000, 0x00000000, 0x00000000, 0x00000000, 0x00000000, 0x00000000, 0x00000000, 0x00000000, 0x00000000, 0x00000000, 0x00000000, 0x00000000, 0x00000000, 0x00000000, 0x00000000, 0x00000000, 0x00000000, 0x00000000, 0x00000000, 0x00000000, 0x00000000, 0x00000000, 0x00000000, 0x00000000, 0x00000000, 0x00000000, 0x0007E000, 0x0007E000, 0x0007E000, 0x0007E000, 0x0007E000, 0x0007E000, 0x0007E000, 0x00000000, 0x00000000, 0x00000000, 0x00000000, 0x00000000, 0x00000000, 0x00000000, 0x00000000, 0x00000000, 0x00000000, 0x00000000, 0x00000000, 0x00000000, 0x00000000, 0x00000000,
0x00000000, 0x00000000, 0x00000000, 0x00000000, 0x00000000, 0x00000000, 0x00000000, 0x00000000, 0x00000000, 0x00000000, 0x00000000, 0x00000000, 0x000007C0, 0x000007C0, 0x00000F80, 0x00000F80, 0x00000F80, 0x00001F00, 0x00001F00, 0x00001F00, 0x00003E00, 0x00003E00, 0x00003E00, 0x00007C00, 0x00007C00, 0x00007C00, 0x0000F800, 0x0000F800, 0x0000F800, 0x0001F000, 0x0001F000, 0x0001F000, 0x0003E000, 0x0003E000, 0x0003E000, 0x0007C000, 0x0007C000, 0x0007C000, 0x000F8000, 0x000F8000, 0x000F8000, 0x001F0000, 0x001F0000, 0x001F0000, 0x003E0000, 0x003E0000, 0x003E0000, 0x007C0000, 0x007C0000, 0x007C0000, 0x00F80000, 0x00F80000, 0x00F80000, 0x01F00000, 0x01F00000, 0x01F00000, 0x03E00000, 0x03E00000, 0x03E00000, 0x07C00000, 0x07C00000, 0x07C00000, 0x0F800000, 0x0F800000, 0x00000000, 0x00000000, 0x00000000, 0x00000000, 0x00000000, 0x00000000, 0x00000000, 0x00000000,
0x00000000, 0x00000000, 0x00000000, 0x00000000, 0x00000000, 0x00000000, 0x00000000, 0x00000000, 0x00000000, 0x00000000, 0x00000000, 0x00000000, 0x00000000, 0x00000000, 0x007FFC00, 0x03FFFF00, 0x07FFFFC0, 0x0FFFFFE0, 0x1FE00FF0, 0x1F8003F0, 0x3F0001F8, 0x3F0001F8, 0x3E0000F8, 0x3E0000F8, 0x3E0000F8, 0x3E0000F8, 0x3E0000F8, 0x3E0000F8, 0x3E0000F8, 0x3E0000F8, 0x3E0000F8, 0x3E0000F8, 0x3E0000F8, 0x3E0000F8, 0x3E0000F8, 0x3E0000F8, 0x3E0000F8, 0x3E0000F8, 0x3E0000F8, 0x3E0000F8, 0x3E0000F8, 0x3E0000F8, 0x3E0000F8, 0x3E0000F8, 0x3E0000F8, 0x3E0000F8, 0x3E0000F8, 0x3E0000F8, 0x3E0000F8, 0x3E0000F8, 0x3E0000F8, 0x3E0001F8, 0x3F0001F8, 0x1F8003F0, 0x1FE00FF0, 0x0FFFFFE0, 0x07FFFFC0, 0x03FFFF00, 0x007FFC00, 0x00000000, 0x00000000, 0x00000000, 0x00000000, 0x00000000, 0x00000000, 0x00000000, 0x00000000, 0x00000000, 0x00000000, 0x00000000, 0x00000000, 0x00000000,
0x00000000, 0x00000000, 0x00000000, 0x00000000, 0x00000000, 0x00000000, 0x00000000, 0x00000000, 0x00000000, 0x00000000, 0x00000000, 0x00000000, 0x00000000, 0x00000000, 0x000FE000, 0x07FFE000, 0x07FFE000, 0x07FFE000, 0x07FFE000, 0x0003E000, 0x0003E000, 0x0003E000, 0x0003E000, 0x0003E000, 0x0003E000, 0x0003E000, 0x0003E000, 0x0003E000, 0x0003E000, 0x0003E000, 0x0003E000, 0x0003E000, 0x0003E000, 0x0003E000, 0x0003E000, 0x0003E000, 0x0003E000, 0x0003E000, 0x0003E000, 0x0003E000, 0x0003E000, 0x0003E000, 0x0003E000, 0x0003E000, 0x0003E000, 0x0003E000, 0x0003E000, 0x0003E000, 0x0003E000, 0x0003E000, 0x0003E000, 0x0003E000, 0x0003E000, 0x07FFFFF0, 0x07FFFFF0, 0x07FFFFF0, 0x07FFFFF0, 0x00000000, 0x00000000, 0x00000000, 0x00000000, 0x00000000, 0x00000000, 0x00000000, 0x00000000, 0x00000000, 0x00000000, 0x00000000, 0x00000000, 0x00000000, 0x00000000, 0x00000000,
0x00000000, 0x00000000, 0x00000000, 0x00000000, 0x00000000, 0x00000000, 0x00000000, 0x00000000, 0x00000000, 0x00000000, 0x00000000, 0x00000000, 0x00000000, 0x00000000, 0x03FFF800, 0x1FFFFE00, 0x1FFFFF80, 0x1FFFFFC0, 0x1FFFFFE0, 0x00000FE0, 0x000007E0, 0x000003F0, 0x000001F0, 0x000001F0, 0x000001F0, 0x000001F0, 0x000001F0, 0x000001F0, 0x000001F0, 0x000001F0, 0x000001F0, 0x000003F0, 0x000007E0, 0x00000FE0, 0x00007FC0, 0x000FFFC0, 0x00FFFF80, 0x03FFFE00, 0x07FFF800, 0x0FFF0000, 0x0FF00000, 0x1FC00000, 0x1F000000, 0x3F000000, 0x3F000000, 0x3F000000, 0x3F000000, 0x3F000000, 0x3F000000, 0x3F000000, 0x3F000000, 0x3F000000, 0x3F000000, 0x3FFFFFE0, 0x3FFFFFE0, 0x3FFFFFE0, 0x3FFFFFE0, 0x3FFFFFE0, 0x00000000, 0x00000000, 0x00000000, 0x00000000, 0x00000000, 0x00000000, 0x00000000, 0x00000000, 0x00000000, 0x00000000, 0x00000000, 0x00000000, 0x00000000, 0x00000000,
0x00000000, 0x00000000, 0x00000000, 0x00000000, 0x00000000, 0x00000000, 0x00000000, 0x00000000, 0x00000000, 0x00000000, 0x00000000, 0x00000000, 0x00000000, 0x00000000, 0x01FFF000, 0x1FFFFE00, 0x1FFFFF80, 0x1FFFFFC0, 0x1FFFFFC0, 0x00000FE0, 0x000007E0, 0x000003E0, 0x000003E0, 0x000003E0, 0x000003F0, 0x000003F0, 0x000003F0, 0x000003F0, 0x000003E0, 0x000003E0, 0x000003E0, 0x000007E0, 0x00000FC0, 0x003FFF80, 0x003FFF00, 0x003FFC00, 0x003FFF00, 0x003FFFC0, 0x00000FE0, 0x000003F0, 0x000001F0, 0x000001F8, 0x000001F8, 0x000001F8, 0x000001F8, 0x000001F8, 0x000001F8, 0x000001F8, 0x000001F8, 0x000001F8, 0x000001F8, 0x000001F0, 0x000003F0, 0x00000FF0, 0x1FFFFFE0, 0x1FFFFFC0, 0x1FFFFF80, 0x1FFFFF00, 0x01FFF800, 0x00000000, 0x00000000, 0x00000000, 0x00000000, 0x00000000, 0x00000000, 0x00000000, 0x00000000, 0x00000000, 0x00000000, 0x00000000, 0x00000000, 0x00000000,
0x00000000, 0x00000000, 0x00000000, 0x00000000, 0x00000000, 0x00000000, 0x00000000, 0x00000000, 0x00000000, 0x00000000, 0x00000000, 0x00000000, 0x00000000, 0x00000000, 0x00000000, 0x00007F80, 0x0000FF80, 0x0000FF80, 0x0001FF80, 0x0001FF80, 0x0003FF80, 0x0007EF80, 0x0007CF80, 0x000FCF80, 0x000F8F80, 0x001F0F80, 0x003F0F80, 0x003E0F80, 0x007E0F80, 0x007C0F80, 0x00F80F80, 0x01F80F80, 0x01F00F80, 0x03F00F80, 0x07E00F80, 0x07C00F80, 0x0FC00F80, 0x0F800F80, 0x1F800F80, 0x3F000F80, 0x3E000F80, 0x7E000F80, 0x7C000F80, 0x7C000F80, 0x7FFFFFFE, 0x7FFFFFFE, 0x7FFFFFFE, 0x7FFFFFFE, 0x7FFFFFFE, 0x00000F80, 0x00000F80, 0x00000F80, 0x00000F80, 0x00000F80, 0x00000F80, 0x00000F80, 0x00000F80, 0x00000F80, 0x00000000, 0x00000000, 0x00000000, 0x00000000, 0x00000000, 0x00000000, 0x00000000, 0x00000000, 0x00000000, 0x00000000, 0x00000000, 0x00000000, 0x00000000, 0x00000000,
0x00000000, 0x00000000, 0x00000000, 0x00000000, 0x00000000, 0x00000000, 0x00000000, 0x00000000, 0x00000000, 0x00000000, 0x00000000, 0x00000000, 0x00000000, 0x00000000, 0x00000000, 0x07FFFFE0, 0x07FFFFE0, 0x07FFFFE0, 0x07FFFFE0, 0x07FFFFE0, 0x07C00000, 0x07C00000, 0x07C00000, 0x07C00000, 0x07C00000, 0x07C00000, 0x07C00000, 0x07C00000, 0x07C00000, 0x07C00000, 0x07C00000, 0x07C00000, 0x07C00000, 0x07FFFC00, 0x07FFFF00, 0x07FFFFC0, 0x07FFFFE0, 0x07FFFFF0, 0x000007F0, 0x000001F8, 0x000001F8, 0x000001F8, 0x000001F8, 0x000001F8, 0x000001F8, 0x000001F8, 0x000001F8, 0x000001F8, 0x000001F8, 0x000001F8, 0x000001F8, 0x000001F0, 0x000003F0, 0x00000FF0, 0x1FFFFFE0, 0x1FFFFFC0, 0x1FFFFF80, 0x0FFFFF00, 0x01FFF800, 0x00000000, 0x00000000, 0x00000000, 0x00000000, 0x00000000, 0x00000000, 0x00000000, 0x00000000, 0x00000000, 0x00000000, 0x00000000, 0x00000000, 0x00000000,
0x00000000, 0x00000000, 0x00000000, 0x00000000, 0x00000000, 0x00000000, 0x00000000, 0x00000000, 0x00000000, 0x00000000, 0x00000000, 0x00000000, 0x00000000, 0x00000000, 0x000FFE00, 0x00FFFFE0, 0x03FFFFF0, 0x07FFFFF0, 0x0FFFFFF0, 0x1FE00000, 0x1F800000, 0x1F000000, 0x3F000000, 0x3F000000, 0x3F000000, 0x3F000000, 0x3F000000, 0x3F000000, 0x3F000000, 0x3F000000, 0x3F000000, 0x3F000000, 0x3F1FFF00, 0x3F7FFFC0, 0x3FFFFFE0, 0x3FFFFFF0, 0x3FE003F0, 0x3F0001F8, 0x3F0000F8, 0x3F0000F8, 0x3F0000FC, 0x3F0000FC, 0x3F0000FC, 0x3F0000FC, 0x3F0000FC, 0x3F0000FC, 0x3F0000FC, 0x3F0000FC, 0x3F0000FC, 0x3F0000FC, 0x3F0000F8, 0x3F0000F8, 0x1F0001F8, 0x1F8003F8, 0x0FE00FF0, 0x0FFFFFE0, 0x07FFFFC0, 0x01FFFF80, 0x007FFC00, 0x00000000, 0x00000000, 0x00000000, 0x00000000, 0x00000000, 0x00000000, 0x00000000, 0x00000000, 0x00000000, 0x00000000, 0x00000000, 0x00000000, 0x00000000,
0x00000000, 0x00000000, 0x00000000, 0x00000000, 0x00000000, 0x00000000, 0x00000000, 0x00000000, 0x00000000, 0x00000000, 0x00000000, 0x00000000, 0x00000000, 0x00000000, 0x00000000, 0x1FFFFFF8, 0x1FFFFFF8, 0x1FFFFFF8, 0x1FFFFFF8, 0x1FFFFFF8, 0x000001F8, 0x000001F0, 0x000001F0, 0x000003E0, 0x000003E0, 0x000007E0, 0x000007C0, 0x00000FC0, 0x00000F80, 0x00001F80, 0x00001F00, 0x00001F00, 0x00003E00, 0x00003E00, 0x00007E00, 0x00007C00, 0x0000FC00, 0x0000F800, 0x0001F800, 0x0001F000, 0x0001F000, 0x0003E000, 0x0003E000, 0x0007E000, 0x0007C000, 0x000FC000, 0x000F8000, 0x001F8000, 0x001F0000, 0x001F0000, 0x003E0000, 0x003E0000, 0x007E0000, 0x007C0000, 0x00FC0000, 0x00F80000, 0x01F80000, 0x01F00000, 0x00000000, 0x00000000, 0x00000000, 0x00000000, 0x00000000, 0x00000000, 0x00000000, 0x00000000, 0x00000000, 0x00000000, 0x00000000, 0x00000000, 0x00000000, 0x00000000,
0x00000000, 0x00000000, 0x00000000, 0x00000000, 0x00000000, 0x00000000, 0x00000000, 0x00000000, 0x00000000, 0x00000000, 0x00000000, 0x00000000, 0x00000000, 0x00000000, 0x007FF800, 0x03FFFF00, 0x07FFFFC0, 0x0FFFFFE0, 0x1FE00FE0, 0x1F8003F0, 0x1F0001F0, 0x3F0001F8, 0x3E0001F8, 0x3E0000F8, 0x3E0000F8, 0x3E0000F8, 0x3E0000F8, 0x3E0000F8, 0x3E0001F8, 0x3F0001F8, 0x1F0001F0, 0x1F8003F0, 0x1F8003E0, 0x0FE00FC0, 0x03FFFF80, 0x01FFFE00, 0x00FFFC00, 0x03FFFF80, 0x0FF03FC0, 0x0F8003E0, 0x1F0001F0, 0x3F0001F0, 0x3E0001F8, 0x3E0000F8, 0x3E0000F8, 0x3E0000F8, 0x3E0000F8, 0x3E0000F8, 0x3E0000F8, 0x3E0000F8, 0x3E0000F8, 0x3E0001F8, 0x3F0001F8, 0x3F0003F0, 0x1FE00FF0, 0x1FFFFFE0, 0x0FFFFFC0, 0x03FFFF80, 0x007FFC00, 0x00000000, 0x00000000, 0x00000000, 0x00000000, 0x00000000, 0x00000000, 0x00000000, 0x00000000, 0x00000000, 0x00000000, 0x00000000, 0x00000000, 0x00000000,
0x00000000, 0x00000000, 0x00000000, 0x00000000, 0x00000000, 0x00000000, 0x00000000, 0x00000000, 0x00000000, 0x00000000, 0x00000000, 0x00000000, 0x00000000, 0x00000000, 0x007FFC00, 0x01FFFF80, 0x07FFFFC0, 0x0FFFFFE0, 0x1FF00FF0, 0x1F8003F0, 0x1F0001F8, 0x3F0000F8, 0x3E0000F8, 0x3E0000F8, 0x3E0000F8, 0x3E0000F8, 0x3E0000F8, 0x3E0000F8, 0x3E0000F8, 0x3E0000F8, 0x3E0000F8, 0x3E0000F8, 0x3E0000F8, 0x3F0000F8, 0x3F0000F8, 0x1F8000F8, 0x1FC007F8, 0x0FFFFFF8, 0x0FFFFFF8, 0x07FFFCF8, 0x01FFF0F8, 0x000000F8, 0x000000F8, 0x000000F8, 0x000000F8, 0x000000F8, 0x000000F8, 0x000000F8, 0x000000F8, 0x000000F8, 0x000000F8, 0x000001F8, 0x000001F8, 0x000003F0, 0x1FFFFFF0, 0x1FFFFFE0, 0x1FFFFFC0, 0x0FFFFF00, 0x03FFFC00, 0x00000000, 0x00000000, 0x00000000, 0x00000000, 0x00000000, 0x00000000, 0x00000000, 0x00000000, 0x00000000, 0x00000000, 0x00000000, 0x00000000, 0x00000000,
0x00000000, 0x00000000, 0x00000000, 0x00000000, 0x00000000, 0x00000000, 0x00000000, 0x00000000, 0x00000000, 0x00000000, 0x00000000, 0x00000000, 0x00000000, 0x00000000, 0x00000000, 0x00000000, 0x00000000, 0x00000000, 0x00000000, 0x00000000, 0x00000000, 0x00000000, 0x00000000, 0x00000000, 0x00000000, 0x00000000, 0x0007E000, 0x0007E000, 0x0007E000, 0x0007E000, 0x0007E000, 0x0007E000, 0x0007E000, 0x00000000, 0x00000000, 0x00000000, 0x00000000, 0x00000000, 0x00000000, 0x00000000, 0x00000000, 0x00000000, 0x00000000, 0x00000000, 0x00000000, 0x00000000, 0x00000000, 0x00000000, 0x00000000, 0x00000000, 0x00000000, 0x0007E000, 0x0007E000, 0x0007E000, 0x0007E000, 0x0007E000, 0x0007E000, 0x0007E000, 0x00000000, 0x00000000, 0x00000000, 0x00000000, 0x00000000, 0x00000000, 0x00000000, 0x00000000, 0x00000000, 0x00000000, 0x00000000, 0x00000000, 0x00000000, 0x00000000,
0x00000000, 0x00000000, 0x00000000, 0x00000000, 0x00000000, 0x00000000, 0x00000000, 0x00000000, 0x00000000, 0x00000000, 0x00000000, 0x00000000, 0x00000000, 0x00000000, 0x00000000, 0x00000000, 0x00000000, 0x00000000, 0x00000000, 0x00000000, 0x00000000, 0x00000000, 0x00000000, 0x00000000, 0x00000000, 0x00000000, 0x0007E000, 0x0007E000, 0x0007E000, 0x0007E000, 0x0007E000, 0x0007E000, 0x0007E000, 0x00000000, 0x00000000, 0x00000000, 0x00000000, 0x00000000, 0x00000000, 0x00000000, 0x00000000, 0x00000000, 0x00000000, 0x00000000, 0x00000000, 0x00000000, 0x00000000, 0x00000000, 0x00000000, 0x00000000, 0x00000000, 0x000FE000, 0x0007E000, 0x0007E000, 0x0007E000, 0x0007E000, 0x0007E000, 0x0007C000, 0x0007C000, 0x0007C000, 0x00078000, 0x00078000, 0x000F8000, 0x000F0000, 0x000F0000, 0x000E0000, 0x000E0000, 0x001E0000, 0x00000000, 0x00000000, 0x00000000, 0x00000000,
0x00000000, 0x00000000, 0x00000000, 0x00000000, 0x00000000, 0x00000000, 0x00000000, 0x00000000, 0x00000000, 0x00000000, 0x00000000, 0x00000000, 0x00000000, 0x00000000, 0x00000000, 0x00000000, 0x00000000, 0x00000000, 0x00000000, 0x00000000, 0x00000000, 0x000000C0, 0x000003E0, 0x000007F0, 0x00001FF0, 0x00007FC0, 0x0001FF00, 0x0007FE00, 0x000FF800, 0x003FE000, 0x00FF8000, 0x03FF0000, 0x0FFC0000, 0x1FF00000, 0x1FC00000, 0x1FE00000, 0x1FF80000, 0x07FC0000, 0x01FF0000, 0x007FC000, 0x003FF000, 0x000FF800, 0x0003FE00, 0x0000FF80, 0x00003FE0, 0x00000FF0, 0x000007E0, 0x000001E0, 0x00000040, 0x00000000, 0x00000000, 0x00000000, 0x00000000, 0x00000000, 0x00000000, 0x00000000, 0x00000000, 0x00000000, 0x00000000, 0x00000000, 0x00000000, 0x00000000, 0x00000000, 0x00000000, 0x00000000, 0x00000000, 0x00000000, 0x00000000, 0x00000000, 0x00000000, 0x00000000, 0x00000000,
0x00000000, 0x00000000, 0x00000000, 0x00000000, 0x00000000, 0x00000000, 0x00000000, 0x00000000, 0x00000000, 0x00000000, 0x00000000, 0x00000000, 0x00000000, 0x00000000, 0x00000000, 0x00000000, 0x00000000, 0x00000000, 0x00000000, 0x00000000, 0x00000000, 0x00000000, 0x00000000, 0x00000000, 0x00000000, 0x00000000, 0x00000000, 0x00000000, 0x3FFFFFF8, 0x3FFFFFF8, 0x3FFFFFF8, 0x3FFFFFF8, 0x00000000, 0x00000000, 0x00000000, 0x00000000, 0x00000000, 0x00000000, 0x00000000, 0x00000000, 0x3FFFFFF8, 0x3FFFFFF8, 0x3FFFFFF8, 0x3FFFFFF8, 0x00000000, 0x00000000, 0x00000000, 0x00000000, 0x00000000, 0x00000000, 0x00000000, 0x00000000, 0x00000000, 0x00000000, 0x00000000, 0x00000000, 0x00000000, 0x00000000, 0x00000000, 0x00000000, 0x00000000, 0x00000000, 0x00000000, 0x00000000, 0x00000000, 0x00000000, 0x00000000, 0x00000000, 0x00000000, 0x00000000, 0x00000000, 0x00000000,
0x00000000, 0x00000000, 0x00000000, 0x00000000, 0x00000000, 0x00000000, 0x00000000, 0x00000000, 0x00000000, 0x00000000, 0x00000000, 0x00000000, 0x00000000, 0x00000000, 0x00000000, 0x00000000, 0x00000000, 0x00000000, 0x00000000, 0x00000000, 0x00000000, 0x06000000, 0x0F800000, 0x1FC00000, 0x1FF00000, 0x07FC0000, 0x01FF0000, 0x00FF8000, 0x003FE000, 0x000FF800, 0x0003FE00, 0x0001FF80, 0x00007FC0, 0x00001FF0, 0x000007F0, 0x00000FF0, 0x00003FF0, 0x0000FFC0, 0x0001FF00, 0x0007FC00, 0x001FF000, 0x007FE000, 0x00FF8000, 0x03FE0000, 0x0FF80000, 0x1FE00000, 0x0FC00000, 0x0F000000, 0x04000000, 0x00000000, 0x00000000, 0x00000000, 0x00000000, 0x00000000, 0x00000000, 0x00000000, 0x00000000, 0x00000000, 0x00000000, 0x00000000, 0x00000000, 0x00000000, 0x00000000, 0x00000000, 0x00000000, 0x00000000, 0x00000000, 0x00000000, 0x00000000, 0x00000000, 0x00000000, 0x00000000,
0x00000000, 0x00000000, 0x00000000, 0x00000000, 0x00000000, 0x00000000, 0x00000000, 0x00000000, 0x00000000, 0x00000000, 0x00000000, 0x00000000, 0x00000000, 0x00000000, 0x00000000, 0x00FFFC00, 0x07FFFF00, 0x07FFFF80, 0x07FFFFC0, 0x07FFFFE0, 0x000007E0, 0x000003F0, 0x000001F0, 0x000001F0, 0x000001F0, 0x000001F0, 0x000001F0, 0x000001F0, 0x000001F0, 0x000001F0, 0x000001F0, 0x000003F0, 0x000007E0, 0x00001FE0, 0x0000FFC0, 0x0003FFC0, 0x000FFF00, 0x001FFC00, 0x001FE000, 0x001F8000, 0x003F0000, 0x003F0000, 0x003E0000, 0x003E0000, 0x003E0000, 0x003E0000, 0x00000000, 0x00000000, 0x00000000, 0x00000000, 0x00000000, 0x003F0000, 0x003F0000, 0x003F0000, 0x003F0000, 0x003F0000, 0x003F0000, 0x003F0000, 0x00000000, 0x00000000, 0x00000000, 0x00000000, 0x00000000, 0x00000000, 0x00000000, 0x00000000, 0x00000000, 0x00000000, 0x00000000, 0x00000000, 0x00000000, 0x00000000,
0x00000000, 0x00000000, 0x00000000, 0x00000000, 0x00000000, 0x00000000, 0x00000000, 0x0007FF00, 0x007FFFF0, 0x03FFFFFC, 0x0FFFFFFF, 0x1FFFFFFF, 0x7FF801FF, 0xFFC0001F, 0xFF000007, 0xFC000003, 0xF8000000, 0xF0000000, 0xE0000000, 0xC0000000, 0x80000000, 0x00000000, 0x0007FF80, 0x001FFFE0, 0x003FFFE0, 0x007FFFE0, 0x00FFFFE0, 0x01FC07C0, 0x03F807C0, 0x03F007C0, 0x07E00FC0, 0x07C00FC0, 0x07C00F80, 0x0F800F80, 0x0F800F80, 0x0F801F80, 0x0F801F80, 0x0F801F00, 0x0F803F00, 0x0F803F00, 0x0F807F00, 0x0FC0FF00, 0x0FE1FF01, 0x0FFFFF83, 0x07FFFFFF, 0x07FFEFFF, 0x03FFC7FF, 0x01FF83FF, 0x007C01FC, 0x00000000, 0x00000000, 0x00000000, 0x80000000, 0xC0000000, 0xE0000000, 0xF8000001, 0xFE00001F, 0xFFE001FF, 0xFFFFFFFF, 0x7FFFFFFF, 0x1FFFFFFE, 0x07FFFFF0, 0x003FFE00, 0x00000000, 0x00000000, 0x00000000, 0x00000000, 0x00000000, 0x00000000, 0x00000000, 0x00000000, 0x00000000,
0x00000000, 0x00000000, 0x00000000, 0x00000000, 0x00000000, 0x00000000, 0x00000000, 0x00000000, 0x00000000, 0x00000000, 0x00000000, 0x00000000, 0x00000000, 0x00000000, 0x00000000, 0x000FF800, 0x000FF800, 0x000FF800, 0x001FFC00, 0x001F7C00, 0x001E7C00, 0x001E7C00, 0x003E7E00, 0x003E3E00, 0x003E3E00, 0x003C3E00, 0x007C3F00, 0x007C3F00, 0x007C1F00, 0x00F81F00, 0x00F81F80, 0x00F81F80, 0x00F80F80, 0x01F00F80, 0x01F00FC0, 0x01F00FC0, 0x01F00FC0, 0x03E007C0, 0x03E007E0, 0x03E007E0, 0x03E007E0, 0x07FFFFE0, 0x07FFFFF0, 0x07FFFFF0, 0x07FFFFF0, 0x0FFFFFF0, 0x0F8001F8, 0x0F8001F8, 0x1F8001F8, 0x1F8000F8, 0x1F0000FC, 0x1F0000FC, 0x3F0000FC, 0x3F00007C, 0x3E00007E, 0x3E00007E, 0x7E00007E, 0x7E00007E, 0x00000000, 0x00000000, 0x00000000, 0x00000000, 0x00000000, 0x00000000, 0x00000000, 0x00000000, 0x00000000, 0x00000000, 0x00000000, 0x00000000, 0x00000000, 0x00000000,
0x00000000, 0x00000000, 0x00000000, 0x00000000, 0x00000000, 0x00000000, 0x00000000, 0x00000000, 0x00000000, 0x00000000, 0x00000000, 0x00000000, 0x00000000, 0x00000000, 0x00000000, 0x00000000, 0x0FFFFE00, 0x0FFFFF80, 0x0FFFFFC0, 0x0FFFFFE0, 0x0FC01FF0, 0x0FC003F0, 0x0FC001F0, 0x0FC001F8, 0x0FC001F8, 0x0FC001F8, 0x0FC001F8, 0x0FC001F8, 0x0FC001F8, 0x0FC001F0, 0x0FC001F0, 0x0FC001F0, 0x0FC003F0, 0x0FC007E0, 0x0FFFFFE0, 0x0FFFFF80, 0x0FFFFE00, 0x0FFFFF80, 0x0FFFFFE0, 0x0FC007F0, 0x0FC003F0, 0x0FC001F8, 0x0FC001F8, 0x0FC001F8, 0x0FC000F8, 0x0FC000F8, 0x0FC000F8, 0x0FC000F8, 0x0FC000F8, 0x0FC001F8, 0x0FC001F8, 0x0FC001F8, 0x0FC003F8, 0x0FC01FF0, 0x0FFFFFF0, 0x0FFFFFE0, 0x0FFFFF80, 0x0FFFFE00, 0x00000000, 0x00000000, 0x00000000, 0x00000000, 0x00000000, 0x00000000, 0x00000000, 0x00000000, 0x00000000, 0x00000000, 0x00000000, 0x00000000, 0x00000000, 0x00000000,
0x00000000, 0x00000000, 0x00000000, 0x00000000, 0x00000000, 0x00000000, 0x00000000, 0x00000000, 0x00000000, 0x00000000, 0x00000000, 0x00000000, 0x00000000, 0x00000000, 0x00000000, 0x0007FFC0, 0x003FFFF0, 0x00FFFFF0, 0x01FFFFF0, 0x01FFFFF0, 0x03F80000, 0x03F00000, 0x03E00000, 0x07E00000, 0x07E00000, 0x07E00000, 0x07E00000, 0x07E00000, 0x07E00000, 0x07E00000, 0x07E00000, 0x07E00000, 0x07E00000, 0x07E00000, 0x07E00000, 0x07E00000, 0x07E00000, 0x07E00000, 0x07E00000, 0x07E00000, 0x07E00000, 0x07E00000, 0x07E00000, 0x07E00000, 0x07E00000, 0x07E00000, 0x07E00000, 0x07E00000, 0x07E00000, 0x07E00000, 0x07E00000, 0x03E00000, 0x03F00000, 0x03F80000, 0x01FFFFF0, 0x01FFFFF0, 0x00FFFFF0, 0x003FFFF0, 0x0007FFC0, 0x00000000, 0x00000000, 0x00000000, 0x00000000, 0x00000000, 0x00000000, 0x00000000, 0x00000000, 0x00000000, 0x00000000, 0x00000000, 0x00000000, 0x00000000,
0x00000000, 0x00000000, 0x00000000, 0x00000000, 0x00000000, 0x00000000, 0x00000000, 0x00000000, 0x00000000, 0x00000000, 0x00000000, 0x00000000, 0x00000000, 0x00000000, 0x00000000, 0x00000000, 0x1FFFF800, 0x1FFFFF00, 0x1FFFFFC0, 0x1FFFFFE0, 0x1F807FF0, 0x1F8007F0, 0x1F8003F0, 0x1F8001F8, 0x1F8001F8, 0x1F8001F8, 0x1F8000F8, 0x1F8000F8, 0x1F8000F8, 0x1F8000F8, 0x1F8000F8, 0x1F8000F8, 0x1F8000F8, 0x1F8000F8, 0x1F8000F8, 0x1F8000F8, 0x1F8000F8, 0x1F8000F8, 0x1F8000F8, 0x1F8000F8, 0x1F8000F8, 0x1F8000F8, 0x1F8000F8, 0x1F8000F8, 0x1F8000F8, 0x1F8000F8, 0x1F8000F8, 0x1F8000F8, 0x1F8001F8, 0x1F8001F8, 0x1F8001F8, 0x1F8003F0, 0x1F8007F0, 0x1F807FF0, 0x1FFFFFE0, 0x1FFFFFC0, 0x1FFFFF00, 0x1FFFFC00, 0x00000000, 0x00000000, 0x00000000, 0x00000000, 0x00000000, 0x00000000, 0x00000000, 0x00000000, 0x00000000, 0x00000000, 0x00000000, 0x00000000, 0x00000000, 0x00000000,
0x00000000, 0x00000000, 0x00000000, 0x00000000, 0x00000000, 0x00000000, 0x00000000, 0x00000000, 0x00000000, 0x00000000, 0x00000000, 0x00000000, 0x00000000, 0x00000000, 0x00000000, 0x00000000, 0x03FFFFF0, 0x03FFFFF0, 0x03FFFFF0, 0x03FFFFF0, 0x03F00000, 0x03F00000, 0x03F00000, 0x03F00000, 0x03F00000, 0x03F00000, 0x03F00000, 0x03F00000, 0x03F00000, 0x03F00000, 0x03F00000, 0x03F00000, 0x03F00000, 0x03F00000, 0x03FFFE00, 0x03FFFE00, 0x03FFFE00, 0x03FFFE00, 0x03FFFE00, 0x03F00000, 0x03F00000, 0x03F00000, 0x03F00000, 0x03F00000, 0x03F00000, 0x03F00000, 0x03F00000, 0x03F00000, 0x03F00000, 0x03F00000, 0x03F00000, 0x03F00000, 0x03F00000, 0x03F00000, 0x03FFFFF0, 0x03FFFFF0, 0x03FFFFF0, 0x03FFFFF0, 0x00000000, 0x00000000, 0x00000000, 0x00000000, 0x00000000, 0x00000000, 0x00000000, 0x00000000, 0x00000000, 0x00000000, 0x00000000, 0x00000000, 0x00000000, 0x00000000,
0x00000000, 0x00000000, 0x00000000, 0x00000000, 0x00000000, 0x00000000, 0x00000000, 0x00000000, 0x00000000, 0x00000000, 0x00000000, 0x00000000, 0x00000000, 0x00000000, 0x00000000, 0x00000000, 0x01FFFFF8, 0x01FFFFF8, 0x01FFFFF8, 0x01FFFFF8, 0x01F80000, 0x01F80000, 0x01F80000, 0x01F80000, 0x01F80000, 0x01F80000, 0x01F80000, 0x01F80000, 0x01F80000, 0x01F80000, 0x01F80000, 0x01F80000, 0x01F80000, 0x01F80000, 0x01FFFF00, 0x01FFFF00, 0x01FFFF00, 0x01FFFF00, 0x01F80000, 0x01F80000, 0x01F80000, 0x01F80000, 0x01F80000, 0x01F80000, 0x01F80000, 0x01F80000, 0x01F80000, 0x01F80000, 0x01F80000, 0x01F80000, 0x01F80000, 0x01F80000, 0x01F80000, 0x01F80000, 0x01F80000, 0x01F80000, 0x01F80000, 0x01F80000, 0x00000000, 0x00000000, 0x00000000, 0x00000000, 0x00000000, 0x00000000, 0x00000000, 0x00000000, 0x00000000, 0x00000000, 0x00000000, 0x00000000, 0x00000000, 0x00000000,
0x00000000, 0x00000000, 0x00000000, 0x00000000, 0x00000000, 0x00000000, 0x00000000, 0x00000000, 0x00000000, 0x00000000, 0x00000000, 0x00000000, 0x00000000, 0x00000000, 0x00000000, 0x007FFFC0, 0x01FFFFF0, 0x07FFFFF0, 0x0FFFFFF0, 0x0FFFFFF0, 0x1FC00000, 0x1F800000, 0x3F000000, 0x3F000000, 0x3F000000, 0x3F000000, 0x3F000000, 0x3F000000, 0x3F000000, 0x3F000000, 0x3F000000, 0x3F000000, 0x3F000000, 0x3F000000, 0x3F000000, 0x3F000000, 0x3F01FFFC, 0x3F01FFFC, 0x3F01FFFC, 0x3F01FFFC, 0x3F0000FC, 0x3F0000FC, 0x3F0000FC, 0x3F0000FC, 0x3F0000FC, 0x3F0000FC, 0x3F0000FC, 0x3F0000FC, 0x3F0000FC, 0x3F0000FC, 0x3F0000FC, 0x1F0000FC, 0x1F8000FC, 0x1FC003FC, 0x0FFFFFFC, 0x0FFFFFFC, 0x07FFFF7C, 0x01FFFE7C, 0x007FF800, 0x00000000, 0x00000000, 0x00000000, 0x00000000, 0x00000000, 0x00000000, 0x00000000, 0x00000000, 0x00000000, 0x00000000, 0x00000000, 0x00000000, 0x00000000,
0x00000000, 0x00000000, 0x00000000, 0x00000000, 0x00000000, 0x00000000, 0x00000000, 0x00000000, 0x00000000, 0x00000000, 0x00000000, 0x00000000, 0x00000000, 0x00000000, 0x00000000, 0x00000000, 0x3F0000F8, 0x3F0000F8, 0x3F0000F8, 0x3F0000F8, 0x3F0000F8, 0x3F0000F8, 0x3F0000F8, 0x3F0000F8, 0x3F0000F8, 0x3F0000F8, 0x3F0000F8, 0x3F0000F8, 0x3F0000F8, 0x3F0000F8, 0x3F0000F8, 0x3F0000F8, 0x3F0000F8, 0x3F0000F8, 0x3FFFFFF8, 0x3FFFFFF8, 0x3FFFFFF8, 0x3FFFFFF8, 0x3F0000F8, 0x3F0000F8, 0x3F0000F8, 0x3F0000F8, 0x3F0000F8, 0x3F0000F8, 0x3F0000F8, 0x3F0000F8, 0x3F0000F8, 0x3F0000F8, 0x3F0000F8, 0x3F0000F8, 0x3F0000F8, 0x3F0000F8, 0x3F0000F8, 0x3F0000F8, 0x3F0000F8, 0x3F0000F8, 0x3F0000F8, 0x3F0000F8, 0x00000000, 0x00000000, 0x00000000, 0x00000000, 0x00000000, 0x00000000, 0x00000000, 0x00000000, 0x00000000, 0x00000000, 0x00000000, 0x00000000, 0x00000000, 0x00000000,
0x00000000, 0x00000000, 0x00000000, 0x00000000, 0x00000000, 0x00000000, 0x00000000, 0x00000000, 0x00000000, 0x00000000, 0x00000000, 0x00000000, 0x00000000, 0x00000000, 0x00000000, 0x00000000, 0x0007E000, 0x0007E000, 0x0007E000, 0x0007E000, 0x0007E000, 0x0007E000, 0x0007E000, 0x0007E000, 0x0007E000, 0x0007E000, 0x0007E000, 0x0007E000, 0x0007E000, 0x0007E000, 0x0007E000, 0x0007E000, 0x0007E000, 0x0007E000, 0x0007E000, 0x0007E000, 0x0007E000, 0x0007E000, 0x0007E000, 0x0007E000, 0x0007E000, 0x0007E000, 0x0007E000, 0x0007E000, 0x0007E000, 0x0007E000, 0x0007E000, 0x0007E000, 0x0007E000, 0x0007E000, 0x0007E000, 0x0007E000, 0x0007E000, 0x0007E000, 0x0007E000, 0x0007E000, 0x0007E000, 0x0007E000, 0x00000000, 0x00000000, 0x00000000, 0x00000000, 0x00000000, 0x00000000, 0x00000000, 0x00000000, 0x00000000, 0x00000000, 0x00000000, 0x00000000, 0x00000000, 0x00000000,
0x00000000, 0x00000000, 0x00000000, 0x00000000, 0x00000000, 0x00000000, 0x00000000, 0x00000000, 0x00000000, 0x00000000, 0x00000000, 0x00000000, 0x00000000, 0x00000000, 0x00000000, 0x00000000, 0x0000FC00, 0x0000FC00, 0x0000FC00, 0x0000FC00, 0x0000FC00, 0x0000FC00, 0x0000FC00, 0x0000FC00, 0x0000FC00, 0x0000FC00, 0x0000FC00, 0x0000FC00, 0x0000FC00, 0x0000FC00, 0x0000FC00, 0x0000FC00, 0x0000FC00, 0x0000FC00, 0x0000FC00, 0x0000FC00, 0x0000FC00, 0x0000FC00, 0x0000FC00, 0x0000FC00, 0x0000FC00, 0x0000FC00, 0x0000FC00, 0x0000FC00, 0x0000FC00, 0x0000FC00, 0x0000FC00, 0x0000FC00, 0x0000FC00, 0x0000FC00, 0x0000FC00, 0x0000FC00, 0x0000F800, 0x0001F800, 0x03FFF800, 0x03FFF000, 0x03FFE000, 0x03FFC000, 0x01FF0000, 0x00000000, 0x00000000, 0x00000000, 0x00000000, 0x00000000, 0x00000000, 0x00000000, 0x00000000, 0x00000000, 0x00000000, 0x00000000, 0x00000000, 0x00000000,
0x00000000, 0x00000000, 0x00000000, 0x00000000, 0x00000000, 0x00000000, 0x00000000, 0x00000000, 0x00000000, 0x00000000, 0x00000000, 0x00000000, 0x00000000, 0x00000000, 0x00000000, 0x00000000, 0x03F000FC, 0x03F000FC, 0x03F001F8, 0x03F003F0, 0x03F003F0, 0x03F007E0, 0x03F007C0, 0x03F00FC0, 0x03F01F80, 0x03F01F00, 0x03F03F00, 0x03F07E00, 0x03F07C00, 0x03F0FC00, 0x03F1F800, 0x03F1F000, 0x03F3F000, 0x03F7E000, 0x03F7F000, 0x03FFF000, 0x03FFF800, 0x03FFF800, 0x03FEFC00, 0x03FEFC00, 0x03FC7C00, 0x03F87E00, 0x03F83E00, 0x03F03F00, 0x03F03F00, 0x03F01F80, 0x03F01F80, 0x03F00F80, 0x03F00FC0, 0x03F00FC0, 0x03F007E0, 0x03F007E0, 0x03F003F0, 0x03F003F0, 0x03F001F8, 0x03F001F8, 0x03F001F8, 0x03F000FC, 0x00000000, 0x00000000, 0x00000000, 0x00000000, 0x00000000, 0x00000000, 0x00000000, 0x00000000, 0x00000000, 0x00000000, 0x00000000, 0x00000000, 0x00000000, 0x00000000,
0x00000000, 0x00000000, 0x00000000, 0x00000000, 0x00000000, 0x00000000, 0x00000000, 0x00000000, 0x00000000, 0x00000000, 0x00000000, 0x00000000, 0x00000000, 0x00000000, 0x00000000, 0x00000000, 0x01F80000, 0x01F80000, 0x01F80000, 0x01F80000, 0x01F80000, 0x01F80000, 0x01F80000, 0x01F80000, 0x01F80000, 0x01F80000, 0x01F80000, 0x01F80000, 0x01F80000, 0x01F80000, 0x01F80000, 0x01F80000, 0x01F80000, 0x01F80000, 0x01F80000, 0x01F80000, 0x01F80000, 0x01F80000, 0x01F80000, 0x01F80000, 0x01F80000, 0x01F80000, 0x01F80000, 0x01F80000, 0x01F80000, 0x01F80000, 0x01F80000, 0x01F80000, 0x01F80000, 0x01F80000, 0x01F80000, 0x01F80000, 0x01F80000, 0x01F80000, 0x01FFFFF8, 0x01FFFFF8, 0x01FFFFF8, 0x01FFFFF8, 0x00000000, 0x00000000, 0x00000000, 0x00000000, 0x00000000, 0x00000000, 0x00000000, 0x00000000, 0x00000000, 0x00000000, 0x00000000, 0x00000000, 0x00000000, 0x00000000,
0x00000000, 0x00000000, 0x00000000, 0x00000000, 0x00000000, 0x00000000, 0x00000000, 0x00000000, 0x00000000, 0x00000000, 0x00000000, 0x00000000, 0x00000000, 0x00000000, 0x00000000, 0x00000000, 0xFE0000FF, 0xFE0000FF, 0xFF0000FF, 0xFF0001FF, 0xEF0001FF, 0xEF8001EF, 0xEF8003EF, 0xEF8003EF, 0xE7C003CF, 0xE7C007CF, 0xE7C007CF, 0xE3E0078F, 0xE3E00F8F, 0xE3E00F8F, 0xE1F00F0F, 0xE1F01F0F, 0xE0F01F0F, 0xE0F81E0F, 0xE0F83E0F, 0xE0783E0F, 0xE07C3C0F, 0xE07C7C0F, 0xE03C7C0F, 0xE03E780F, 0xE03EF80F, 0xE01FF80F, 0xE01FF00F, 0xE01FF00F, 0xE00FF00F, 0xE00FE00F, 0xE00FE00F, 0xE007C00F, 0xE000000F, 0xE000000F, 0xE000000F, 0xE000000F, 0xE000000F, 0xE000000F, 0xE000000F, 0xE000000F, 0xE000000F, 0xE000000F, 0x00000000, 0x00000000, 0x00000000, 0x00000000, 0x00000000, 0x00000000, 0x00000000, 0x00000000, 0x00000000, 0x00000000, 0x00000000, 0x00000000, 0x00000000, 0x00000000,
0x00000000, 0x00000000, 0x00000000, 0x00000000, 0x00000000, 0x00000000, 0x00000000, 0x00000000, 0x00000000, 0x00000000, 0x00000000, 0x00000000, 0x00000000, 0x00000000, 0x00000000, 0x00000000, 0x3FC000F8, 0x3FC000F8, 0x3FE000F8, 0x3FE000F8, 0x3FF000F8, 0x3FF000F8, 0x3FF000F8, 0x3EF800F8, 0x3EF800F8, 0x3EFC00F8, 0x3E7C00F8, 0x3E7E00F8, 0x3E3E00F8, 0x3E3F00F8, 0x3E3F00F8, 0x3E1F00F8, 0x3E1F80F8, 0x3E0F80F8, 0x3E0FC0F8, 0x3E07C0F8, 0x3E07E0F8, 0x3E03E0F8, 0x3E03E0F8, 0x3E03F0F8, 0x3E01F0F8, 0x3E01F8F8, 0x3E00F8F8, 0x3E00FCF8, 0x3E007CF8, 0x3E007CF8, 0x3E003EF8, 0x3E003EF8, 0x3E001EF8, 0x3E001FF8, 0x3E001FF8, 0x3E000FF8, 0x3E000FF8, 0x3E0007F8, 0x3E0007F8, 0x3E0003F8, 0x3E0003F8, 0x3E0001F8, 0x00000000, 0x00000000, 0x00000000, 0x00000000, 0x00000000, 0x00000000, 0x00000000, 0x00000000, 0x00000000, 0x00000000, 0x00000000, 0x00000000, 0x00000000, 0x00000000,
0x00000000, 0x00000000, 0x00000000, 0x00000000, 0x00000000, 0x00000000, 0x00000000, 0x00000000, 0x00000000, 0x00000000, 0x00000000, 0x00000000, 0x00000000, 0x00000000, 0x00000000, 0x00FFFC00, 0x03FFFF80, 0x0FFFFFC0, 0x1FFFFFE0, 0x1FF03FF0, 0x3F8003F0, 0x3F0001F8, 0x7E0001F8, 0x7E0000F8, 0x7E0000F8, 0x7E0000F8, 0x7E0000F8, 0x7E0000F8, 0x7E0000F8, 0x7E0000F8, 0x7E0000F8, 0x7E0000F8, 0x7E0000F8, 0x7E0000F8, 0x7E0000F8, 0x7E0000F8, 0x7E0000F8, 0x7E0000F8, 0x7E0000F8, 0x7E0000F8, 0x7E0000F8, 0x7E0000F8, 0x7E0000F8, 0x7E0000F8, 0x7E0000F8, 0x7E0000F8, 0x7E0000F8, 0x7E0000F8, 0x7E0000F8, 0x7E0000F8, 0x7E0000F8, 0x7E0001F8, 0x3F0001F8, 0x3F8003F0, 0x1FE01FF0, 0x1FFFFFE0, 0x0FFFFFC0, 0x03FFFF80, 0x007FFC00, 0x00000000, 0x00000000, 0x00000000, 0x00000000, 0x00000000, 0x00000000, 0x00000000, 0x00000000, 0x00000000, 0x00000000, 0x00000000, 0x00000000, 0x00000000,
0x00000000, 0x00000000, 0x00000000, 0x00000000, 0x00000000, 0x00000000, 0x00000000, 0x00000000, 0x00000000, 0x00000000, 0x00000000, 0x00000000, 0x00000000, 0x00000000, 0x00000000, 0x00000000, 0x0FFFFC00, 0x0FFFFF80, 0x0FFFFFC0, 0x0FFFFFE0, 0x0FFFFFF0, 0x0FC007F0, 0x0FC003F0, 0x0FC001F8, 0x0FC001F8, 0x0FC001F8, 0x0FC001F8, 0x0FC001F8, 0x0FC001F8, 0x0FC001F8, 0x0FC001F8, 0x0FC001F8, 0x0FC001F8, 0x0FC001F8, 0x0FC001F8, 0x0FC001F0, 0x0FC007F0, 0x0FFFFFF0, 0x0FFFFFE0, 0x0FFFFFC0, 0x0FFFFF00, 0x0FFFFC00, 0x0FC00000, 0x0FC00000, 0x0FC00000, 0x0FC00000, 0x0FC00000, 0x0FC00000, 0x0FC00000, 0x0FC00000, 0x0FC00000, 0x0FC00000, 0x0FC00000, 0x0FC00000, 0x0FC00000, 0x0FC00000, 0x0FC00000, 0x0FC00000, 0x00000000, 0x00000000, 0x00000000, 0x00000000, 0x00000000, 0x00000000, 0x00000000, 0x00000000, 0x00000000, 0x00000000, 0x00000000, 0x00000000, 0x00000000, 0x00000000,
0x00000000, 0x00000000, 0x00000000, 0x00000000, 0x00000000, 0x00000000, 0x00000000, 0x00000000, 0x00000000, 0x00000000, 0x00000000, 0x00000000, 0x00000000, 0x00000000, 0x00000000, 0x00FFFC00, 0x03FFFF80, 0x0FFFFFC0, 0x1FFFFFE0, 0x1FF03FF0, 0x3F8003F0, 0x3F0001F8, 0x7E0001F8, 0x7E0000F8, 0x7E0000F8, 0x7E0000F8, 0x7E0000F8, 0x7E0000F8, 0x7E0000F8, 0x7E0000F8, 0x7E0000F8, 0x7E0000F8, 0x7E0000F8, 0x7E0000F8, 0x7E0000F8, 0x7E0000F8, 0x7E0000F8, 0x7E0000F8, 0x7E0000F8, 0x7E0000F8, 0x7E0000F8, 0x7E0000F8, 0x7E0000F8, 0x7E0000F8, 0x7E0000F8, 0x7E0000F8, 0x7E0000F8, 0x7E0000F8, 0x7E0000F8, 0x7E0000F8, 0x7E0000F8, 0x7E0001F8, 0x3F0001F8, 0x3F8003F0, 0x1FE01FF0, 0x1FFFFFE0, 0x0FFFFFC0, 0x03FFFF80, 0x007FFC00, 0x0007C000, 0x0007C000, 0x0007C000, 0x0007C000, 0x0007C000, 0x0007C000, 0x0007E000, 0x0007FFC0, 0x0003FFC0, 0x0001FFC0, 0x0000FFC0, 0x00001F00, 0x00000000,
0x00000000, 0x00000000, 0x00000000, 0x00000000, 0x00000000, 0x00000000, 0x00000000, 0x00000000, 0x00000000, 0x00000000, 0x00000000, 0x00000000, 0x00000000, 0x00000000, 0x00000000, 0x00000000, 0x1FFFFC00, 0x1FFFFF00, 0x1FFFFFC0, 0x1FFFFFE0, 0x1F803FE0, 0x1F8007F0, 0x1F8003F0, 0x1F8001F0, 0x1F8001F8, 0x1F8001F8, 0x1F8001F8, 0x1F8001F8, 0x1F8001F8, 0x1F8001F8, 0x1F8001F8, 0x1F8001F8, 0x1F8001F8, 0x1F8001F0, 0x1F8003F0, 0x1F8007F0, 0x1F801FE0, 0x1FFFFFE0, 0x1FFFFFC0, 0x1FFFFF00, 0x1FFFFC00, 0x1F8FC000, 0x1F87E000, 0x1F87F000, 0x1F83F800, 0x1F81F800, 0x1F81FC00, 0x1F80FE00, 0x1F807E00, 0x1F803F00, 0x1F803F80, 0x1F801F80, 0x1F800FC0, 0x1F800FE0, 0x1F8007F0, 0x1F8003F0, 0x1F8001F8, 0x1F8001FC, 0x00000000, 0x00000000, 0x00000000, 0x00000000, 0x00000000, 0x00000000, 0x00000000, 0x00000000, 0x00000000, 0x00000000, 0x00000000, 0x00000000, 0x00000000, 0x00000000,
0x00000000, 0x00000000, 0x00000000, 0x00000000, 0x00000000, 0x00000000, 0x00000000, 0x00000000, 0x00000000, 0x00000000, 0x00000000, 0x00000000, 0x00000000, 0x00000000, 0x00000000, 0x003FFF00, 0x01FFFFC0, 0x03FFFFC0, 0x07FFFFC0, 0x07FFFFC0, 0x0FE00000, 0x0F800000, 0x0F800000, 0x0F800000, 0x0F800000, 0x0F800000, 0x0F800000, 0x0F800000, 0x0F800000, 0x0F800000, 0x0F800000, 0x0FC00000, 0x0FE00000, 0x0FFE0000, 0x07FFF000, 0x03FFFE00, 0x01FFFF80, 0x007FFFC0, 0x0007FFE0, 0x00001FF0, 0x000007F0, 0x000003F0, 0x000001F0, 0x000001F0, 0x000001F0, 0x000001F0, 0x000001F0, 0x000001F0, 0x000001F0, 0x000001F0, 0x000001F0, 0x000003F0, 0x000003F0, 0x000007E0, 0x0FFFFFE0, 0x0FFFFFC0, 0x0FFFFFC0, 0x0FFFFF00, 0x03FFFC00, 0x00000000, 0x00000000, 0x00000000, 0x00000000, 0x00000000, 0x00000000, 0x00000000, 0x00000000, 0x00000000, 0x00000000, 0x00000000, 0x00000000, 0x00000000,
0x00000000, 0x00000000, 0x00000000, 0x00000000, 0x00000000, 0x00000000, 0x00000000, 0x00000000, 0x00000000, 0x00000000, 0x00000000, 0x00000000, 0x00000000, 0x00000000, 0x00000000, 0x00000000, 0x0FFFFFF0, 0x0FFFFFF0, 0x0FFFFFF0, 0x0FFFFFF0, 0x0007E000, 0x0007E000, 0x0007E000, 0x0007E000, 0x0007E000, 0x0007E000, 0x0007E000, 0x0007E000, 0x0007E000, 0x0007E000, 0x0007E000, 0x0007E000, 0x0007E000, 0x0007E000, 0x0007E000, 0x0007E000, 0x0007E000, 0x0007E000, 0x0007E000, 0x0007E000, 0x0007E000, 0x0007E000, 0x0007E000, 0x0007E000, 0x0007E000, 0x0007E000, 0x0007E000, 0x0007E000, 0x0007E000, 0x0007E000, 0x0007E000, 0x0007E000, 0x0007E000, 0x0007E000, 0x0007E000, 0x0007E000, 0x0007E000, 0x0007E000, 0x00000000, 0x00000000, 0x00000000, 0x00000000, 0x00000000, 0x00000000, 0x00000000, 0x00000000, 0x00000000, 0x00000000, 0x00000000, 0x00000000, 0x00000000, 0x00000000,
0x00000000, 0x00000000, 0x00000000, 0x00000000, 0x00000000, 0x00000000, 0x00000000, 0x00000000, 0x00000000, 0x00000000, 0x00000000, 0x00000000, 0x00000000, 0x00000000, 0x00000000, 0x00000000, 0x1F0000FC, 0x1F0000FC, 0x1F0000FC, 0x1F0000FC, 0x1F0000FC, 0x1F0000FC, 0x1F0000FC, 0x1F0000FC, 0x1F0000FC, 0x1F0000FC, 0x1F0000FC, 0x1F0000FC, 0x1F0000FC, 0x1F0000FC, 0x1F0000FC, 0x1F0000FC, 0x1F0000FC, 0x1F0000FC, 0x1F0000FC, 0x1F0000FC, 0x1F0000FC, 0x1F0000FC, 0x1F0000FC, 0x1F0000FC, 0x1F0000FC, 0x1F0000FC, 0x1F0000FC, 0x1F0000FC, 0x1F0000FC, 0x1F0000FC, 0x1F0000FC, 0x1F0000FC, 0x1F0000FC, 0x1F0000FC, 0x1F0000FC, 0x1F8000F8, 0x1F8001F8, 0x0FC003F8, 0x0FFFFFF0, 0x07FFFFF0, 0x03FFFFE0, 0x01FFFF80, 0x007FFE00, 0x00000000, 0x00000000, 0x00000000, 0x00000000, 0x00000000, 0x00000000, 0x00000000, 0x00000000, 0x00000000, 0x00000000, 0x00000000, 0x00000000, 0x00000000,
0x00000000, 0x00000000, 0x00000000, 0x00000000, 0x00000000, 0x00000000, 0x00000000, 0x00000000, 0x00000000, 0x00000000, 0x00000000, 0x00000000, 0x00000000, 0x00000000, 0x00000000, 0x00000000, 0x7E0000FC, 0x7E0000FC, 0x3E0000F8, 0x3F0000F8, 0x3F0001F8, 0x3F0001F8, 0x1F0001F0, 0x1F8001F0, 0x1F8003F0, 0x0F8003F0, 0x0FC003E0, 0x0FC003E0, 0x0FC003E0, 0x07C007E0, 0x07E007C0, 0x07E007C0, 0x07E007C0, 0x03E00F80, 0x03F00F80, 0x03F00F80, 0x01F00F80, 0x01F01F00, 0x01F81F00, 0x01F81F00, 0x00F81F00, 0x00F83E00, 0x00FC3E00, 0x00FC3E00, 0x007C3E00, 0x007C3C00, 0x007E7C00, 0x003E7C00, 0x003E7C00, 0x003E7800, 0x003FF800, 0x001FF800, 0x001FF800, 0x001FF000, 0x001FF000, 0x000FF000, 0x000FF000, 0x000FE000, 0x00000000, 0x00000000, 0x00000000, 0x00000000, 0x00000000, 0x00000000, 0x00000000, 0x00000000, 0x00000000, 0x00000000, 0x00000000, 0x00000000, 0x00000000, 0x00000000,
0x00000000, 0x00000000, 0x00000000, 0x00000000, 0x00000000, 0x00000000, 0x00000000, 0x00000000, 0x00000000, 0x00000000, 0x00000000, 0x00000000, 0x00000000, 0x00000000, 0x00000000, 0x00000000, 0x000FE000, 0x000FE000, 0x000FE000, 0x001FE000, 0x001FF000, 0x001FF000, 0x001FF001, 0x001FF001, 0x003EF001, 0x003EF801, 0x003CF801, 0x003CF801, 0x003C7801, 0x807C7803, 0x807C7C03, 0x80787C03, 0x80787C03, 0x80783C03, 0x80F83C03, 0xC0F83E07, 0xC0F03E07, 0xC0F03E07, 0xC0F01E07, 0xC1F01E07, 0xC1F01F07, 0xE1E01F0F, 0xE1E01F0F, 0xE1E00F0F, 0xE3E00F8F, 0xE3E00F8F, 0xE3C00F8F, 0xF3C00F9F, 0xF3C0079F, 0xF7C007DE, 0xF7C007DE, 0xF78007DE, 0xF78007DE, 0xFF8003FE, 0xFF8003FC, 0xFF8003FC, 0x7F0003FC, 0x7F0003FC, 0x00000000, 0x00000000, 0x00000000, 0x00000000, 0x00000000, 0x00000000, 0x00000000, 0x00000000, 0x00000000, 0x00000000, 0x00000000, 0x00000000, 0x00000000, 0x00000000,
0x00000000, 0x00000000, 0x00000000, 0x00000000, 0x00000000, 0x00000000, 0x00000000, 0x00000000, 0x00000000, 0x00000000, 0x00000000, 0x00000000, 0x00000000, 0x00000000, 0x00000000, 0x00000000, 0x0F8000F8, 0x0FC001F0, 0x0FC001F0, 0x07E003E0, 0x07E003E0, 0x03F007C0, 0x03F007C0, 0x01F80F80, 0x01F80F80, 0x00FC1F00, 0x00FC1F00, 0x007E3E00, 0x007E3E00, 0x003E7C00, 0x003F7C00, 0x001FF800, 0x001FF800, 0x000FF000, 0x000FF000, 0x0007E000, 0x0007E000, 0x000FF000, 0x001FF000, 0x001FF800, 0x003FF800, 0x003EFC00, 0x007EFC00, 0x007C7E00, 0x00FC7E00, 0x00F83F00, 0x01F83F00, 0x01F01F80, 0x03F01F80, 0x03E00FC0, 0x07E00FC0, 0x07C007E0, 0x0FC007E0, 0x0F8003F0, 0x1F8003F0, 0x1F0003F8, 0x3F0001F8, 0x3E0001F8, 0x00000000, 0x00000000, 0x00000000, 0x00000000, 0x00000000, 0x00000000, 0x00000000, 0x00000000, 0x00000000, 0x00000000, 0x00000000, 0x00000000, 0x00000000, 0x00000000,
0x00000000, 0x00000000, 0x00000000, 0x00000000, 0x00000000, 0x00000000, 0x00000000, 0x00000000, 0x00000000, 0x00000000, 0x00000000, 0x00000000, 0x00000000, 0x00000000, 0x00000000, 0x00000000, 0x3F0000FC, 0x1F8001F8, 0x1F8001F8, 0x0FC001F0, 0x0FC003F0, 0x07E003E0, 0x07E007E0, 0x03E007C0, 0x03F00FC0, 0x03F00F80, 0x01F80F80, 0x01F81F00, 0x00FC1F00, 0x00FC3E00, 0x007E3E00, 0x007E7E00, 0x003E7C00, 0x003FFC00, 0x001FF800, 0x001FF800, 0x000FF000, 0x000FF000, 0x0007E000, 0x0007E000, 0x0007E000, 0x0007E000, 0x0007E000, 0x0007E000, 0x0007E000, 0x0007E000, 0x0007E000, 0x0007E000, 0x0007E000, 0x0007E000, 0x0007E000, 0x0007E000, 0x0007E000, 0x0007E000, 0x0007E000, 0x0007E000, 0x0007E000, 0x0007E000, 0x00000000, 0x00000000, 0x00000000, 0x00000000, 0x00000000, 0x00000000, 0x00000000, 0x00000000, 0x00000000, 0x00000000, 0x00000000, 0x00000000, 0x00000000, 0x00000000,
0x00000000, 0x00000000, 0x00000000, 0x00000000, 0x00000000, 0x00000000, 0x00000000, 0x00000000, 0x00000000, 0x00000000, 0x00000000, 0x00000000, 0x00000000, 0x00000000, 0x00000000, 0x00000000, 0x1FFFFFF0, 0x1FFFFFF0, 0x1FFFFFF0, 0x1FFFFFF0, 0x1FFFFFE0, 0x000007E0, 0x00000FC0, 0x00000FC0, 0x00001F80, 0x00001F80, 0x00003F00, 0x00003F00, 0x00007E00, 0x0000FC00, 0x0000FC00, 0x0001F800, 0x0001F800, 0x0003F000, 0x0003F000, 0x0007E000, 0x0007E000, 0x000FC000, 0x001F8000, 0x001F8000, 0x003F0000, 0x003F0000, 0x007E0000, 0x007E0000, 0x00FC0000, 0x00F80000, 0x01F80000, 0x03F00000, 0x03F00000, 0x07E00000, 0x07E00000, 0x0FC00000, 0x0FC00000, 0x1FFFFFF0, 0x1FFFFFF0, 0x1FFFFFF0, 0x1FFFFFF0, 0x1FFFFFF0, 0x00000000, 0x00000000, 0x00000000, 0x00000000, 0x00000000, 0x00000000, 0x00000000, 0x00000000, 0x00000000, 0x00000000, 0x00000000, 0x00000000, 0x00000000, 0x00000000,
0x00000000, 0x00000000, 0x00000000, 0x00000000, 0x00000000, 0x00000000, 0x00000000, 0x00000000, 0x00000000, 0x001FFFC0, 0x001FFFC0, 0x001FFFC0, 0x001FFFC0, 0x001F0000, 0x001F0000, 0x001F0000, 0x001F0000, 0x001F0000, 0x001F0000, 0x001F0000, 0x001F0000, 0x001F0000, 0x001F0000, 0x001F0000, 0x001F0000, 0x001F0000, 0x001F0000, 0x001F0000, 0x001F0000, 0x001F0000, 0x001F0000, 0x001F0000, 0x001F0000, 0x001F0000, 0x001F0000, 0x001F0000, 0x001F0000, 0x001F0000, 0x001F0000, 0x001F0000, 0x001F0000, 0x001F0000, 0x001F0000, 0x001F0000, 0x001F0000, 0x001F0000, 0x001F0000, 0x001F0000, 0x001F0000, 0x001F0000, 0x001F0000, 0x001F0000, 0x001F0000, 0x001F0000, 0x001F0000, 0x001F0000, 0x001F0000, 0x001F0000, 0x001F0000, 0x001F0000, 0x001F0000, 0x001F0000, 0x001F0000, 0x001FFFC0, 0x001FFFC0, 0x001FFFC0, 0x001FFFC0, 0x00000000, 0x00000000, 0x00000000, 0x00000000, 0x00000000,
0x00000000, 0x00000000, 0x00000000, 0x00000000, 0x00000000, 0x00000000, 0x00000000, 0x00000000, 0x00000000, 0x00000000, 0x00000000, 0x00000000, 0x07C00000, 0x03E00000, 0x03E00000, 0x03E00000, 0x01F00000, 0x01F00000, 0x01F00000, 0x00F80000, 0x00F80000, 0x00F80000, 0x007C0000, 0x007C0000, 0x007C0000, 0x003E0000, 0x003E0000, 0x003E0000, 0x001F0000, 0x001F0000, 0x001F0000, 0x000F8000, 0x000F8000, 0x000F8000, 0x0007C000, 0x0007C000, 0x0007C000, 0x0003E000, 0x0003E000, 0x0003E000, 0x0001F000, 0x0001F000, 0x0001F800, 0x0000F800, 0x0000F800, 0x0000FC00, 0x00007C00, 0x00007C00, 0x00007E00, 0x00003E00, 0x00003E00, 0x00001F00, 0x00001F00, 0x00001F00, 0x00000F80, 0x00000F80, 0x00000F80, 0x000007C0, 0x000007C0, 0x000007C0, 0x000003E0, 0x000003E0, 0x000003E0, 0x000001F0, 0x00000000, 0x00000000, 0x00000000, 0x00000000, 0x00000000, 0x00000000, 0x00000000, 0x00000000,
0x00000000, 0x00000000, 0x00000000, 0x00000000, 0x00000000, 0x00000000, 0x00000000, 0x00000000, 0x00000000, 0x03FFF800, 0x03FFF800, 0x03FFF800, 0x03FFF800, 0x0000F800, 0x0000F800, 0x0000F800, 0x0000F800, 0x0000F800, 0x0000F800, 0x0000F800, 0x0000F800, 0x0000F800, 0x0000F800, 0x0000F800, 0x0000F800, 0x0000F800, 0x0000F800, 0x0000F800, 0x0000F800, 0x0000F800, 0x0000F800, 0x0000F800, 0x0000F800, 0x0000F800, 0x0000F800, 0x0000F800, 0x0000F800, 0x0000F800, 0x0000F800, 0x0000F800, 0x0000F800, 0x0000F800, 0x0000F800, 0x0000F800, 0x0000F800, 0x0000F800, 0x0000F800, 0x0000F800, 0x0000F800, 0x0000F800, 0x0000F800, 0x0000F800, 0x0000F800, 0x0000F800, 0x0000F800, 0x0000F800, 0x0000F800, 0x0000F800, 0x0000F800, 0x0000F800, 0x0000F800, 0x0000F800, 0x0000F800, 0x03FFF800, 0x03FFF800, 0x03FFF800, 0x03FFF800, 0x00000000, 0x00000000, 0x00000000, 0x00000000, 0x00000000,
0x00000000, 0x00000000, 0x00000000, 0x00000000, 0x00000000, 0x00000000, 0x00000000, 0x00000000, 0x00000000, 0x00000000, 0x00000000, 0x00000000, 0x00000000, 0x00000000, 0x00000000, 0x00000000, 0x00000000, 0x00000000, 0x00000000, 0x00000000, 0x00000000, 0x00000000, 0x00000000, 0x00000000, 0x00000000, 0x00000000, 0x00000000, 0x00000000, 0x00000000, 0x00000000, 0x00000000, 0x00000000, 0x00000000, 0x00000000, 0x1FFFFFF8, 0x1FFFFFF8, 0x1FFFFFF8, 0x1FFFFFF8, 0x00000000, 0x00000000, 0x00000000, 0x00000000, 0x00000000, 0x00000000, 0x00000000, 0x00000000, 0x00000000, 0x00000000, 0x00000000, 0x00000000, 0x00000000, 0x00000000, 0x00000000, 0x00000000, 0x00000000, 0x00000000, 0x00000000, 0x00000000, 0x00000000, 0x00000000, 0x00000000, 0x00000000, 0x00000000, 0x00000000, 0x00000000, 0x00000000, 0x00000000, 0x00000000, 0x00000000, 0x00000000, 0x00000000, 0x00000000,
0x00000000, 0x00000000, 0x00000000, 0x00000000, 0x00000000, 0x00000000, 0x00000000, 0x00000000, 0x00000000, 0x00000000, 0x00000000, 0x00000000, 0x00000000, 0x00000000, 0x00000000, 0x00000000, 0x00000000, 0x00000000, 0x00000000, 0x00000000, 0x00000000, 0x00000000, 0x00000000, 0x00000000, 0x00000000, 0x00000000, 0x00000000, 0x00000000, 0x00000000, 0x00000000, 0x00000000, 0x00000000, 0x00000000, 0x00000000, 0x00000000, 0x00000000, 0x00000000, 0x00000000, 0x00000000, 0x00000000, 0x00000000, 0x00000000, 0x00000000, 0x00000000, 0x00000000, 0x00000000, 0x00000000, 0x00000000, 0x00000000, 0x00000000, 0x00000000, 0x00000000, 0x00000000, 0x00000000, 0x00000000, 0x00000000, 0x00000000, 0x00000000, 0x00000000, 0x00000000, 0x00000000, 0x00000000, 0x00000000, 0xFFFFFFFF, 0xFFFFFFFF, 0xFFFFFFFF, 0xFFFFFFFF, 0x00000000, 0x00000000, 0x00000000, 0x00000000, 0x00000000,
0x00000000, 0x00000000, 0x00000000, 0x000F0000, 0x003F8000, 0x001F8000, 0x000FC000, 0x000FE000, 0x0007E000, 0x0003F000, 0x0001F000, 0x0000F800, 0x00007C00, 0x00007C00, 0x00000000, 0x00000000, 0x00000000, 0x00000000, 0x00000000, 0x00000000, 0x00000000, 0x00000000, 0x00000000, 0x00000000, 0x00000000, 0x00000000, 0x00000000, 0x00000000, 0x00000000, 0x00000000, 0x00000000, 0x00000000, 0x00000000, 0x00000000, 0x00000000, 0x00000000, 0x00000000, 0x00000000, 0x00000000, 0x00000000, 0x00000000, 0x00000000, 0x00000000, 0x00000000, 0x00000000, 0x00000000, 0x00000000, 0x00000000, 0x00000000, 0x00000000, 0x00000000, 0x00000000, 0x00000000, 0x00000000, 0x00000000, 0x00000000, 0x00000000, 0x00000000, 0x00000000, 0x00000000, 0x00000000, 0x00000000, 0x00000000, 0x00000000, 0x00000000, 0x00000000, 0x00000000, 0x00000000, 0x00000000, 0x00000000, 0x00000000, 0x00000000,
0x00000000, 0x00000000, 0x00000000, 0x00000000, 0x00000000, 0x00000000, 0x00000000, 0x00000000, 0x00000000, 0x00000000, 0x00000000, 0x00000000, 0x00000000, 0x00000000, 0x00000000, 0x000FF800, 0x000FF800, 0x000FF800, 0x001FFC00, 0x001F7C00, 0x001E7C00, 0x001E7C00, 0x003E7E00, 0x003E3E00, 0x003E3E00, 0x003C3E00, 0x007C3F00, 0x007C3F00, 0x007C1F00, 0x00F81F00, 0x00F81F80, 0x00F81F80, 0x00F80F80, 0x01F00F80, 0x01F00FC0, 0x01F00FC0, 0x01F00FC0, 0x03E007C0, 0x03E007E0, 0x03E007E0, 0x03E007E0, 0x07FFFFE0, 0x07FFFFF0, 0x07FFFFF0, 0x07FFFFF0, 0x0FFFFFF0, 0x0F8001F8, 0x0F8001F8, 0x1F8001F8, 0x1F8000F8, 0x1F0000FC, 0x1F0000FC, 0x3F0000FC, 0x3F00007C, 0x3E00007E, 0x3E00007E, 0x7E00007E, 0x7E00007E, 0x00000000, 0x00000000, 0x00000000, 0x00000000, 0x00000000, 0x00000000, 0x00000000, 0x00000000, 0x00000000, 0x00000000, 0x00000000, 0x00000000, 0x00000000, 0x00000000,
0x00000000, 0x00000000, 0x00000000, 0x00000000, 0x00000000, 0x00000000, 0x00000000, 0x00000000, 0x00000000, 0x00000000, 0x00000000, 0x00000000, 0x00000000, 0x00000000, 0x00000000, 0x00000000, 0x0FFFFE00, 0x0FFFFF80, 0x0FFFFFC0, 0x0FFFFFE0, 0x0FC01FF0, 0x0FC003F0, 0x0FC001F0, 0x0FC001F8, 0x0FC001F8, 0x0FC001F8, 0x0FC001F8, 0x0FC001F8, 0x0FC001F8, 0x0FC001F0, 0x0FC001F0, 0x0FC001F0, 0x0FC003F0, 0x0FC007E0, 0x0FFFFFE0, 0x0FFFFF80, 0x0FFFFE00, 0x0FFFFF80, 0x0FFFFFE0, 0x0FC007F0, 0x0FC003F0, 0x0FC001F8, 0x0FC001F8, 0x0FC001F8, 0x0FC000F8, 0x0FC000F8, 0x0FC000F8, 0x0FC000F8, 0x0FC000F8, 0x0FC001F8, 0x0FC001F8, 0x0FC001F8, 0x0FC003F8, 0x0FC01FF0, 0x0FFFFFF0, 0x0FFFFFE0, 0x0FFFFF80, 0x0FFFFE00, 0x00000000, 0x00000000, 0x00000000, 0x00000000, 0x00000000, 0x00000000, 0x00000000, 0x00000000, 0x00000000, 0x00000000, 0x00000000, 0x00000000, 0x00000000, 0x00000000,
0x00000000, 0x00000000, 0x00000000, 0x00000000, 0x00000000, 0x00000000, 0x00000000, 0x00000000, 0x00000000, 0x00000000, 0x00000000, 0x00000000, 0x00000000, 0x00000000, 0x00000000, 0x0007FFC0, 0x003FFFF0, 0x00FFFFF0, 0x01FFFFF0, 0x01FFFFF0, 0x03F80000, 0x03F00000, 0x03E00000, 0x07E00000, 0x07E00000, 0x07E00000, 0x07E00000, 0x07E00000, 0x07E00000, 0x07E00000, 0x07E00000, 0x07E00000, 0x07E00000, 0x07E00000, 0x07E00000, 0x07E00000, 0x07E00000, 0x07E00000, 0x07E00000, 0x07E00000, 0x07E00000, 0x07E00000, 0x07E00000, 0x07E00000, 0x07E00000, 0x07E00000, 0x07E00000, 0x07E00000, 0x07E00000, 0x07E00000, 0x07E00000, 0x03E00000, 0x03F00000, 0x03F80000, 0x01FFFFF0, 0x01FFFFF0, 0x00FFFFF0, 0x003FFFF0, 0x0007FFC0, 0x00000000, 0x00000000, 0x00000000, 0x00000000, 0x00000000, 0x00000000, 0x00000000, 0x00000000, 0x00000000, 0x00000000, 0x00000000, 0x00000000, 0x00000000,
0x00000000, 0x00000000, 0x00000000, 0x00000000, 0x00000000, 0x00000000, 0x00000000, 0x00000000, 0x00000000, 0x00000000, 0x00000000, 0x00000000, 0x00000000, 0x00000000, 0x00000000, 0x00000000, 0x1FFFF800, 0x1FFFFF00, 0x1FFFFFC0, 0x1FFFFFE0, 0x1F807FF0, 0x1F8007F0, 0x1F8003F0, 0x1F8001F8, 0x1F8001F8, 0x1F8001F8, 0x1F8000F8, 0x1F8000F8, 0x1F8000F8, 0x1F8000F8, 0x1F8000F8, 0x1F8000F8, 0x1F8000F8, 0x1F8000F8, 0x1F8000F8, 0x1F8000F8, 0x1F8000F8, 0x1F8000F8, 0x1F8000F8, 0x1F8000F8, 0x1F8000F8, 0x1F8000F8, 0x1F8000F8, 0x1F8000F8, 0x1F8000F8, 0x1F8000F8, 0x1F8000F8, 0x1F8000F8, 0x1F8001F8, 0x1F8001F8, 0x1F8001F8, 0x1F8003F0, 0x1F8007F0, 0x1F807FF0, 0x1FFFFFE0, 0x1FFFFFC0, 0x1FFFFF00, 0x1FFFFC00, 0x00000000, 0x00000000, 0x00000000, 0x00000000, 0x00000000, 0x00000000, 0x00000000, 0x00000000, 0x00000000, 0x00000000, 0x00000000, 0x00000000, 0x00000000, 0x00000000,
0x00000000, 0x00000000, 0x00000000, 0x00000000, 0x00000000, 0x00000000, 0x00000000, 0x00000000, 0x00000000, 0x00000000, 0x00000000, 0x00000000, 0x00000000, 0x00000000, 0x00000000, 0x00000000, 0x03FFFFF0, 0x03FFFFF0, 0x03FFFFF0, 0x03FFFFF0, 0x03F00000, 0x03F00000, 0x03F00000, 0x03F00000, 0x03F00000, 0x03F00000, 0x03F00000, 0x03F00000, 0x03F00000, 0x03F00000, 0x03F00000, 0x03F00000, 0x03F00000, 0x03F00000, 0x03FFFE00, 0x03FFFE00, 0x03FFFE00, 0x03FFFE00, 0x03FFFE00, 0x03F00000, 0x03F00000, 0x03F00000, 0x03F00000, 0x03F00000, 0x03F00000, 0x03F00000, 0x03F00000, 0x03F00000, 0x03F00000, 0x03F00000, 0x03F00000, 0x03F00000, 0x03F00000, 0x03F00000, 0x03FFFFF0, 0x03FFFFF0, 0x03FFFFF0, 0x03FFFFF0, 0x00000000, 0x00000000, 0x00000000, 0x00000000, 0x00000000, 0x00000000, 0x00000000, 0x00000000, 0x00000000, 0x00000000, 0x00000000, 0x00000000, 0x00000000, 0x00000000,
0x00000000, 0x00000000, 0x00000000, 0x00000000, 0x00000000, 0x00000000, 0x00000000, 0x00000000, 0x00000000, 0x00000000, 0x00000000, 0x00000000, 0x00000000, 0x00000000, 0x00000000, 0x00000000, 0x01FFFFF8, 0x01FFFFF8, 0x01FFFFF8, 0x01FFFFF8, 0x01F80000, 0x01F80000, 0x01F80000, 0x01F80000, 0x01F80000, 0x01F80000, 0x01F80000, 0x01F80000, 0x01F80000, 0x01F80000, 0x01F80000, 0x01F80000, 0x01F80000, 0x01F80000, 0x01FFFF00, 0x01FFFF00, 0x01FFFF00, 0x01FFFF00, 0x01F80000, 0x01F80000, 0x01F80000, 0x01F80000, 0x01F80000, 0x01F80000, 0x01F80000, 0x01F80000, 0x01F80000, 0x01F80000, 0x01F80000, 0x01F80000, 0x01F80000, 0x01F80000, 0x01F80000, 0x01F80000, 0x01F80000, 0x01F80000, 0x01F80000, 0x01F80000, 0x00000000, 0x00000000, 0x00000000, 0x00000000, 0x00000000, 0x00000000, 0x00000000, 0x00000000, 0x00000000, 0x00000000, 0x00000000, 0x00000000, 0x00000000, 0x00000000,
0x00000000, 0x00000000, 0x00000000, 0x00000000, 0x00000000, 0x00000000, 0x00000000, 0x00000000, 0x00000000, 0x00000000, 0x00000000, 0x00000000, 0x00000000, 0x00000000, 0x00000000, 0x007FFFC0, 0x01FFFFF0, 0x07FFFFF0, 0x0FFFFFF0, 0x0FFFFFF0, 0x1FC00000, 0x1F800000, 0x3F000000, 0x3F000000, 0x3F000000, 0x3F000000, 0x3F000000, 0x3F000000, 0x3F000000, 0x3F000000, 0x3F000000, 0x3F000000, 0x3F000000, 0x3F000000, 0x3F000000, 0x3F000000, 0x3F01FFFC, 0x3F01FFFC, 0x3F01FFFC, 0x3F01FFFC, 0x3F0000FC, 0x3F0000FC, 0x3F0000FC, 0x3F0000FC, 0x3F0000FC, 0x3F0000FC, 0x3F0000FC, 0x3F0000FC, 0x3F0000FC, 0x3F0000FC, 0x3F0000FC, 0x1F0000FC, 0x1F8000FC, 0x1FC003FC, 0x0FFFFFFC, 0x0FFFFFFC, 0x07FFFF7C, 0x01FFFE7C, 0x007FF800, 0x00000000, 0x00000000, 0x00000000, 0x00000000, 0x00000000, 0x00000000, 0x00000000, 0x00000000, 0x00000000, 0x00000000, 0x00000000, 0x00000000, 0x00000000,
0x00000000, 0x00000000, 0x00000000, 0x00000000, 0x00000000, 0x00000000, 0x00000000, 0x00000000, 0x00000000, 0x00000000, 0x00000000, 0x00000000, 0x00000000, 0x00000000, 0x00000000, 0x00000000, 0x3F0000F8, 0x3F0000F8, 0x3F0000F8, 0x3F0000F8, 0x3F0000F8, 0x3F0000F8, 0x3F0000F8, 0x3F0000F8, 0x3F0000F8, 0x3F0000F8, 0x3F0000F8, 0x3F0000F8, 0x3F0000F8, 0x3F0000F8, 0x3F0000F8, 0x3F0000F8, 0x3F0000F8, 0x3F0000F8, 0x3FFFFFF8, 0x3FFFFFF8, 0x3FFFFFF8, 0x3FFFFFF8, 0x3F0000F8, 0x3F0000F8, 0x3F0000F8, 0x3F0000F8, 0x3F0000F8, 0x3F0000F8, 0x3F0000F8, 0x3F0000F8, 0x3F0000F8, 0x3F0000F8, 0x3F0000F8, 0x3F0000F8, 0x3F0000F8, 0x3F0000F8, 0x3F0000F8, 0x3F0000F8, 0x3F0000F8, 0x3F0000F8, 0x3F0000F8, 0x3F0000F8, 0x00000000, 0x00000000, 0x00000000, 0x00000000, 0x00000000, 0x00000000, 0x00000000, 0x00000000, 0x00000000, 0x00000000, 0x00000000, 0x00000000, 0x00000000, 0x00000000,
0x00000000, 0x00000000, 0x00000000, 0x00000000, 0x00000000, 0x00000000, 0x00000000, 0x00000000, 0x00000000, 0x00000000, 0x00000000, 0x00000000, 0x00000000, 0x00000000, 0x00000000, 0x00000000, 0x0007E000, 0x0007E000, 0x0007E000, 0x0007E000, 0x0007E000, 0x0007E000, 0x0007E000, 0x0007E000, 0x0007E000, 0x0007E000, 0x0007E000, 0x0007E000, 0x0007E000, 0x0007E000, 0x0007E000, 0x0007E000, 0x0007E000, 0x0007E000, 0x0007E000, 0x0007E000, 0x0007E000, 0x0007E000, 0x0007E000, 0x0007E000, 0x0007E000, 0x0007E000, 0x0007E000, 0x0007E000, 0x0007E000, 0x0007E000, 0x0007E000, 0x0007E000, 0x0007E000, 0x0007E000, 0x0007E000, 0x0007E000, 0x0007E000, 0x0007E000, 0x0007E000, 0x0007E000, 0x0007E000, 0x0007E000, 0x00000000, 0x00000000, 0x00000000, 0x00000000, 0x00000000, 0x00000000, 0x00000000, 0x00000000, 0x00000000, 0x00000000, 0x00000000, 0x00000000, 0x00000000, 0x00000000,
0x00000000, 0x00000000, 0x00000000, 0x00000000, 0x00000000, 0x00000000, 0x00000000, 0x00000000, 0x00000000, 0x00000000, 0x00000000, 0x00000000, 0x00000000, 0x00000000, 0x00000000, 0x00000000, 0x0000FC00, 0x0000FC00, 0x0000FC00, 0x0000FC00, 0x0000FC00, 0x0000FC00, 0x0000FC00, 0x0000FC00, 0x0000FC00, 0x0000FC00, 0x0000FC00, 0x0000FC00, 0x0000FC00, 0x0000FC00, 0x0000FC00, 0x0000FC00, 0x0000FC00, 0x0000FC00, 0x0000FC00, 0x0000FC00, 0x0000FC00, 0x0000FC00, 0x0000FC00, 0x0000FC00, 0x0000FC00, 0x0000FC00, 0x0000FC00, 0x0000FC00, 0x0000FC00, 0x0000FC00, 0x0000FC00, 0x0000FC00, 0x0000FC00, 0x0000FC00, 0x0000FC00, 0x0000FC00, 0x0000F800, 0x0001F800, 0x03FFF800, 0x03FFF000, 0x03FFE000, 0x03FFC000, 0x01FF0000, 0x00000000, 0x00000000, 0x00000000, 0x00000000, 0x00000000, 0x00000000, 0x00000000, 0x00000000, 0x00000000, 0x00000000, 0x00000000, 0x00000000, 0x00000000,
0x00000000, 0x00000000, 0x00000000, 0x00000000, 0x00000000, 0x00000000, 0x00000000, 0x00000000, 0x00000000, 0x00000000, 0x00000000, 0x00000000, 0x00000000, 0x00000000, 0x00000000, 0x00000000, 0x03F000FC, 0x03F000FC, 0x03F001F8, 0x03F003F0, 0x03F003F0, 0x03F007E0, 0x03F007C0, 0x03F00FC0, 0x03F01F80, 0x03F01F00, 0x03F03F00, 0x03F07E00, 0x03F07C00, 0x03F0FC00, 0x03F1F800, 0x03F1F000, 0x03F3F000, 0x03F7E000, 0x03F7F000, 0x03FFF000, 0x03FFF800, 0x03FFF800, 0x03FEFC00, 0x03FEFC00, 0x03FC7C00, 0x03F87E00, 0x03F83E00, 0x03F03F00, 0x03F03F00, 0x03F01F80, 0x03F01F80, 0x03F00F80, 0x03F00FC0, 0x03F00FC0, 0x03F007E0, 0x03F007E0, 0x03F003F0, 0x03F003F0, 0x03F001F8, 0x03F001F8, 0x03F001F8, 0x03F000FC, 0x00000000, 0x00000000, 0x00000000, 0x00000000, 0x00000000, 0x00000000, 0x00000000, 0x00000000, 0x00000000, 0x00000000, 0x00000000, 0x00000000, 0x00000000, 0x00000000,
0x00000000, 0x00000000, 0x00000000, 0x00000000, 0x00000000, 0x00000000, 0x00000000, 0x00000000, 0x00000000, 0x00000000, 0x00000000, 0x00000000, 0x00000000, 0x00000000, 0x00000000, 0x00000000, 0x01F80000, 0x01F80000, 0x01F80000, 0x01F80000, 0x01F80000, 0x01F80000, 0x01F80000, 0x01F80000, 0x01F80000, 0x01F80000, 0x01F80000, 0x01F80000, 0x01F80000, 0x01F80000, 0x01F80000, 0x01F80000, 0x01F80000, 0x01F80000, 0x01F80000, 0x01F80000, 0x01F80000, 0x01F80000, 0x01F80000, 0x01F80000, 0x01F80000, 0x01F80000, 0x01F80000, 0x01F80000, 0x01F80000, 0x01F80000, 0x01F80000, 0x01F80000, 0x01F80000, 0x01F80000, 0x01F80000, 0x01F80000, 0x01F80000, 0x01F80000, 0x01FFFFF8, 0x01FFFFF8, 0x01FFFFF8, 0x01FFFFF8, 0x00000000, 0x00000000, 0x00000000, 0x00000000, 0x00000000, 0x00000000, 0x00000000, 0x00000000, 0x00000000, 0x00000000, 0x00000000, 0x00000000, 0x00000000, 0x00000000,
0x00000000, 0x00000000, 0x00000000, 0x00000000, 0x00000000, 0x00000000, 0x00000000, 0x00000000, 0x00000000, 0x00000000, 0x00000000, 0x00000000, 0x00000000, 0x00000000, 0x00000000, 0x00000000, 0xFE0000FF, 0xFE0000FF, 0xFF0000FF, 0xFF0001FF, 0xEF0001FF, 0xEF8001EF, 0xEF8003EF, 0xEF8003EF, 0xE7C003CF, 0xE7C007CF, 0xE7C007CF, 0xE3E0078F, 0xE3E00F8F, 0xE3E00F8F, 0xE1F00F0F, 0xE1F01F0F, 0xE0F01F0F, 0xE0F81E0F, 0xE0F83E0F, 0xE0783E0F, 0xE07C3C0F, 0xE07C7C0F, 0xE03C7C0F, 0xE03E780F, 0xE03EF80F, 0xE01FF80F, 0xE01FF00F, 0xE01FF00F, 0xE00FF00F, 0xE00FE00F, 0xE00FE00F, 0xE007C00F, 0xE000000F, 0xE000000F, 0xE000000F, 0xE000000F, 0xE000000F, 0xE000000F, 0xE000000F, 0xE000000F, 0xE000000F, 0xE000000F, 0x00000000, 0x00000000, 0x00000000, 0x00000000, 0x00000000, 0x00000000, 0x00000000, 0x00000000, 0x00000000, 0x00000000, 0x00000000, 0x00000000, 0x00000000, 0x00000000,
0x00000000, 0x00000000, 0x00000000, 0x00000000, 0x00000000, 0x00000000, 0x00000000, 0x00000000, 0x00000000, 0x00000000, 0x00000000, 0x00000000, 0x00000000, 0x00000000, 0x00000000, 0x00000000, 0x3FC000F8, 0x3FC000F8, 0x3FE000F8, 0x3FE000F8, 0x3FF000F8, 0x3FF000F8, 0x3FF000F8, 0x3EF800F8, 0x3EF800F8, 0x3EFC00F8, 0x3E7C00F8, 0x3E7E00F8, 0x3E3E00F8, 0x3E3F00F8, 0x3E3F00F8, 0x3E1F00F8, 0x3E1F80F8, 0x3E0F80F8, 0x3E0FC0F8, 0x3E07C0F8, 0x3E07E0F8, 0x3E03E0F8, 0x3E03E0F8, 0x3E03F0F8, 0x3E01F0F8, 0x3E01F8F8, 0x3E00F8F8, 0x3E00FCF8, 0x3E007CF8, 0x3E007CF8, 0x3E003EF8, 0x3E003EF8, 0x3E001EF8, 0x3E001FF8, 0x3E001FF8, 0x3E000FF8, 0x3E000FF8, 0x3E0007F8, 0x3E0007F8, 0x3E0003F8, 0x3E0003F8, 0x3E0001F8, 0x00000000, 0x00000000, 0x00000000, 0x00000000, 0x00000000, 0x00000000, 0x00000000, 0x00000000, 0x00000000, 0x00000000, 0x00000000, 0x00000000, 0x00000000, 0x00000000,
0x00000000, 0x00000000, 0x00000000, 0x00000000, 0x00000000, 0x00000000, 0x00000000, 0x00000000, 0x00000000, 0x00000000, 0x00000000, 0x00000000, 0x00000000, 0x00000000, 0x00000000, 0x00FFFC00, 0x03FFFF80, 0x0FFFFFC0, 0x1FFFFFE0, 0x1FF03FF0, 0x3F8003F0, 0x3F0001F8, 0x7E0001F8, 0x7E0000F8, 0x7E0000F8, 0x7E0000F8, 0x7E0000F8, 0x7E0000F8, 0x7E0000F8, 0x7E0000F8, 0x7E0000F8, 0x7E0000F8, 0x7E0000F8, 0x7E0000F8, 0x7E0000F8, 0x7E0000F8, 0x7E0000F8, 0x7E0000F8, 0x7E0000F8, 0x7E0000F8, 0x7E0000F8, 0x7E0000F8, 0x7E0000F8, 0x7E0000F8, 0x7E0000F8, 0x7E0000F8, 0x7E0000F8, 0x7E0000F8, 0x7E0000F8, 0x7E0000F8, 0x7E0000F8, 0x7E0001F8, 0x3F0001F8, 0x3F8003F0, 0x1FE01FF0, 0x1FFFFFE0, 0x0FFFFFC0, 0x03FFFF80, 0x007FFC00, 0x00000000, 0x00000000, 0x00000000, 0x00000000, 0x00000000, 0x00000000, 0x00000000, 0x00000000, 0x00000000, 0x00000000, 0x00000000, 0x00000000, 0x00000000,
0x00000000, 0x00000000, 0x00000000, 0x00000000, 0x00000000, 0x00000000, 0x00000000, 0x00000000, 0x00000000, 0x00000000, 0x00000000, 0x00000000, 0x00000000, 0x00000000, 0x00000000, 0x00000000, 0x0FFFFC00, 0x0FFFFF80, 0x0FFFFFC0, 0x0FFFFFE0, 0x0FFFFFF0, 0x0FC007F0, 0x0FC003F0, 0x0FC001F8, 0x0FC001F8, 0x0FC001F8, 0x0FC001F8, 0x0FC001F8, 0x0FC001F8, 0x0FC001F8, 0x0FC001F8, 0x0FC001F8, 0x0FC001F8, 0x0FC001F8, 0x0FC001F8, 0x0FC001F0, 0x0FC007F0, 0x0FFFFFF0, 0x0FFFFFE0, 0x0FFFFFC0, 0x0FFFFF00, 0x0FFFFC00, 0x0FC00000, 0x0FC00000, 0x0FC00000, 0x0FC00000, 0x0FC00000, 0x0FC00000, 0x0FC00000, 0x0FC00000, 0x0FC00000, 0x0FC00000, 0x0FC00000, 0x0FC00000, 0x0FC00000, 0x0FC00000, 0x0FC00000, 0x0FC00000, 0x00000000, 0x00000000, 0x00000000, 0x00000000, 0x00000000, 0x00000000, 0x00000000, 0x00000000, 0x00000000, 0x00000000, 0x00000000, 0x00000000, 0x00000000, 0x00000000,
0x00000000, 0x00000000, 0x00000000, 0x00000000, 0x00000000, 0x00000000, 0x00000000, 0x00000000, 0x00000000, 0x00000000, 0x00000000, 0x00000000, 0x00000000, 0x00000000, 0x00000000, 0x00FFFC00, 0x03FFFF80, 0x0FFFFFC0, 0x1FFFFFE0, 0x1FF03FF0, 0x3F8003F0, 0x3F0001F8, 0x7E0001F8, 0x7E0000F8, 0x7E0000F8, 0x7E0000F8, 0x7E0000F8, 0x7E0000F8, 0x7E0000F8, 0x7E0000F8, 0x7E0000F8, 0x7E0000F8, 0x7E0000F8, 0x7E0000F8, 0x7E0000F8, 0x7E0000F8, 0x7E0000F8, 0x7E0000F8, 0x7E0000F8, 0x7E0000F8, 0x7E0000F8, 0x7E0000F8, 0x7E0000F8, 0x7E0000F8, 0x7E0000F8, 0x7E0000F8, 0x7E0000F8, 0x7E0000F8, 0x7E0000F8, 0x7E0000F8, 0x7E0000F8, 0x7E0001F8, 0x3F0001F8, 0x3F8003F0, 0x1FE01FF0, 0x1FFFFFE0, 0x0FFFFFC0, 0x03FFFF80, 0x007FFC00, 0x0007C000, 0x0007C000, 0x0007C000, 0x0007C000, 0x0007C000, 0x0007C000, 0x0007E000, 0x0007FFC0, 0x0003FFC0, 0x0001FFC0, 0x0000FFC0, 0x00001F00, 0x00000000,
0x00000000, 0x00000000, 0x00000000, 0x00000000, 0x00000000, 0x00000000, 0x00000000, 0x00000000, 0x00000000, 0x00000000, 0x00000000, 0x00000000, 0x00000000, 0x00000000, 0x00000000, 0x00000000, 0x1FFFFC00, 0x1FFFFF00, 0x1FFFFFC0, 0x1FFFFFE0, 0x1F803FE0, 0x1F8007F0, 0x1F8003F0, 0x1F8001F0, 0x1F8001F8, 0x1F8001F8, 0x1F8001F8, 0x1F8001F8, 0x1F8001F8, 0x1F8001F8, 0x1F8001F8, 0x1F8001F8, 0x1F8001F8, 0x1F8001F0, 0x1F8003F0, 0x1F8007F0, 0x1F801FE0, 0x1FFFFFE0, 0x1FFFFFC0, 0x1FFFFF00, 0x1FFFFC00, 0x1F8FC000, 0x1F87E000, 0x1F87F000, 0x1F83F800, 0x1F81F800, 0x1F81FC00, 0x1F80FE00, 0x1F807E00, 0x1F803F00, 0x1F803F80, 0x1F801F80, 0x1F800FC0, 0x1F800FE0, 0x1F8007F0, 0x1F8003F0, 0x1F8001F8, 0x1F8001FC, 0x00000000, 0x00000000, 0x00000000, 0x00000000, 0x00000000, 0x00000000, 0x00000000, 0x00000000, 0x00000000, 0x00000000, 0x00000000, 0x00000000, 0x00000000, 0x00000000,
0x00000000, 0x00000000, 0x00000000, 0x00000000, 0x00000000, 0x00000000, 0x00000000, 0x00000000, 0x00000000, 0x00000000, 0x00000000, 0x00000000, 0x00000000, 0x00000000, 0x00000000, 0x003FFF00, 0x01FFFFC0, 0x03FFFFC0, 0x07FFFFC0, 0x07FFFFC0, 0x0FE00000, 0x0F800000, 0x0F800000, 0x0F800000, 0x0F800000, 0x0F800000, 0x0F800000, 0x0F800000, 0x0F800000, 0x0F800000, 0x0F800000, 0x0FC00000, 0x0FE00000, 0x0FFE0000, 0x07FFF000, 0x03FFFE00, 0x01FFFF80, 0x007FFFC0, 0x0007FFE0, 0x00001FF0, 0x000007F0, 0x000003F0, 0x000001F0, 0x000001F0, 0x000001F0, 0x000001F0, 0x000001F0, 0x000001F0, 0x000001F0, 0x000001F0, 0x000001F0, 0x000003F0, 0x000003F0, 0x000007E0, 0x0FFFFFE0, 0x0FFFFFC0, 0x0FFFFFC0, 0x0FFFFF00, 0x03FFFC00, 0x00000000, 0x00000000, 0x00000000, 0x00000000, 0x00000000, 0x00000000, 0x00000000, 0x00000000, 0x00000000, 0x00000000, 0x00000000, 0x00000000, 0x00000000,
0x00000000, 0x00000000, 0x00000000, 0x00000000, 0x00000000, 0x00000000, 0x00000000, 0x00000000, 0x00000000, 0x00000000, 0x00000000, 0x00000000, 0x00000000, 0x00000000, 0x00000000, 0x00000000, 0x0FFFFFF0, 0x0FFFFFF0, 0x0FFFFFF0, 0x0FFFFFF0, 0x0007E000, 0x0007E000, 0x0007E000, 0x0007E000, 0x0007E000, 0x0007E000, 0x0007E000, 0x0007E000, 0x0007E000, 0x0007E000, 0x0007E000, 0x0007E000, 0x0007E000, 0x0007E000, 0x0007E000, 0x0007E000, 0x0007E000, 0x0007E000, 0x0007E000, 0x0007E000, 0x0007E000, 0x0007E000, 0x0007E000, 0x0007E000, 0x0007E000, 0x0007E000, 0x0007E000, 0x0007E000, 0x0007E000, 0x0007E000, 0x0007E000, 0x0007E000, 0x0007E000, 0x0007E000, 0x0007E000, 0x0007E000, 0x0007E000, 0x0007E000, 0x00000000, 0x00000000, 0x00000000, 0x00000000, 0x00000000, 0x00000000, 0x00000000, 0x00000000, 0x00000000, 0x00000000, 0x00000000, 0x00000000, 0x00000000, 0x00000000,
0x00000000, 0x00000000, 0x00000000, 0x00000000, 0x00000000, 0x00000000, 0x00000000, 0x00000000, 0x00000000, 0x00000000, 0x00000000, 0x00000000, 0x00000000, 0x00000000, 0x00000000, 0x00000000, 0x1F0000FC, 0x1F0000FC, 0x1F0000FC, 0x1F0000FC, 0x1F0000FC, 0x1F0000FC, 0x1F0000FC, 0x1F0000FC, 0x1F0000FC, 0x1F0000FC, 0x1F0000FC, 0x1F0000FC, 0x1F0000FC, 0x1F0000FC, 0x1F0000FC, 0x1F0000FC, 0x1F0000FC, 0x1F0000FC, 0x1F0000FC, 0x1F0000FC, 0x1F0000FC, 0x1F0000FC, 0x1F0000FC, 0x1F0000FC, 0x1F0000FC, 0x1F0000FC, 0x1F0000FC, 0x1F0000FC, 0x1F0000FC, 0x1F0000FC, 0x1F0000FC, 0x1F0000FC, 0x1F0000FC, 0x1F0000FC, 0x1F0000FC, 0x1F8000F8, 0x1F8001F8, 0x0FC003F8, 0x0FFFFFF0, 0x07FFFFF0, 0x03FFFFE0, 0x01FFFF80, 0x007FFE00, 0x00000000, 0x00000000, 0x00000000, 0x00000000, 0x00000000, 0x00000000, 0x00000000, 0x00000000, 0x00000000, 0x00000000, 0x00000000, 0x00000000, 0x00000000,
0x00000000, 0x00000000, 0x00000000, 0x00000000, 0x00000000, 0x00000000, 0x00000000, 0x00000000, 0x00000000, 0x00000000, 0x00000000, 0x00000000, 0x00000000, 0x00000000, 0x00000000, 0x00000000, 0x7E0000FC, 0x7E0000FC, 0x3E0000F8, 0x3F0000F8, 0x3F0001F8, 0x3F0001F8, 0x1F0001F0, 0x1F8001F0, 0x1F8003F0, 0x0F8003F0, 0x0FC003E0, 0x0FC003E0, 0x0FC003E0, 0x07C007E0, 0x07E007C0, 0x07E007C0, 0x07E007C0, 0x03E00F80, 0x03F00F80, 0x03F00F80, 0x01F00F80, 0x01F01F00, 0x01F81F00, 0x01F81F00, 0x00F81F00, 0x00F83E00, 0x00FC3E00, 0x00FC3E00, 0x007C3E00, 0x007C3C00, 0x007E7C00, 0x003E7C00, 0x003E7C00, 0x003E7800, 0x003FF800, 0x001FF800, 0x001FF800, 0x001FF000, 0x001FF000, 0x000FF000, 0x000FF000, 0x000FE000, 0x00000000, 0x00000000, 0x00000000, 0x00000000, 0x00000000, 0x00000000, 0x00000000, 0x00000000, 0x00000000, 0x00000000, 0x00000000, 0x00000000, 0x00000000, 0x00000000,
0x00000000, 0x00000000, 0x00000000, 0x00000000, 0x00000000, 0x00000000, 0x00000000, 0x00000000, 0x00000000, 0x00000000, 0x00000000, 0x00000000, 0x00000000, 0x00000000, 0x00000000, 0x00000000, 0x000FE000, 0x000FE000, 0x000FE000, 0x001FE000, 0x001FF000, 0x001FF000, 0x001FF001, 0x001FF001, 0x003EF001, 0x003EF801, 0x003CF801, 0x003CF801, 0x003C7801, 0x807C7803, 0x807C7C03, 0x80787C03, 0x80787C03, 0x80783C03, 0x80F83C03, 0xC0F83E07, 0xC0F03E07, 0xC0F03E07, 0xC0F01E07, 0xC1F01E07, 0xC1F01F07, 0xE1E01F0F, 0xE1E01F0F, 0xE1E00F0F, 0xE3E00F8F, 0xE3E00F8F, 0xE3C00F8F, 0xF3C00F9F, 0xF3C0079F, 0xF7C007DE, 0xF7C007DE, 0xF78007DE, 0xF78007DE, 0xFF8003FE, 0xFF8003FC, 0xFF8003FC, 0x7F0003FC, 0x7F0003FC, 0x00000000, 0x00000000, 0x00000000, 0x00000000, 0x00000000, 0x00000000, 0x00000000, 0x00000000, 0x00000000, 0x00000000, 0x00000000, 0x00000000, 0x00000000, 0x00000000,
0x00000000, 0x00000000, 0x00000000, 0x00000000, 0x00000000, 0x00000000, 0x00000000, 0x00000000, 0x00000000, 0x00000000, 0x00000000, 0x00000000, 0x00000000, 0x00000000, 0x00000000, 0x00000000, 0x0F8000F8, 0x0FC001F0, 0x0FC001F0, 0x07E003E0, 0x07E003E0, 0x03F007C0, 0x03F007C0, 0x01F80F80, 0x01F80F80, 0x00FC1F00, 0x00FC1F00, 0x007E3E00, 0x007E3E00, 0x003E7C00, 0x003F7C00, 0x001FF800, 0x001FF800, 0x000FF000, 0x000FF000, 0x0007E000, 0x0007E000, 0x000FF000, 0x001FF000, 0x001FF800, 0x003FF800, 0x003EFC00, 0x007EFC00, 0x007C7E00, 0x00FC7E00, 0x00F83F00, 0x01F83F00, 0x01F01F80, 0x03F01F80, 0x03E00FC0, 0x07E00FC0, 0x07C007E0, 0x0FC007E0, 0x0F8003F0, 0x1F8003F0, 0x1F0003F8, 0x3F0001F8, 0x3E0001F8, 0x00000000, 0x00000000, 0x00000000, 0x00000000, 0x00000000, 0x00000000, 0x00000000, 0x00000000, 0x00000000, 0x00000000, 0x00000000, 0x00000000, 0x00000000, 0x00000000,
0x00000000, 0x00000000, 0x00000000, 0x00000000, 0x00000000, 0x00000000, 0x00000000, 0x00000000, 0x00000000, 0x00000000, 0x00000000, 0x00000000, 0x00000000, 0x00000000, 0x00000000, 0x00000000, 0x3F0000FC, 0x1F8001F8, 0x1F8001F8, 0x0FC001F0, 0x0FC003F0, 0x07E003E0, 0x07E007E0, 0x03E007C0, 0x03F00FC0, 0x03F00F80, 0x01F80F80, 0x01F81F00, 0x00FC1F00, 0x00FC3E00, 0x007E3E00, 0x007E7E00, 0x003E7C00, 0x003FFC00, 0x001FF800, 0x001FF800, 0x000FF000, 0x000FF000, 0x0007E000, 0x0007E000, 0x0007E000, 0x0007E000, 0x0007E000, 0x0007E000, 0x0007E000, 0x0007E000, 0x0007E000, 0x0007E000, 0x0007E000, 0x0007E000, 0x0007E000, 0x0007E000, 0x0007E000, 0x0007E000, 0x0007E000, 0x0007E000, 0x0007E000, 0x0007E000, 0x00000000, 0x00000000, 0x00000000, 0x00000000, 0x00000000, 0x00000000, 0x00000000, 0x00000000, 0x00000000, 0x00000000, 0x00000000, 0x00000000, 0x00000000, 0x00000000,
0x00000000, 0x00000000, 0x00000000, 0x00000000, 0x00000000, 0x00000000, 0x00000000, 0x00000000, 0x00000000, 0x00000000, 0x00000000, 0x00000000, 0x00000000, 0x00000000, 0x00000000, 0x00000000, 0x1FFFFFF0, 0x1FFFFFF0, 0x1FFFFFF0, 0x1FFFFFF0, 0x1FFFFFE0, 0x000007E0, 0x00000FC0, 0x00000FC0, 0x00001F80, 0x00001F80, 0x00003F00, 0x00003F00, 0x00007E00, 0x0000FC00, 0x0000FC00, 0x0001F800, 0x0001F800, 0x0003F000, 0x0003F000, 0x0007E000, 0x0007E000, 0x000FC000, 0x001F8000, 0x001F8000, 0x003F0000, 0x003F0000, 0x007E0000, 0x007E0000, 0x00FC0000, 0x00F80000, 0x01F80000, 0x03F00000, 0x03F00000, 0x07E00000, 0x07E00000, 0x0FC00000, 0x0FC00000, 0x1FFFFFF0, 0x1FFFFFF0, 0x1FFFFFF0, 0x1FFFFFF0, 0x1FFFFFF0, 0x00000000, 0x00000000, 0x00000000, 0x00000000, 0x00000000, 0x00000000, 0x00000000, 0x00000000, 0x00000000, 0x00000000, 0x00000000, 0x00000000, 0x00000000, 0x00000000,
0x00000000, 0x00000000, 0x00000000, 0x00000000, 0x00000000, 0x00000000, 0x00000000, 0x00000000, 0x00000000, 0x001FFFC0, 0x001FFFC0, 0x001FFFC0, 0x001FFFC0, 0x001F0000, 0x001F0000, 0x001F0000, 0x001F0000, 0x001F0000, 0x001F0000, 0x001F0000, 0x001F0000, 0x001F0000, 0x001F0000, 0x001F0000, 0x001F0000, 0x001F0000, 0x001F0000, 0x001F0000, 0x001F0000, 0x001F0000, 0x001F0000, 0x001F0000, 0x003F0000, 0x007E0000, 0x007C0000, 0x00FC0000, 0x00FE0000, 0x007F0000, 0x003F0000, 0x001F0000, 0x001F0000, 0x001F0000, 0x001F0000, 0x001F0000, 0x001F0000, 0x001F0000, 0x001F0000, 0x001F0000, 0x001F0000, 0x001F0000, 0x001F0000, 0x001F0000, 0x001F0000, 0x001F0000, 0x001F0000, 0x001F0000, 0x001F0000, 0x001F0000, 0x001F0000, 0x001F0000, 0x001F0000, 0x001F0000, 0x001F0000, 0x001FFFC0, 0x001FFFC0, 0x001FFFC0, 0x001FFFC0, 0x00000000, 0x00000000, 0x00000000, 0x00000000, 0x00000000,
0x00000000, 0x00000000, 0x00000000, 0x00000000, 0x00000000, 0x00000000, 0x00000000, 0x00000000, 0x00000000, 0x00000000, 0x00000000, 0x00000000, 0x0007C000, 0x0007C000, 0x0007C000, 0x0007C000, 0x0007C000, 0x0007C000, 0x0007C000, 0x0007C000, 0x0007C000, 0x0007C000, 0x0007C000, 0x0007C000, 0x0007C000, 0x0007C000, 0x0007C000, 0x0007C000, 0x0007C000, 0x0007C000, 0x0007C000, 0x0007C000, 0x0007C000, 0x0007C000, 0x0007C000, 0x0007C000, 0x0007C000, 0x0007C000, 0x0007C000, 0x0007C000, 0x0007C000, 0x0007C000, 0x0007C000, 0x0007C000, 0x0007C000, 0x0007C000, 0x0007C000, 0x0007C000, 0x0007C000, 0x0007C000, 0x0007C000, 0x0007C000, 0x0007C000, 0x0007C000, 0x0007C000, 0x0007C000, 0x0007C000, 0x0007C000, 0x0007C000, 0x0007C000, 0x0007C000, 0x0007C000, 0x0007C000, 0x0007C000, 0x00000000, 0x00000000, 0x00000000, 0x00000000, 0x00000000, 0x00000000, 0x00000000, 0x00000000,
0x00000000, 0x00000000, 0x00000000, 0x00000000, 0x00000000, 0x00000000, 0x00000000, 0x00000000, 0x00000000, 0x03FFF800, 0x03FFF800, 0x03FFF800, 0x03FFF800, 0x0000F800, 0x0000F800, 0x0000F800, 0x0000F800, 0x0000F800, 0x0000F800, 0x0000F800, 0x0000F800, 0x0000F800, 0x0000F800, 0x0000F800, 0x0000F800, 0x0000F800, 0x0000F800, 0x0000F800, 0x0000F800, 0x0000F800, 0x0000F800, 0x0000FC00, 0x0000FC00, 0x00007E00, 0x00003F00, 0x00001F00, 0x00003F00, 0x00007E00, 0x0000FC00, 0x0000FC00, 0x0000F800, 0x0000F800, 0x0000F800, 0x0000F800, 0x0000F800, 0x0000F800, 0x0000F800, 0x0000F800, 0x0000F800, 0x0000F800, 0x0000F800, 0x0000F800, 0x0000F800, 0x0000F800, 0x0000F800, 0x0000F800, 0x0000F800, 0x0000F800, 0x0000F800, 0x0000F800, 0x0000F800, 0x0000F800, 0x0000F800, 0x03FFF800, 0x03FFF800, 0x03FFF800, 0x03FFF800, 0x00000000, 0x00000000, 0x00000000, 0x00000000, 0x00000000,
0x00000000, 0x00000000, 0x00000000, 0x00000000, 0x00000000, 0x00000000, 0x00000000, 0x00000000, 0x00000000, 0x00000000, 0x00000000, 0x00000000, 0x00000000, 0x00000000, 0x00000000, 0x00000000, 0x00000000, 0x00000000, 0x00000000, 0x00000000, 0x00000000, 0x00000000, 0x00000000, 0x00000000, 0x00000000, 0x00000000, 0x00000000, 0x00000000, 0x00000000, 0x00000000, 0x00000000, 0x00000000, 0x00000000, 0x00000000, 0xFFFFFFFF, 0xFFFFFFFF, 0xFFFFFFFF, 0xFFFFFFFF, 0x00000000, 0x00000000, 0x00000000, 0x00000000, 0x00000000, 0x00000000, 0x00000000, 0x00000000, 0x00000000, 0x00000000, 0x00000000, 0x00000000, 0x00000000, 0x00000000, 0x00000000, 0x00000000, 0x00000000, 0x00000000, 0x00000000, 0x00000000, 0x00000000, 0x00000000, 0x00000000, 0x00000000, 0x00000000, 0x00000000, 0x00000000, 0x00000000, 0x00000000, 0x00000000, 0x00000000, 0x00000000, 0x00000000, 0x00000000,
};

static const uint16_t Font_Morgan_16x36 [Font_Morgan_16x36_size] = {
0x0000, 0x0000, 0x0000, 0x0000, 0x0000, 0x0000, 0x0000, 0x0000, 0x0000, 0x0000, 0x0000, 0x0000, 0x0000, 0x0000, 0x0000, 0x0000, 0x0000, 0x0000, 0x0000, 0x0000, 0x0000, 0x0000, 0x0000, 0x0000, 0x0000, 0x0000, 0x0000, 0x0000, 0x0000, 0x0000, 0x0000, 0x0000, 0x0000, 0x0000, 0x0000, 0x0000,
0x0000, 0x0000, 0x0000, 0x0000, 0x0000, 0x0000, 0x0000, 0x0000, 0x0380, 0x0380, 0x0380, 0x0380, 0x0380, 0x0380, 0x0380, 0x0380, 0x0380, 0x0380, 0x0380, 0x0380, 0x0380, 0x0180, 0x0180, 0x0000, 0x0000, 0x0380, 0x0380, 0x0380, 0x0380, 0x0000, 0x0000, 0x0000, 0x0000, 0x0000, 0x0000, 0x0000,
0x0000, 0x0000, 0x0000, 0x1CF0, 0x1CE0, 0x1C60, 0x1C60, 0x1C60, 0x0C60, 0x0C60, 0x0C60, 0x0000, 0x0000, 0x0000, 0x0000, 0x0000, 0x0000, 0x0000, 0x0000, 0x0000, 0x0000, 0x0000, 0x0000, 0x0000, 0x0000, 0x0000, 0x0000, 0x0000, 0x0000, 0x0000, 0x0000, 0x0000, 0x0000, 0x0000, 0x0000, 0x0000,
0x0000, 0x0000, 0x0000, 0x0000, 0x0000, 0x0000, 0x061C, 0x0618, 0x0E18, 0x0E18, 0x0C18, 0x0C18, 0x7FFF, 0xFFFF, 0x0C38, 0x0C38, 0x0C30, 0x1C30, 0x1830, 0x1830, 0x1830, 0x1830, 0xFFFE, 0xFFFE, 0x1860, 0x3860, 0x3060, 0x3060, 0x3060, 0x0000, 0x0000, 0x0000, 0x0000, 0x0000, 0x0000, 0x0000,
0x0000, 0x0000, 0x0000, 0x0000, 0x0000, 0x0180, 0x0180, 0x0180, 0x07F8, 0x1FFC, 0x1E00, 0x3800, 0x3800, 0x3800, 0x3800, 0x3800, 0x3E00, 0x1FE0, 0x0FF8, 0x007C, 0x000E, 0x000E, 0x000E, 0x000E, 0x000E, 0x000C, 0x003C, 0x3FF8, 0x1FF0, 0x0180, 0x0180, 0x0180, 0x0000, 0x0000, 0x0000, 0x0000,
0x0000, 0x0000, 0x0000, 0x0000, 0x0000, 0x0000, 0x0000, 0x0000, 0xF003, 0xF006, 0x180E, 0x181C, 0x1818, 0x1838, 0x1870, 0x18E0, 0x18C0, 0x19C0, 0xF39F, 0xE33F, 0x0730, 0x0E30, 0x1C30, 0x1830, 0x3830, 0x7030, 0x6030, 0xE03F, 0xC00F, 0x8000, 0x0000, 0x0000, 0x0000, 0x0000, 0x0000, 0x0000,
0x0000, 0x0000, 0x0000, 0x0000, 0x0000, 0x0000, 0x0000, 0x0000, 0x07E0, 0x1FF0, 0x1C78, 0x1838, 0x3838, 0x3838, 0x1800, 0x1C00, 0x0E00, 0x0700, 0x1F00, 0x3B8C, 0x31CC, 0x70EC, 0x707C, 0x703C, 0x703C, 0x301C, 0x3C1E, 0x1FFF, 0x0FF3, 0x0000, 0x0000, 0x0000, 0x0000, 0x0000, 0x0000, 0x0000,
0x0000, 0x0000, 0x0000, 0x0380, 0x0380, 0x0380, 0x0380, 0x0380, 0x0180, 0x0180, 0x0180, 0x0000, 0x0000, 0x0000, 0x0000, 0x0000, 0x0000, 0x0000, 0x0000, 0x0000, 0x0000, 0x0000, 0x0000, 0x0000, 0x0000, 0x0000, 0x0000, 0x0000, 0x0000, 0x0000, 0x0000, 0x0000, 0x0000, 0x0000, 0x0000, 0x0000,
0x0000, 0x0000, 0x0000, 0x0000, 0x00F0, 0x01F0, 0x0380, 0x0300, 0x0700, 0x0700, 0x0700, 0x0600, 0x0600, 0x0E00, 0x0E00, 0x0E00, 0x0E00, 0x0E00, 0x0E00, 0x0E00, 0x0E00, 0x0E00, 0x0600, 0x0600, 0x0600, 0x0700, 0x0700, 0x0700, 0x0300, 0x0380, 0x01F0, 0x00F0, 0x0000, 0x0000, 0x0000, 0x0000,
0x0000, 0x0000, 0x0000, 0x0000, 0x1E00, 0x1F00, 0x0380, 0x0180, 0x01C0, 0x01C0, 0x00C0, 0x00C0, 0x00C0, 0x00E0, 0x00E0, 0x00E0, 0x00E0, 0x00E0, 0x00E0, 0x00E0, 0x00E0, 0x00E0, 0x00E0, 0x00C0, 0x00C0, 0x01C0, 0x01C0, 0x01C0, 0x0180, 0x0380, 0x1F00, 0x1E00, 0x0000, 0x0000, 0x0000, 0x0000,
0x0000, 0x0000, 0x0000, 0x0180, 0x0180, 0x1188, 0x1DBC, 0x0FF8, 0x03E0, 0x03E0, 0x0760, 0x0670, 0x0C38, 0x0400, 0x0000, 0x0000, 0x0000, 0x0000, 0x0000, 0x0000, 0x0000, 0x0000, 0x0000, 0x0000, 0x0000, 0x0000, 0x0000, 0x0000, 0x0000, 0x0000, 0x0000, 0x0000, 0x0000, 0x0000, 0x0000, 0x0000,
0x0000, 0x0000, 0x0000, 0x0000, 0x0000, 0x0000, 0x0000, 0x0000, 0x0000, 0x0000, 0x0000, 0x0180, 0x0180, 0x0180, 0x0180, 0x0180, 0x0180, 0x3FFE, 0x3FFE, 0x0180, 0x0180, 0x0180, 0x0180, 0x0180, 0x0180, 0x0000, 0x0000, 0x0000, 0x0000, 0x0000, 0x0000, 0x0000, 0x0000, 0x0000, 0x0000, 0x0000,
0x0000, 0x0000, 0x0000, 0x0000, 0x0000, 0x0000, 0x0000, 0x0000, 0x0000, 0x0000, 0x0000, 0x0000, 0x0000, 0x0000, 0x0000, 0x0000, 0x0000, 0x0000, 0x0000, 0x0000, 0x0000, 0x0000, 0x0000, 0x0000, 0x0000, 0x03C0, 0x03C0, 0x03C0, 0x0380, 0x0180, 0x0380, 0x0300, 0x0300, 0x0200, 0x0000, 0x0000,
0x0000, 0x0000, 0x0000, 0x0000, 0x0000, 0x0000, 0x0000, 0x0000, 0x0000, 0x0000, 0x0000, 0x0000, 0x0000, 0x0000, 0x0000, 0x0000, 0x0000, 0x1FF0, 0x1FF0, 0x1FF0, 0x0000, 0x0000, 0x0000, 0x0000, 0x0000, 0x0000, 0x0000, 0x0000, 0x0000, 0x0000, 0x0000, 0x0000, 0x0000, 0x0000, 0x0000, 0x0000,
0x0000, 0x0000, 0x0000, 0x0000, 0x0000, 0x0000, 0x0000, 0x0000, 0x0000, 0x0000, 0x0000, 0x0000, 0x0000, 0x0000, 0x0000, 0x0000, 0x0000, 0x0000, 0x0000, 0x0000, 0x0000, 0x0000, 0x0000, 0x0000, 0x0000, 0x03C0, 0x03C0, 0x03C0, 0x03C0, 0x0000, 0x0000, 0x0000, 0x0000, 0x0000, 0x0000, 0x0000,
0x0000, 0x0000, 0x0000, 0x0000, 0x0000, 0x0000, 0x001C, 0x0018, 0x0038, 0x0038, 0x0030, 0x0070, 0x0070, 0x0060, 0x00E0, 0x00E0, 0x00C0, 0x01C0, 0x01C0, 0x0180, 0x0380, 0x0300, 0x0300, 0x0700, 0x0600, 0x0600, 0x0E00, 0x0C00, 0x0C00, 0x1C00, 0x1800, 0x1800, 0x0000, 0x0000, 0x0000, 0x0000,
0x0000, 0x0000, 0x0000, 0x0000, 0x0000, 0x0000, 0x0FF8, 0x3FFC, 0x381E, 0x700E, 0x700E, 0x700E, 0x700E, 0x700E, 0x700E, 0x700E, 0x700E, 0x700E, 0x700E, 0x700E, 0x700E, 0x700E, 0x700E, 0x700E, 0x300E, 0x381C, 0x1FFC, 0x0FF0, 0x0000, 0x0000, 0x0000, 0x0000, 0x0000, 0x0000, 0x0000, 0x0000,
0x0000, 0x0000, 0x0000, 0x0000, 0x0000, 0x0000, 0x0000, 0x00C0, 0x1FC0, 0x1FC0, 0x01C0, 0x01C0, 0x01C0, 0x01C0, 0x01C0, 0x01C0, 0x01C0, 0x01C0, 0x01C0, 0x01C0, 0x01C0, 0x01C0, 0x01C0, 0x01C0, 0x01C0, 0x01C0, 0x01C0, 0x1FFE, 0x1FFE, 0x0000, 0x0000, 0x0000, 0x0000, 0x0000, 0x0000, 0x0000,
0x0000, 0x0000, 0x0000, 0x0000, 0x0000, 0x0000, 0x0000, 0x3FF0, 0x3FF8, 0x003C, 0x001C, 0x000C, 0x000C, 0x000C, 0x000C, 0x000C, 0x001C, 0x00FC, 0x0FF0, 0x1FC0, 0x3C00, 0x3800, 0x3000, 0x3000, 0x3000, 0x3000, 0x3000, 0x3FFC, 0x3FFC, 0x0000, 0x0000, 0x0000, 0x0000, 0x0000, 0x0000, 0x0000,
0x0000, 0x0000, 0x0000, 0x0000, 0x0000, 0x0000, 0x3FF8, 0x3FF8, 0x001C, 0x000C, 0x000C, 0x000C, 0x000C, 0x001C, 0x001C, 0x07F8, 0x07F0, 0x003C, 0x000E, 0x000E, 0x000E, 0x000E, 0x000E, 0x000E, 0x000E, 0x003C, 0x3FF8, 0x1FF0, 0x0000, 0x0000, 0x0000, 0x0000, 0x0000, 0x0000, 0x0000, 0x0000,
0x0000, 0x0000, 0x0000, 0x0000, 0x0000, 0x0000, 0x0000, 0x0000, 0x0078, 0x00F8, 0x00F8, 0x01F8, 0x03B8, 0x0338, 0x0738, 0x0E38, 0x0E38, 0x1C38, 0x1838, 0x3838, 0x7038, 0x6038, 0x7FFF, 0x7FFF, 0x0038, 0x0038, 0x0038, 0x0038, 0x0038, 0x0000, 0x0000, 0x0000, 0x0000, 0x0000, 0x0000, 0x0000,
0x0000, 0x0000, 0x0000, 0x0000, 0x0000, 0x0000, 0x0000, 0x0000, 0x1FFC, 0x1FFC, 0x1FFC, 0x1800, 0x1800, 0x1800, 0x1800, 0x1800, 0x1800, 0x1FF8, 0x1FFC, 0x001E, 0x000E, 0x000E, 0x000E, 0x000E, 0x000E, 0x000E, 0x003C, 0x3FF8, 0x1FF0, 0x0000, 0x0000, 0x0000, 0x0000, 0x0000, 0x0000, 0x0000,
0x0000, 0x0000, 0x0000, 0x0000, 0x0000, 0x0000, 0x0FFE, 0x1FFE, 0x3800, 0x3000, 0x3000, 0x3000, 0x3000, 0x3000, 0x33F8, 0x3FFC, 0x3C1E, 0x300E, 0x3006, 0x3006, 0x3006, 0x3006, 0x3006, 0x300E, 0x380E, 0x3C1E, 0x1FFC, 0x0FF0, 0x0000, 0x0000, 0x0000, 0x0000, 0x0000, 0x0000, 0x0000, 0x0000,
0x0000, 0x0000, 0x0000, 0x0000, 0x0000, 0x0000, 0x0000, 0x0000, 0x3FFE, 0x3FFE, 0x3FFE, 0x000E, 0x001C, 0x001C, 0x0038, 0x0038, 0x0030, 0x0070, 0x0060, 0x00E0, 0x00C0, 0x01C0, 0x01C0, 0x0380, 0x0380, 0x0700, 0x0700, 0x0600, 0x0E00, 0x0000, 0x0000, 0x0000, 0x0000, 0x0000, 0x0000, 0x0000,
0x0000, 0x0000, 0x0000, 0x0000, 0x0000, 0x0000, 0x0FF0, 0x1FFC, 0x381C, 0x300E, 0x300E, 0x300E, 0x300E, 0x300E, 0x380C, 0x1C1C, 0x0FF0, 0x1FF8, 0x381C, 0x300E, 0x700E, 0x700E, 0x700E, 0x700E, 0x700E, 0x381E, 0x3FFC, 0x0FF0, 0x0000, 0x0000, 0x0000, 0x0000, 0x0000, 0x0000, 0x0000, 0x0000,
0x0000, 0x0000, 0x0000, 0x0000, 0x0000, 0x0000, 0x0FF8, 0x1FFC, 0x381E, 0x300E, 0x700E, 0x700E, 0x700E, 0x700E, 0x700E, 0x300E, 0x380E, 0x3FFE, 0x0FEE, 0x000E, 0x000E, 0x000E, 0x000E, 0x000E, 0x000E, 0x001C, 0x3FFC, 0x1FF0, 0x0000, 0x0000, 0x0000, 0x0000, 0x0000, 0x0000, 0x0000, 0x0000,
0x0000, 0x0000, 0x0000, 0x0000, 0x0000, 0x0000, 0x0000, 0x0000, 0x0000, 0x0000, 0x0000, 0x0000, 0x0000, 0x03C0, 0x03C0, 0x03C0, 0x03C0, 0x0000, 0x0000, 0x0000, 0x0000, 0x0000, 0x0000, 0x0000, 0x0000, 0x03C0, 0x03C0, 0x03C0, 0x03C0, 0x0000, 0x0000, 0x0000, 0x0000, 0x0000, 0x0000, 0x0000,
0x0000, 0x0000, 0x0000, 0x0000, 0x0000, 0x0000, 0x0000, 0x0000, 0x0000, 0x0000, 0x0000, 0x0000, 0x0000, 0x03C0, 0x03C0, 0x03C0, 0x03C0, 0x0000, 0x0000, 0x0000, 0x0000, 0x0000, 0x0000, 0x0000, 0x0000, 0x03C0, 0x03C0, 0x03C0, 0x0380, 0x0180, 0x0380, 0x0300, 0x0300, 0x0200, 0x0000, 0x0000,
0x0000, 0x0000, 0x0000, 0x0000, 0x0000, 0x0000, 0x0000, 0x0000, 0x0000, 0x0000, 0x0000, 0x000C, 0x001C, 0x0078, 0x01F0, 0x07C0, 0x1F00, 0x3C00, 0x3C00, 0x1F00, 0x07C0, 0x01F0, 0x0078, 0x001C, 0x000C, 0x0000, 0x0000, 0x0000, 0x0000, 0x0000, 0x0000, 0x0000, 0x0000, 0x0000, 0x0000, 0x0000,
0x0000, 0x0000, 0x0000, 0x0000, 0x0000, 0x0000, 0x0000, 0x0000, 0x0000, 0x0000, 0x0000, 0x0000, 0x0000, 0x0000, 0x3FFE, 0x3FFE, 0x0000, 0x0000, 0x0000, 0x0000, 0x3FFE, 0x3FFE, 0x0000, 0x0000, 0x0000, 0x0000, 0x0000, 0x0000, 0x0000, 0x0000, 0x0000, 0x0000, 0x0000, 0x0000, 0x0000, 0x0000,
0x0000, 0x0000, 0x0000, 0x0000, 0x0000, 0x0000, 0x0000, 0x0000, 0x0000, 0x0000, 0x0000, 0x1000, 0x3C00, 0x1F00, 0x0780, 0x01E0, 0x00F8, 0x003E, 0x003E, 0x00F8, 0x01E0, 0x0780, 0x1F00, 0x3C00, 0x1000, 0x0000, 0x0000, 0x0000, 0x0000, 0x0000, 0x0000, 0x0000, 0x0000, 0x0000, 0x0000, 0x0000,
0x0000, 0x0000, 0x0000, 0x0000, 0x0000, 0x0000, 0x0000, 0x3FF0, 0x3FF8, 0x0038, 0x0018, 0x001C, 0x001C, 0x001C, 0x0018, 0x0038, 0x01F8, 0x07E0, 0x0700, 0x0600, 0x0600, 0x0600, 0x0000, 0x0000, 0x0F00, 0x0F00, 0x0F00, 0x0F00, 0x0000, 0x0000, 0x0000, 0x0000, 0x0000, 0x0000, 0x0000, 0x0000,
0x0000, 0x0000, 0x0000, 0x0FFE, 0x3FFF, 0xFC07, 0xF001, 0xC000, 0x8000, 0x0000, 0x03F8, 0x07F8, 0x0FF8, 0x1C38, 0x1838, 0x3838, 0x3830, 0x3070, 0x3070, 0x38F0, 0x3FF1, 0x3FFF, 0x1FBF, 0x0004, 0x0000, 0x8000, 0xC000, 0xF007, 0xFFFF, 0x3FFE, 0x03C0, 0x0000, 0x0000, 0x0000, 0x0000, 0x0000,
0x0000, 0x0000, 0x0000, 0x0000, 0x0000, 0x0000, 0x0000, 0x0000, 0x03C0, 0x03E0, 0x07E0, 0x0760, 0x0660, 0x0670, 0x0E70, 0x0E30, 0x0C38, 0x0C38, 0x1C38, 0x1C18, 0x181C, 0x1FFC, 0x3FFC, 0x380C, 0x300E, 0x700E, 0x700E, 0x700E, 0x6007, 0x0000, 0x0000, 0x0000, 0x0000, 0x0000, 0x0000, 0x0000,
0x0000, 0x0000, 0x0000, 0x0000, 0x0000, 0x0000, 0x0000, 0x0000, 0x3FF0, 0x3FF8, 0x381C, 0x381C, 0x380C, 0x380C, 0x380C, 0x381C, 0x381C, 0x3FF8, 0x3FF0, 0x383C, 0x381C, 0x380E, 0x380E, 0x380E, 0x380E, 0x380C, 0x381C, 0x3FFC, 0x3FF0, 0x0000, 0x0000, 0x0000, 0x0000, 0x0000, 0x0000, 0x0000,
0x0000, 0x0000, 0x0000, 0x0000, 0x0000, 0x0000, 0x0000, 0x0000, 0x07FC, 0x0FFC, 0x1E00, 0x1C00, 0x1800, 0x1800, 0x1800, 0x1800, 0x1800, 0x1800, 0x1800, 0x1800, 0x1800, 0x1800, 0x1800, 0x1800, 0x1800, 0x1C00, 0x1E00, 0x0FFC, 0x03FC, 0x0000, 0x0000, 0x0000, 0x0000, 0x0000, 0x0000, 0x0000,
0x0000, 0x0000, 0x0000, 0x0000, 0x0000, 0x0000, 0x0000, 0x0000, 0x7FE0, 0x7FF8, 0x7078, 0x701C, 0x701C, 0x701C, 0x701C, 0x701C, 0x701C, 0x701C, 0x701C, 0x701C, 0x701C, 0x701C, 0x701C, 0x701C, 0x701C, 0x701C, 0x7078, 0x7FF8, 0x7FE0, 0x0000, 0x0000, 0x0000, 0x0000, 0x0000, 0x0000, 0x0000,
0x0000, 0x0000, 0x0000, 0x0000, 0x0000, 0x0000, 0x0000, 0x0000, 0x1FFC, 0x1FFC, 0x1C00, 0x1C00, 0x1C00, 0x1C00, 0x1C00, 0x1C00, 0x1C00, 0x1FF0, 0x1FF0, 0x1C00, 0x1C00, 0x1C00, 0x1C00, 0x1C00, 0x1C00, 0x1C00, 0x1C00, 0x1FFC, 0x1FFC, 0x0000, 0x0000, 0x0000, 0x0000, 0x0000, 0x0000, 0x0000,
0x0000, 0x0000, 0x0000, 0x0000, 0x0000, 0x0000, 0x0000, 0x0000, 0x1FFC, 0x1FFC, 0x1C00, 0x1C00, 0x1C00, 0x1C00, 0x1C00, 0x1C00, 0x1C00, 0x1FF0, 0x1FF0, 0x1C00, 0x1C00, 0x1C00, 0x1C00, 0x1C00, 0x1C00, 0x1C00, 0x1C00, 0x1C00, 0x1C00, 0x0000, 0x0000, 0x0000, 0x0000, 0x0000, 0x0000, 0x0000,
0x0000, 0x0000, 0x0000, 0x0000, 0x0000, 0x0000, 0x0000, 0x0000, 0x1FF8, 0x3FF8, 0x7800, 0x7000, 0x6000, 0x6000, 0x6000, 0x6000, 0x6000, 0x6000, 0x61FC, 0x61FC, 0x600C, 0x600C, 0x600C, 0x600C, 0x600C, 0x700C, 0x783C, 0x3FFC, 0x1FCC, 0x0000, 0x0000, 0x0000, 0x0000, 0x0000, 0x0000, 0x0000,
0x0000, 0x0000, 0x0000, 0x0000, 0x0000, 0x0000, 0x0000, 0x0000, 0x700E, 0x700E, 0x700E, 0x700E, 0x700E, 0x700E, 0x700E, 0x700E, 0x700E, 0x7FFE, 0x7FFE, 0x700E, 0x700E, 0x700E, 0x700E, 0x700E, 0x700E, 0x700E, 0x700E, 0x700E, 0x700E, 0x0000, 0x0000, 0x0000, 0x0000, 0x0000, 0x0000, 0x0000,
0x0000, 0x0000, 0x0000, 0x0000, 0x0000, 0x0000, 0x0000, 0x0000, 0x0380, 0x0380, 0x0380, 0x0380, 0x0380, 0x0380, 0x0380, 0x0380, 0x0380, 0x0380, 0x0380, 0x0380, 0x0380, 0x0380, 0x0380, 0x0380, 0x0380, 0x0380, 0x0380, 0x0380, 0x0380, 0x0000, 0x0000, 0x0000, 0x0000, 0x0000, 0x0000, 0x0000,
0x0000, 0x0000, 0x0000, 0x0000, 0x0000, 0x0000, 0x0000, 0x0000, 0x00E0, 0x00E0, 0x00E0, 0x00E0, 0x00E0, 0x00E0, 0x00E0, 0x00E0, 0x00E0, 0x00E0, 0x00E0, 0x00E0, 0x00E0, 0x00E0, 0x00E0, 0x00E0, 0x00E0, 0x00E0, 0x01C0, 0x1FC0, 0x1F80, 0x0000, 0x0000, 0x0000, 0x0000, 0x0000, 0x0000, 0x0000,
0x0000, 0x0000, 0x0000, 0x0000, 0x0000, 0x0000, 0x0000, 0x0000, 0x1C0E, 0x1C1C, 0x1C1C, 0x1C38, 0x1C70, 0x1C70, 0x1CE0, 0x1CC0, 0x1DC0, 0x1FC0, 0x1FC0, 0x1FE0, 0x1EE0, 0x1C70, 0x1C70, 0x1C38, 0x1C38, 0x1C18, 0x1C1C, 0x1C1C, 0x1C0E, 0x0000, 0x0000, 0x0000, 0x0000, 0x0000, 0x0000, 0x0000,
0x0000, 0x0000, 0x0000, 0x0000, 0x0000, 0x0000, 0x0000, 0x0000, 0x1C00, 0x1C00, 0x1C00, 0x1C00, 0x1C00, 0x1C00, 0x1C00, 0x1C00, 0x1C00, 0x1C00, 0x1C00, 0x1C00, 0x1C00, 0x1C00, 0x1C00, 0x1C00, 0x1C00, 0x1C00, 0x1C00, 0x1FFC, 0x1FFC, 0x0000, 0x0000, 0x0000, 0x0000, 0x0000, 0x0000, 0x0000,
0x0000, 0x0000, 0x0000, 0x0000, 0x0000, 0x0000, 0x0000, 0x0000, 0xF00F, 0xF00F, 0xF01F, 0xF81B, 0xF81B, 0xD83B, 0xDC33, 0xDC33, 0xCC73, 0xCE63, 0xC663, 0xC6E3, 0xC7C3, 0xC3C3, 0xC3C3, 0xC383, 0xC003, 0xC003, 0xC003, 0xC003, 0xC003, 0x0000, 0x0000, 0x0000, 0x0000, 0x0000, 0x0000, 0x0000,
0x0000, 0x0000, 0x0000, 0x0000, 0x0000, 0x0000, 0x0000, 0x0000, 0x780C, 0x780C, 0x7C0C, 0x6C0C, 0x6E0C, 0x6E0C, 0x670C, 0x670C, 0x638C, 0x638C, 0x618C, 0x61CC, 0x60CC, 0x60EC, 0x60EC, 0x606C, 0x607C, 0x603C, 0x603C, 0x601C, 0x601C, 0x0000, 0x0000, 0x0000, 0x0000, 0x0000, 0x0000, 0x0000,
0x0000, 0x0000, 0x0000, 0x0000, 0x0000, 0x0000, 0x0000, 0x0000, 0x1FF0, 0x3FF8, 0x781C, 0x700C, 0x600E, 0x600E, 0x600E, 0x600E, 0x600E, 0x600E, 0x600E, 0x600E, 0x600E, 0x600E, 0x600E, 0x600E, 0x600E, 0x700C, 0x781C, 0x3FF8, 0x1FF0, 0x0000, 0x0000, 0x0000, 0x0000, 0x0000, 0x0000, 0x0000,
0x0000, 0x0000, 0x0000, 0x0000, 0x0000, 0x0000, 0x0000, 0x0000, 0x3FF0, 0x3FF8, 0x383C, 0x381C, 0x380C, 0x380E, 0x380E, 0x380E, 0x380C, 0x381C, 0x383C, 0x3FF8, 0x3FF0, 0x3800, 0x3800, 0x3800, 0x3800, 0x3800, 0x3800, 0x3800, 0x3800, 0x0000, 0x0000, 0x0000, 0x0000, 0x0000, 0x0000, 0x0000,
0x0000, 0x0000, 0x0000, 0x0000, 0x0000, 0x0000, 0x0000, 0x0000, 0x1FF0, 0x3FF8, 0x781C, 0x700C, 0x600E, 0x600E, 0x600E, 0x600E, 0x600E, 0x600E, 0x600E, 0x600E, 0x600E, 0x600E, 0x600E, 0x600E, 0x600E, 0x700C, 0x781C, 0x3FF8, 0x1FF0, 0x0380, 0x0380, 0x0380, 0x03C0, 0x01F8, 0x00F8, 0x0000,
0x0000, 0x0000, 0x0000, 0x0000, 0x0000, 0x0000, 0x0000, 0x0000, 0x3FF0, 0x3FFC, 0x383C, 0x380E, 0x380E, 0x380E, 0x380E, 0x380E, 0x380E, 0x381C, 0x3FFC, 0x3FF0, 0x39C0, 0x39C0, 0x38E0, 0x3870, 0x3870, 0x3838, 0x381C, 0x381E, 0x380E, 0x0000, 0x0000, 0x0000, 0x0000, 0x0000, 0x0000, 0x0000,
0x0000, 0x0000, 0x0000, 0x0000, 0x0000, 0x0000, 0x0000, 0x0000, 0x07F8, 0x1FFC, 0x1E00, 0x3800, 0x3800, 0x3800, 0x3800, 0x3800, 0x3E00, 0x1FE0, 0x0FF8, 0x007C, 0x000E, 0x000E, 0x000E, 0x000E, 0x000E, 0x000C, 0x003C, 0x3FF8, 0x1FF0, 0x0000, 0x0000, 0x0000, 0x0000, 0x0000, 0x0000, 0x0000,
0x0000, 0x0000, 0x0000, 0x0000, 0x0000, 0x0000, 0x0000, 0x0000, 0x7FF8, 0x7FF8, 0x0380, 0x0380, 0x0380, 0x0380, 0x0380, 0x0380, 0x0380, 0x0380, 0x0380, 0x0380, 0x0380, 0x0380, 0x0380, 0x0380, 0x0380, 0x0380, 0x0380, 0x0380, 0x0380, 0x0000, 0x0000, 0x0000, 0x0000, 0x0000, 0x0000, 0x0000,
0x0000, 0x0000, 0x0000, 0x0000, 0x0000, 0x0000, 0x0000, 0x0000, 0x700C, 0x700C, 0x700C, 0x700C, 0x700C, 0x700C, 0x700C, 0x700C, 0x700C, 0x700C, 0x700C, 0x700C, 0x700C, 0x700C, 0x700C, 0x700C, 0x700C, 0x701C, 0x783C, 0x3FF8, 0x0FF0, 0x0000, 0x0000, 0x0000, 0x0000, 0x0000, 0x0000, 0x0000,
0x0000, 0x0000, 0x0000, 0x0000, 0x0000, 0x0000, 0x0000, 0x0000, 0x700E, 0x700E, 0x700C, 0x701C, 0x381C, 0x381C, 0x3818, 0x1838, 0x1C38, 0x1C38, 0x1C30, 0x0C30, 0x0E70, 0x0E70, 0x0E60, 0x0660, 0x07E0, 0x07C0, 0x07C0, 0x03C0, 0x03C0, 0x0000, 0x0000, 0x0000, 0x0000, 0x0000, 0x0000, 0x0000,
0x0000, 0x0000, 0x0000, 0x0000, 0x0000, 0x0000, 0x0000, 0x0000, 0x03C0, 0x03C0, 0x03C0, 0x03E0, 0x03E0, 0x8760, 0x8660, 0x8660, 0x8671, 0x8671, 0x8E31, 0xCC31, 0xCC31, 0xCC39, 0xCC3B, 0xDC1B, 0xD81B, 0xF81B, 0xF81F, 0x781F, 0x780E, 0x0000, 0x0000, 0x0000, 0x0000, 0x0000, 0x0000, 0x0000,
0x0000, 0x0000, 0x0000, 0x0000, 0x0000, 0x0000, 0x0000, 0x0000, 0x701C, 0x3818, 0x3838, 0x1C30, 0x1C70, 0x0E60, 0x0EE0, 0x07C0, 0x07C0, 0x0380, 0x0380, 0x07C0, 0x07C0, 0x0EE0, 0x0CE0, 0x1C70, 0x1870, 0x3838, 0x7038, 0x701C, 0xE01C, 0x0000, 0x0000, 0x0000, 0x0000, 0x0000, 0x0000, 0x0000,
0x0000, 0x0000, 0x0000, 0x0000, 0x0000, 0x0000, 0x0000, 0x0000, 0x701C, 0x701C, 0x3838, 0x3838, 0x1C30, 0x1C70, 0x0C60, 0x0EE0, 0x0EC0, 0x07C0, 0x0780, 0x0380, 0x0380, 0x0380, 0x0380, 0x0380, 0x0380, 0x0380, 0x0380, 0x0380, 0x0380, 0x0000, 0x0000, 0x0000, 0x0000, 0x0000, 0x0000, 0x0000,
0x0000, 0x0000, 0x0000, 0x0000, 0x0000, 0x0000, 0x0000, 0x0000, 0x3FFC, 0x3FFC, 0x001C, 0x0038, 0x0070, 0x0070, 0x00E0, 0x00E0, 0x01C0, 0x01C0, 0x0380, 0x0380, 0x0700, 0x0E00, 0x0E00, 0x1C00, 0x1C00, 0x3800, 0x3800, 0x7FFC, 0x7FFC, 0x0000, 0x0000, 0x0000, 0x0000, 0x0000, 0x0000, 0x0000,
0x0000, 0x0000, 0x0000, 0x0000, 0x07F8, 0x07F8, 0x0700, 0x0700, 0x0700, 0x0700, 0x0700, 0x0700, 0x0700, 0x0700, 0x0700, 0x0700, 0x0700, 0x0700, 0x0700, 0x0700, 0x0700, 0x0700, 0x0700, 0x0700, 0x0700, 0x0700, 0x0700, 0x0700, 0x0700, 0x0700, 0x07F8, 0x07F8, 0x0000, 0x0000, 0x0000, 0x0000,
0x0000, 0x0000, 0x0000, 0x0000, 0x0000, 0x0000, 0x3000, 0x3000, 0x3800, 0x1800, 0x1800, 0x1C00, 0x0C00, 0x0C00, 0x0E00, 0x0600, 0x0700, 0x0700, 0x0300, 0x0380, 0x0380, 0x0180, 0x01C0, 0x01C0, 0x00C0, 0x00E0, 0x00E0, 0x0060, 0x0070, 0x0070, 0x0030, 0x0038, 0x0000, 0x0000, 0x0000, 0x0000,
0x0000, 0x0000, 0x0000, 0x0000, 0x3FC0, 0x3FC0, 0x01C0, 0x01C0, 0x01C0, 0x01C0, 0x01C0, 0x01C0, 0x01C0, 0x01C0, 0x01C0, 0x01C0, 0x01C0, 0x01C0, 0x01C0, 0x01C0, 0x01C0, 0x01C0, 0x01C0, 0x01C0, 0x01C0, 0x01C0, 0x01C0, 0x01C0, 0x01C0, 0x01C0, 0x3FC0, 0x3FC0, 0x0000, 0x0000, 0x0000, 0x0000,
0x0000, 0x0000, 0x0000, 0x0000, 0x0000, 0x0000, 0x0000, 0x0000, 0x0000, 0x0000, 0x0000, 0x0000, 0x0000, 0x0000, 0x0000, 0x0000, 0x0000, 0x7FFC, 0x7FFC, 0x0000, 0x0000, 0x0000, 0x0000, 0x0000, 0x0000, 0x0000, 0x0000, 0x0000, 0x0000, 0x0000, 0x0000, 0x0000, 0x0000, 0x0000, 0x0000, 0x0000,
0x0000, 0x0000, 0x0000, 0x0000, 0x0000, 0x0000, 0x0000, 0x0000, 0x0000, 0x0000, 0x0000, 0x0000, 0x0000, 0x0000, 0x0000, 0x0000, 0x0000, 0x0000, 0x0000, 0x0000, 0x0000, 0x0000, 0x0000, 0x0000, 0x0000, 0x0000, 0x0000, 0x0000, 0x0000, 0x0000, 0x0000, 0x0000, 0xFFFF, 0xFFFF, 0x0000, 0x0000,
0x0000, 0x0000, 0x0700, 0x0700, 0x0380, 0x0180, 0x01C0, 0x00E0, 0x0000, 0x0000, 0x0000, 0x0000, 0x0000, 0x0000, 0x0000, 0x0000, 0x0000, 0x0000, 0x0000, 0x0000, 0x0000, 0x0000, 0x0000, 0x0000, 0x0000, 0x0000, 0x0000, 0x0000, 0x0000, 0x0000, 0x0000, 0x0000, 0x0000, 0x0000, 0x0000, 0x0000,
0x0000, 0x0000, 0x0000, 0x0000, 0x0000, 0x0000, 0x0000, 0x0000, 0x0000, 0x0000, 0x0000, 0x0000, 0x1FF0, 0x3FF8, 0x003C, 0x001C, 0x001C, 0x001C, 0x001C, 0x001C, 0x0FFC, 0x3FFC, 0x781C, 0x701C, 0x701C, 0x701C, 0x701C, 0x701C, 0x783C, 0x3FEC, 0x1FCC, 0x0000, 0x0000, 0x0000, 0x0000, 0x0000,
0x0000, 0x0000, 0x0000, 0x0000, 0x0000, 0x3800, 0x3800, 0x3800, 0x3800, 0x3800, 0x3800, 0x3800, 0x3BF8, 0x3FFC, 0x3C1E, 0x380E, 0x380E, 0x380E, 0x380E, 0x380E, 0x380E, 0x380E, 0x380E, 0x380E, 0x380E, 0x380E, 0x380E, 0x380E, 0x3C1C, 0x3FFC, 0x3BF0, 0x0000, 0x0000, 0x0000, 0x0000, 0x0000,
0x0000, 0x0000, 0x0000, 0x0000, 0x0000, 0x0000, 0x0000, 0x0000, 0x0000, 0x0000, 0x0000, 0x0000, 0x03FC, 0x0FFC, 0x0E00, 0x1C00, 0x1C00, 0x1C00, 0x1C00, 0x1C00, 0x1C00, 0x1C00, 0x1C00, 0x1C00, 0x1C00, 0x1C00, 0x1C00, 0x1C00, 0x0E00, 0x0FFC, 0x03F8, 0x0000, 0x0000, 0x0000, 0x0000, 0x0000,
0x0000, 0x0000, 0x0000, 0x0000, 0x0000, 0x001C, 0x001C, 0x001C, 0x001C, 0x001C, 0x001C, 0x001C, 0x0FDC, 0x3FFC, 0x383C, 0x701C, 0x701C, 0x701C, 0x701C, 0x701C, 0x701C, 0x701C, 0x701C, 0x701C, 0x701C, 0x701C, 0x701C, 0x701C, 0x783C, 0x3FFC, 0x1FDC, 0x0000, 0x0000, 0x0000, 0x0000, 0x0000,
0x0000, 0x0000, 0x0000, 0x0000, 0x0000, 0x0000, 0x0000, 0x0000, 0x0000, 0x0000, 0x0000, 0x0000, 0x0FF0, 0x3FFC, 0x381C, 0x700E, 0x700E, 0x700E, 0x700E, 0x700E, 0x7FFE, 0x7FFE, 0x7000, 0x7000, 0x7000, 0x7000, 0x7000, 0x7000, 0x3800, 0x3FFC, 0x0FF8, 0x0000, 0x0000, 0x0000, 0x0000, 0x0000,
0x0000, 0x0000, 0x0000, 0x0000, 0x0020, 0x01F8, 0x03F8, 0x0380, 0x0380, 0x0380, 0x0380, 0x0380, 0x0380, 0x1FF8, 0x1FF8, 0x0380, 0x0380, 0x0380, 0x0380, 0x0380, 0x0380, 0x0380, 0x0380, 0x0380, 0x0380, 0x0380, 0x0380, 0x0380, 0x0380, 0x0380, 0x0380, 0x0000, 0x0000, 0x0000, 0x0000, 0x0000,
0x0000, 0x0000, 0x0000, 0x0000, 0x0000, 0x0000, 0x0000, 0x0000, 0x0000, 0x0000, 0x0000, 0x0000, 0x0FCC, 0x3FFC, 0x383C, 0x701C, 0x701C, 0x701C, 0x701C, 0x701C, 0x701C, 0x701C, 0x701C, 0x701C, 0x701C, 0x701C, 0x701C, 0x701C, 0x783C, 0x3FFC, 0x1FDC, 0x001C, 0x001C, 0x001C, 0x001C, 0x001C,
0x0000, 0x0000, 0x0000, 0x0000, 0x0000, 0x7000, 0x7000, 0x7000, 0x7000, 0x7000, 0x7000, 0x7000, 0x73F0, 0x7FF8, 0x701C, 0x701C, 0x701C, 0x701C, 0x701C, 0x701C, 0x701C, 0x701C, 0x701C, 0x701C, 0x701C, 0x701C, 0x701C, 0x701C, 0x701C, 0x701C, 0x701C, 0x0000, 0x0000, 0x0000, 0x0000, 0x0000,
0x0000, 0x0000, 0x0000, 0x0000, 0x0000, 0x0380, 0x0380, 0x0380, 0x0000, 0x0000, 0x0000, 0x0000, 0x0380, 0x0380, 0x0380, 0x0380, 0x0380, 0x0380, 0x0380, 0x0380, 0x0380, 0x0380, 0x0380, 0x0380, 0x0380, 0x0380, 0x0380, 0x0380, 0x0380, 0x0380, 0x0380, 0x0000, 0x0000, 0x0000, 0x0000, 0x0000,
0x0000, 0x0000, 0x0000, 0x0000, 0x0000, 0x01C0, 0x01C0, 0x01C0, 0x0000, 0x0000, 0x0000, 0x0000, 0x01C0, 0x01C0, 0x01C0, 0x01C0, 0x01C0, 0x01C0, 0x01C0, 0x01C0, 0x01C0, 0x01C0, 0x01C0, 0x01C0, 0x01C0, 0x01C0, 0x01C0, 0x01C0, 0x01C0, 0x01C0, 0x01C0, 0x01C0, 0x01C0, 0x01C0, 0x01C0, 0x01C0,
0x0000, 0x0000, 0x0000, 0x0000, 0x0000, 0x1C00, 0x1C00, 0x1C00, 0x1C00, 0x1C00, 0x1C00, 0x1C00, 0x1C0E, 0x1C1C, 0x1C38, 0x1C38, 0x1C70, 0x1CE0, 0x1CE0, 0x1DC0, 0x1FE0, 0x1FE0, 0x1EE0, 0x1E70, 0x1C70, 0x1C38, 0x1C38, 0x1C1C, 0x1C1C, 0x1C0E, 0x1C0E, 0x0000, 0x0000, 0x0000, 0x0000, 0x0000,
0x0000, 0x0000, 0x0000, 0x0000, 0x0000, 0x0380, 0x0380, 0x0380, 0x0380, 0x0380, 0x0380, 0x0380, 0x0380, 0x0380, 0x0380, 0x0380, 0x0380, 0x0380, 0x0380, 0x0380, 0x0380, 0x0380, 0x0380, 0x0380, 0x0380, 0x0380, 0x0380, 0x0380, 0x0380, 0x0380, 0x0380, 0x0000, 0x0000, 0x0000, 0x0000, 0x0000,
0x0000, 0x0000, 0x0000, 0x0000, 0x0000, 0x0000, 0x0000, 0x0000, 0x0000, 0x0000, 0x0000, 0x0000, 0x7E3F, 0xFF7F, 0x0381, 0x0381, 0x0381, 0x0381, 0x0381, 0x0381, 0x0381, 0x0381, 0x0381, 0x0381, 0x0381, 0x0381, 0x0381, 0x0381, 0x0381, 0x0381, 0x0381, 0x0000, 0x0000, 0x0000, 0x0000, 0x0000,
0x0000, 0x0000, 0x0000, 0x0000, 0x0000, 0x0000, 0x0000, 0x0000, 0x0000, 0x0000, 0x0000, 0x0000, 0x77F0, 0x7FF8, 0x701C, 0x701C, 0x701C, 0x701C, 0x701C, 0x701C, 0x701C, 0x701C, 0x701C, 0x701C, 0x701C, 0x701C, 0x701C, 0x701C, 0x701C, 0x701C, 0x701C, 0x0000, 0x0000, 0x0000, 0x0000, 0x0000,
0x0000, 0x0000, 0x0000, 0x0000, 0x0000, 0x0000, 0x0000, 0x0000, 0x0000, 0x0000, 0x0000, 0x0000, 0x0FF0, 0x3FFC, 0x381C, 0x700E, 0x700E, 0x700E, 0x700E, 0x700E, 0x700E, 0x700E, 0x700E, 0x700E, 0x700E, 0x700E, 0x700E, 0x700E, 0x381C, 0x3FFC, 0x0FF0, 0x0000, 0x0000, 0x0000, 0x0000, 0x0000,
0x0000, 0x0000, 0x0000, 0x0000, 0x0000, 0x0000, 0x0000, 0x0000, 0x0000, 0x0000, 0x0000, 0x0000, 0x3BF8, 0x3FFC, 0x3C1E, 0x380E, 0x380E, 0x380E, 0x380E, 0x380E, 0x380E, 0x380E, 0x380E, 0x380E, 0x380E, 0x380E, 0x380E, 0x380E, 0x3C1C, 0x3FFC, 0x3BF0, 0x3800, 0x3800, 0x3800, 0x3800, 0x3800,
0x0000, 0x0000, 0x0000, 0x0000, 0x0000, 0x0000, 0x0000, 0x0000, 0x0000, 0x0000, 0x0000, 0x0000, 0x0FDC, 0x3FFC, 0x383C, 0x701C, 0x701C, 0x701C, 0x701C, 0x701C, 0x701C, 0x701C, 0x701C, 0x701C, 0x701C, 0x701C, 0x701C, 0x701C, 0x783C, 0x3FFC, 0x1FDC, 0x001C, 0x001C, 0x001C, 0x001C, 0x001C,
0x0000, 0x0000, 0x0000, 0x0000, 0x0000, 0x0000, 0x0000, 0x0000, 0x0000, 0x0000, 0x0000, 0x0E7C, 0x0FFC, 0x0F00, 0x0E00, 0x0E00, 0x0E00, 0x0E00, 0x0E00, 0x0E00, 0x0E00, 0x0E00, 0x0E00, 0x0E00, 0x0E00, 0x0E00, 0x0E00, 0x0E00, 0x0E00, 0x0E00, 0x0000, 0x0000, 0x0000, 0x0000, 0x0000, 0x0000,
0x0000, 0x0000, 0x0000, 0x0000, 0x0000, 0x0000, 0x0000, 0x0000, 0x0000, 0x0000, 0x0000, 0x0000, 0x0FF0, 0x1FF0, 0x3C00, 0x3800, 0x3800, 0x3800, 0x3800, 0x3C00, 0x3FE0, 0x1FF0, 0x03F8, 0x0038, 0x0038, 0x0038, 0x0038, 0x0038, 0x0078, 0x3FF0, 0x1FE0, 0x0000, 0x0000, 0x0000, 0x0000, 0x0000,
0x0000, 0x0000, 0x0000, 0x0000, 0x0000, 0x0000, 0x0000, 0x0000, 0x0700, 0x0700, 0x0700, 0x0700, 0x0700, 0x3FF0, 0x3FF0, 0x0700, 0x0700, 0x0700, 0x0700, 0x0700, 0x0700, 0x0700, 0x0700, 0x0700, 0x0700, 0x0700, 0x0700, 0x0700, 0x0700, 0x03F8, 0x01F8, 0x0000, 0x0000, 0x0000, 0x0000, 0x0000,
0x0000, 0x0000, 0x0000, 0x0000, 0x0000, 0x0000, 0x0000, 0x0000, 0x0000, 0x0000, 0x0000, 0x0000, 0x701C, 0x701C, 0x701C, 0x701C, 0x701C, 0x701C, 0x701C, 0x701C, 0x701C, 0x701C, 0x701C, 0x701C, 0x701C, 0x701C, 0x701C, 0x701C, 0x701C, 0x3FFC, 0x1F9C, 0x0000, 0x0000, 0x0000, 0x0000, 0x0000,
0x0000, 0x0000, 0x0000, 0x0000, 0x0000, 0x0000, 0x0000, 0x0000, 0x0000, 0x0000, 0x0000, 0x0000, 0x600C, 0x700C, 0x701C, 0x701C, 0x3018, 0x3818, 0x3838, 0x1830, 0x1C30, 0x1C70, 0x1C70, 0x0C60, 0x0E60, 0x0EE0, 0x06C0, 0x06C0, 0x07C0, 0x07C0, 0x0380, 0x0000, 0x0000, 0x0000, 0x0000, 0x0000,
0x0000, 0x0000, 0x0000, 0x0000, 0x0000, 0x0000, 0x0000, 0x0000, 0x0000, 0x0000, 0x0000, 0x0000, 0x03C0, 0x03C0, 0x03C0, 0x07C0, 0x87E1, 0x86E1, 0x8661, 0x8661, 0x8E71, 0xCC73, 0xCC33, 0xCC33, 0xDC33, 0xDC3B, 0xF83F, 0xF81E, 0xF81E, 0x781E, 0x701E, 0x0000, 0x0000, 0x0000, 0x0000, 0x0000,
0x0000, 0x0000, 0x0000, 0x0000, 0x0000, 0x0000, 0x0000, 0x0000, 0x0000, 0x0000, 0x0000, 0x0000, 0x381C, 0x381C, 0x1C38, 0x0E38, 0x0E70, 0x0760, 0x07E0, 0x03C0, 0x03C0, 0x03C0, 0x03C0, 0x07E0, 0x0670, 0x0E70, 0x0C38, 0x1C38, 0x381C, 0x381C, 0x700E, 0x0000, 0x0000, 0x0000, 0x0000, 0x0000,
0x0000, 0x0000, 0x0000, 0x0000, 0x0000, 0x0000, 0x0000, 0x0000, 0x0000, 0x0000, 0x0000, 0x0000, 0x600C, 0x701C, 0x701C, 0x7018, 0x3818, 0x3838, 0x3838, 0x1830, 0x1C30, 0x1C70, 0x0C60, 0x0E60, 0x0E60, 0x06E0, 0x07C0, 0x07C0, 0x07C0, 0x03C0, 0x0380, 0x0380, 0x0380, 0x0300, 0x0700, 0x0700,
0x0000, 0x0000, 0x0000, 0x0000, 0x07F8, 0x07F8, 0x0700, 0x0700, 0x0700, 0x0700, 0x0700, 0x0700, 0x0700, 0x0700, 0x0700, 0x0E00, 0x0C00, 0x0E00, 0x0700, 0x0700, 0x0700, 0x0700, 0x0700, 0x0700, 0x0700, 0x0700, 0x0700, 0x0700, 0x0700, 0x0700, 0x07F8, 0x07F8, 0x0000, 0x0000, 0x0000, 0x0000,
0x0000, 0x0000, 0x0000, 0x0000, 0x0000, 0x0000, 0x0380, 0x0380, 0x0380, 0x0380, 0x0380, 0x0380, 0x0380, 0x0380, 0x0380, 0x0380, 0x0380, 0x0380, 0x0380, 0x0380, 0x0380, 0x0380, 0x0380, 0x0380, 0x0380, 0x0380, 0x0380, 0x0380, 0x0380, 0x0380, 0x0380, 0x0380, 0x0000, 0x0000, 0x0000, 0x0000,
0x0000, 0x0000, 0x0000, 0x0000, 0x3FC0, 0x3FC0, 0x01C0, 0x01C0, 0x01C0, 0x01C0, 0x01C0, 0x01C0, 0x01C0, 0x01C0, 0x01C0, 0x00E0, 0x0060, 0x00E0, 0x01E0, 0x01C0, 0x01C0, 0x01C0, 0x01C0, 0x01C0, 0x01C0, 0x01C0, 0x01C0, 0x01C0, 0x01C0, 0x01C0, 0x3FC0, 0x3FC0, 0x0000, 0x0000, 0x0000, 0x0000,
0x0000, 0x0000, 0x0000, 0x0000, 0x0000, 0x0000, 0x0000, 0x0000, 0x0000, 0x0000, 0x0000, 0x0000, 0x0000, 0x0000, 0x0000, 0x0000, 0x0000, 0xFFFF, 0xFFFF, 0x0000, 0x0000, 0x0000, 0x0000, 0x0000, 0x0000, 0x0000, 0x0000, 0x0000, 0x0000, 0x0000, 0x0000, 0x0000, 0x0000, 0x0000, 0x0000, 0x0000,
};